HIERARCHY
ROOT Pelvis
{
    OFFSET 0.000000 0.000000 0.000000
    CHANNELS 6 Xposition Yposition Zposition Zrotation Yrotation Xrotation
    JOINT Spine1(L5~L4)
    {
        OFFSET 0.000000 1.035090 -0.000046
        CHANNELS 3 Zrotation Yrotation Xrotation
        JOINT Spine2(L3~L1)
        {
            OFFSET 0.000000 1.146240 0.000051
            CHANNELS 3 Zrotation Yrotation Xrotation
            JOINT Thorax1(T12~T9)
            {
                OFFSET 0.000000 1.046466 -0.000043
                CHANNELS 3 Zrotation Yrotation Xrotation
                JOINT Thorax2(T8~T1)
                {
                    OFFSET 0.000000 1.045296 -0.000043
                    CHANNELS 3 Zrotation Yrotation Xrotation
                    JOINT Neck(C7~C1)
                    {
                        OFFSET 0.000000 1.463490 0.000000
                        CHANNELS 3 Zrotation Yrotation Xrotation
                        JOINT Head
                        {
                            OFFSET 0.000000 0.973062 0.000086
                            CHANNELS 3 Zrotation Yrotation Xrotation
                            End Site
                            {
                                OFFSET -0.000000 1.805411 0.106200
                            }
                        }
                    }
                    JOINT RightShoulder
                    {
                        OFFSET -0.317508 0.820128 0.000000
                        CHANNELS 3 Zrotation Yrotation Xrotation
                        JOINT RightUpperArm
                        {
                            OFFSET -1.475244 -0.000000 0.000000
                            CHANNELS 3 Zrotation Yrotation Xrotation
                            JOINT RightForearm
                            {
                                OFFSET 0.000002 -3.152141 0.000000
                                CHANNELS 3 Zrotation Yrotation Xrotation
                                JOINT RightHand
                                {
                                    OFFSET 0.000002 -2.577779 0.000000
                                    CHANNELS 3 Zrotation Yrotation Xrotation
                                    End Site
                                    {
                                        OFFSET 0.000000 -1.927547 0.000000
                                    }
                                }
                            }
                        }
                    }
                    JOINT LeftShoulder
                    {
                        OFFSET 0.317508 0.820128 0.000000
                        CHANNELS 3 Zrotation Yrotation Xrotation
                        JOINT LeftUpperArm
                        {
                            OFFSET 1.475244 -0.000000 0.000000
                            CHANNELS 3 Zrotation Yrotation Xrotation
                            JOINT LeftForearm
                            {
                                OFFSET 0.000002 -3.152141 0.000000
                                CHANNELS 3 Zrotation Yrotation Xrotation
                                JOINT LeftHand
                                {
                                    OFFSET 0.000002 -2.577779 0.000000
                                    CHANNELS 3 Zrotation Yrotation Xrotation
                                    End Site
                                    {
                                        OFFSET 0.000000 -1.927547 0.000000
                                    }
                                }
                            }
                        }
                    }
                }
            }
        }
    }
    JOINT RightUpperLeg
    {
        OFFSET -0.844200 -0.000000 0.000000
        CHANNELS 3 Zrotation Yrotation Xrotation
        JOINT RightLowerLeg
        {
            OFFSET 0.000003 -4.385015 0.000084
            CHANNELS 3 Zrotation Yrotation Xrotation
            JOINT RightFoot
            {
                OFFSET 0.000003 -4.285727 0.000138
                CHANNELS 3 Zrotation Yrotation Xrotation
                JOINT RightToe
                {
                    OFFSET 0.000000 -0.699338 1.584412
                    CHANNELS 3 Zrotation Yrotation Xrotation
                    End Site
                    {
                        OFFSET -0.000000 -0.166200 0.681375
                    }
                }
            }
        }
    }
    JOINT LeftUpperLeg
    {
        OFFSET 0.844200 -0.000000 0.000000
        CHANNELS 3 Zrotation Yrotation Xrotation
        JOINT LeftLowerLeg
        {
            OFFSET 0.000003 -4.385015 0.000084
            CHANNELS 3 Zrotation Yrotation Xrotation
            JOINT LeftFoot
            {
                OFFSET 0.000003 -4.285727 0.000138
                CHANNELS 3 Zrotation Yrotation Xrotation
                JOINT LeftToe
                {
                    OFFSET 0.000000 -0.699338 1.584412
                    CHANNELS 3 Zrotation Yrotation Xrotation
                    End Site
                    {
                        OFFSET -0.000000 -0.166200 0.681375
                    }
                }
            }
        }
    }
}
MOTION
Frames: 1070
Frame Time: 0.02
0.000000 9.517659 0.000000 16.093561 -88.316696 -22.677326 2.557204 -0.324229 9.313410 0.000000 0.000007 -12.161668 0.000001 0.000001 -0.005903 -0.000000 0.000002 5.829913 0.000003 0.000001 12.605158 -1.509624 -10.769058 -2.944591 -0.834226 1.443411 -2.858647 -4.889668 -8.665380 3.112465 12.084459 0.273976 -17.011528 0.706049 1.587728 1.597654 0.444366 -2.870086 -2.527113 7.002854 -2.455077 2.990558 0.548736 -5.270808 -6.641029 -5.912652 -12.478777 2.527015 3.586328 -18.645988 4.051720 -5.248322 -1.859922 10.867978 -2.506080 9.974350 -9.057430 -0.000002 0.000005 -0.000297 -2.912077 6.831957 5.902384 5.164438 -1.842347 10.433983 -1.118036 -11.373959 -9.132937 0.000009 0.000001 -0.000295
-0.001132 9.514445 0.014238 22.605209 -87.699814 -28.774727 1.898267 -0.705827 8.731530 -0.000004 0.000008 -12.161668 0.000002 -0.000007 -0.005906 0.000001 -0.000005 5.829918 -0.000001 0.000006 12.605160 -1.327404 -10.566334 -3.048034 -0.624256 1.609310 -2.673389 -4.631922 -9.105521 4.116696 11.713583 1.069939 -16.722046 -0.350026 -0.870877 1.645574 0.505431 -2.802692 -2.504189 7.036936 -1.942429 2.962112 -0.191600 -5.057666 -7.648067 -5.953481 -12.368582 2.473828 3.216421 -18.823774 4.053083 -5.211362 -1.893824 10.258754 -2.577753 9.601055 -9.472825 -0.000002 0.000001 -0.000286 -3.678047 5.447484 5.879128 5.173487 -1.480688 9.654926 -1.136312 -10.779008 -8.758755 0.000002 0.000004 -0.000295
-0.008477 9.516947 0.021317 24.366501 -87.269707 -30.657751 1.421035 -1.025304 8.779029 -0.000003 0.000009 -12.161667 0.000000 -0.000001 -0.005905 -0.000001 -0.000004 5.829916 0.000003 -0.000002 12.605159 -1.230071 -10.296229 -3.423235 -0.433548 1.740990 -2.516588 -4.382391 -8.816527 4.871877 11.142714 1.961583 -16.189751 -1.173156 -4.158548 1.866257 0.574679 -2.768888 -2.536924 6.961808 -1.603186 2.926071 -0.860456 -4.643834 -8.592978 -5.974625 -12.228321 2.437384 2.942403 -18.390667 4.648488 -5.222786 -1.851519 9.639304 -2.485770 8.782226 -9.732183 -0.000005 0.000001 -0.000296 -4.015660 5.047869 6.287605 5.096335 -1.908109 9.003014 -1.143849 -10.245671 -8.463846 0.000006 0.000006 -0.000295
-0.017918 9.519144 0.022506 23.827887 -87.183250 -30.362581 1.214254 -1.048335 9.006518 -0.000002 0.000008 -12.161664 0.000002 -0.000006 -0.005906 -0.000000 0.000003 5.829919 0.000003 -0.000002 12.605161 -1.174399 -10.059668 -3.894877 -0.250856 1.761417 -2.393692 -4.081774 -8.185458 5.399412 10.344070 2.598876 -15.447465 -1.615951 -7.568117 2.373894 0.637661 -2.801740 -2.567061 6.780483 -1.600568 2.792930 -1.382209 -4.119235 -9.396641 -5.945235 -12.040166 2.423878 2.959682 -17.211132 5.302079 -5.218194 -2.048457 9.213561 -2.347668 7.710041 -9.928380 0.000007 -0.000002 -0.000286 -3.985164 5.527596 6.689787 4.997903 -2.901436 8.499111 -1.148533 -9.778915 -8.240438 -0.000003 0.000005 -0.000295
-0.024004 9.519106 0.025043 20.678627 -87.218285 -27.222918 1.231331 -0.972724 9.002355 0.000001 0.000004 -12.161665 0.000001 0.000006 -0.005907 0.000001 0.000000 5.829917 0.000000 -0.000007 12.605159 -1.162395 -9.886736 -4.292547 -0.110265 1.696174 -2.282609 -3.741962 -7.618678 5.773975 9.301228 3.360900 -14.469169 -1.674318 -11.085000 3.148525 0.681570 -2.876346 -2.549260 6.488562 -1.841033 2.533628 -1.719407 -3.693321 -10.029840 -5.854901 -11.864553 2.421594 3.143735 -15.970335 5.556244 -5.122778 -2.331299 8.997186 -2.219843 6.731359 -9.970645 0.000003 0.000007 -0.000290 -3.797227 5.999363 6.772592 4.893404 -3.787334 8.162132 -1.140215 -9.387487 -8.069370 -0.000004 0.000005 -0.000292
-0.025288 9.518703 0.034999 15.971882 -87.115814 -22.350508 1.340766 -1.055095 8.805523 -0.000002 0.000004 -12.161665 0.000002 -0.000001 -0.005905 0.000000 0.000007 5.829916 0.000000 -0.000008 12.605158 -1.228035 -9.733818 -4.549901 -0.053924 1.586929 -2.195616 -3.428446 -7.308680 6.090034 8.183663 4.636480 -13.590216 -1.573669 -14.821420 4.491486 0.686971 -2.937452 -2.482089 6.087893 -2.086627 2.171067 -1.873021 -3.549557 -10.498948 -5.737348 -11.778551 2.434041 3.358721 -15.207756 5.364570 -5.062961 -2.733157 9.024441 -2.132551 6.211323 -9.943874 0.000010 0.000002 -0.000289 -3.724085 5.925365 6.671027 4.858354 -4.194769 7.942013 -1.099339 -9.072244 -7.940830 -0.000001 0.000000 -0.000293
-0.024162 9.521242 0.049797 12.076599 -86.951424 -18.276154 1.471824 -1.219435 8.650414 -0.000001 0.000012 -12.161667 -0.000000 -0.000008 -0.005905 0.000003 0.000008 5.829919 0.000001 -0.000002 12.605161 -1.353124 -9.560287 -4.744886 -0.061725 1.485124 -2.206495 -3.305326 -7.437795 6.341395 7.134634 6.605569 -12.774107 -1.825784 -21.397810 6.225529 0.670858 -2.984126 -2.421785 5.625298 -2.167025 1.762674 -1.932643 -3.715309 -10.884696 -5.656872 -11.792670 2.476575 3.316002 -15.243255 5.169024 -4.881555 -2.833470 9.040829 -2.073850 6.162286 -9.905345 -0.000004 0.000004 -0.000290 -3.774723 5.497863 6.557546 4.877214 -4.185828 7.818552 -1.014867 -8.845461 -7.884936 0.000000 0.000006 -0.000293
-0.024354 9.523650 0.061409 9.203293 -86.990067 -15.267804 1.661292 -1.226354 8.559891 -0.000001 0.000003 -12.161668 0.000002 -0.000004 -0.005906 0.000000 0.000001 5.829915 0.000003 -0.000001 12.605161 -1.518700 -9.347157 -4.872005 -0.125470 1.372015 -2.206421 -3.553488 -8.148600 6.365568 6.375413 9.459171 -11.904786 -3.038981 -26.058758 7.323676 0.655406 -3.035245 -2.331919 5.149685 -2.098244 1.381200 -1.999065 -4.065579 -11.285071 -5.643845 -11.907938 2.532133 3.497494 -15.673626 5.250774 -4.972112 -2.856680 8.741004 -2.072477 6.587732 -9.886580 0.000004 -0.000008 -0.000287 -3.816200 5.141623 6.482180 4.904204 -4.057005 7.715661 -0.926082 -8.581461 -7.861611 0.000002 0.000002 -0.000302
-0.025294 9.524320 0.069278 7.705052 -87.181587 -13.719825 1.819727 -1.118543 8.599820 -0.000002 0.000005 -12.161668 0.000003 -0.000005 -0.005908 -0.000003 -0.000001 5.829916 0.000004 -0.000004 12.605157 -1.672634 -9.101040 -4.986321 -0.186006 1.260251 -2.214473 -4.036976 -9.022462 6.231542 5.798890 12.756247 -11.146803 -3.910656 -26.846731 7.242532 0.646050 -3.096372 -2.231090 4.712068 -2.022614 1.056410 -2.144168 -4.420828 -11.753440 -5.667947 -12.042422 2.572354 3.697867 -16.018711 5.266788 -5.149835 -2.771722 8.579615 -2.071673 6.999710 -9.902960 -0.000003 0.000013 -0.000288 -3.869033 5.087287 6.518214 4.939673 -4.075869 7.580768 -0.838151 -8.286115 -7.869938 0.000006 0.000003 -0.000296
-0.025624 9.522673 0.076544 8.299449 -87.399620 -14.282003 1.860852 -1.033148 8.707856 -0.000003 -0.000000 -12.161665 0.000002 0.000004 -0.005905 0.000001 -0.000001 5.829915 0.000001 -0.000003 12.605158 -1.776920 -8.811287 -5.102156 -0.219452 1.192965 -2.220567 -4.477648 -8.994490 5.908642 5.232394 15.365307 -10.644083 -3.836893 -24.887032 6.077676 0.630665 -3.124828 -2.159807 4.376069 -2.101674 0.821775 -2.410756 -4.684610 -12.297151 -5.687872 -12.094562 2.581345 3.638309 -16.166471 5.231347 -5.164804 -2.785081 8.548456 -2.063247 7.395581 -9.943390 0.000002 0.000012 -0.000296 -3.980287 5.190332 6.578735 4.958543 -4.189283 7.448246 -0.754896 -8.003584 -7.913597 0.000000 0.000004 -0.000300
-0.025576 9.520536 0.086178 10.962090 -87.390755 -16.981649 1.716741 -1.223456 8.896838 -0.000000 0.000004 -12.161666 -0.000001 -0.000000 -0.005905 0.000002 -0.000002 5.829917 0.000001 -0.000004 12.605155 -1.836572 -8.464057 -5.204206 -0.184237 1.203289 -2.192583 -4.892307 -7.900059 5.506350 4.631881 17.117519 -10.508618 -2.914510 -22.637859 4.754787 0.593702 -3.116677 -2.102740 4.202732 -2.404686 0.660551 -2.792531 -4.848803 -12.891494 -5.713340 -12.080256 2.572257 3.440492 -16.142269 5.248473 -5.166791 -3.145015 8.553268 -2.057115 7.769594 -9.998739 -0.000001 0.000008 -0.000297 -4.180825 5.032112 6.697702 4.926760 -4.227768 7.366981 -0.723269 -7.723017 -7.997847 0.000003 0.000004 -0.000299
-0.025574 9.517668 0.094695 13.600038 -87.348190 -19.666056 1.537264 -1.492752 9.100387 -0.000002 -0.000007 -12.161670 0.000003 -0.000000 -0.005900 -0.000000 -0.000003 5.829916 0.000001 -0.000005 12.605158 -1.891388 -8.074043 -5.304769 -0.123741 1.254415 -2.165098 -5.327255 -6.452720 5.140140 3.958226 18.755804 -10.728134 -1.692809 -22.142696 4.093592 0.528076 -3.066152 -2.054894 4.202075 -2.898472 0.528969 -3.241800 -5.013846 -13.478046 -5.770700 -12.084399 2.560797 3.286212 -15.848607 5.314734 -5.191286 -3.786784 8.529147 -2.051158 8.122993 -10.068476 0.000005 0.000003 -0.000283 -4.406839 4.694678 6.797275 4.894692 -4.135368 7.368631 -0.706369 -7.426670 -8.130066 -0.000001 0.000007 -0.000298
-0.025990 9.514057 0.099775 14.483905 -87.462097 -20.556824 1.503173 -1.637707 9.252536 -0.000003 0.000005 -12.161669 0.000002 -0.000004 -0.005906 0.000001 0.000007 5.829915 0.000001 -0.000005 12.605156 -1.998906 -7.708980 -5.352366 -0.078092 1.302212 -2.159878 -5.827742 -5.346015 4.772101 3.721561 19.476332 -10.674864 -0.121252 -21.841526 3.657851 0.442637 -3.004667 -2.019711 4.301946 -3.441986 0.411042 -3.669683 -5.336627 -13.982844 -5.866362 -12.143511 2.564759 3.295751 -15.303753 5.375587 -5.223964 -4.538308 8.480611 -2.033536 8.452997 -10.129003 0.000001 -0.000000 -0.000293 -4.513877 4.456825 6.808817 4.869017 -4.047423 7.448010 -0.682442 -7.113761 -8.285256 -0.000002 0.000002 -0.000288
-0.027448 9.510530 0.104927 14.544072 -87.532166 -20.593332 1.512842 -1.812075 9.367980 -0.000003 0.000004 -12.161666 0.000002 -0.000006 -0.005907 0.000000 0.000001 5.829916 0.000004 -0.000001 12.605159 -2.141987 -7.406135 -5.312930 -0.046567 1.348798 -2.189574 -6.385400 -4.878093 4.385972 3.913721 19.562229 -10.294032 1.808179 -21.709440 3.504446 0.365150 -2.957498 -2.006560 4.405884 -3.901245 0.298564 -3.981018 -5.865467 -14.342580 -5.982661 -12.265616 2.591061 3.274177 -14.918103 5.385485 -5.207710 -5.155097 8.454775 -2.007694 8.759120 -10.188117 0.000009 0.000009 -0.000287 -4.604634 4.185982 6.753068 4.855676 -3.970420 7.612397 -0.646709 -6.825176 -8.475201 -0.000001 -0.000000 -0.000293
-0.030399 9.508043 0.109518 13.752963 -87.617149 -19.785681 1.575074 -1.931711 9.508211 -0.000001 0.000001 -12.161667 -0.000000 0.000001 -0.005902 0.000001 -0.000001 5.829915 0.000001 -0.000001 12.605153 -2.294041 -7.187978 -5.228613 -0.041567 1.373206 -2.235534 -6.919975 -4.887232 4.033079 4.147669 19.579094 -9.908230 3.539554 -21.402433 3.515740 0.315054 -2.940527 -2.031840 4.460260 -4.257866 0.209272 -4.153223 -6.502652 -14.525721 -6.070709 -12.419488 2.633076 3.194221 -14.928451 5.393566 -5.134417 -5.346003 8.427954 -1.976687 9.047152 -10.216467 0.000001 0.000005 -0.000299 -4.649122 4.037558 6.668929 4.867318 -3.928779 7.852295 -0.599129 -6.631058 -8.700649 -0.000009 0.000007 -0.000294
-0.034243 9.506639 0.112884 11.994862 -87.753799 -17.998522 1.689885 -1.968131 9.661430 -0.000002 -0.000002 -12.161666 0.000001 -0.000004 -0.005907 0.000000 -0.000006 5.829916 -0.000000 -0.000005 12.605159 -2.427868 -7.035632 -5.147273 -0.055075 1.391807 -2.283753 -7.352898 -5.083104 3.771756 4.218609 19.581585 -9.688657 5.114879 -21.298866 3.718875 0.300048 -2.945811 -2.100740 4.457371 -4.580006 0.160019 -4.213475 -7.071701 -14.531911 -6.104557 -12.533319 2.687061 3.197839 -15.054087 5.401587 -5.099610 -5.367182 8.371414 -1.940236 9.316974 -10.216516 0.000007 0.000002 -0.000286 -4.621650 4.057559 6.532090 4.893105 -3.892685 8.161099 -0.527984 -6.573280 -8.931782 -0.000004 -0.000000 -0.000293
-0.038009 9.504890 0.115455 10.235164 -87.904358 -16.107922 1.809093 -1.949993 9.756998 -0.000004 0.000005 -12.161666 0.000001 -0.000007 -0.005905 0.000000 0.000004 5.829916 0.000002 -0.000006 12.605158 -2.540805 -6.926781 -5.108290 -0.078472 1.432197 -2.361135 -7.648520 -5.197596 3.604965 4.113944 19.510839 -9.630929 6.232943 -21.045010 3.825780 0.300070 -2.967787 -2.215242 4.414111 -4.936220 0.149777 -4.193593 -7.431973 -14.397296 -6.110425 -12.582683 2.737271 3.273443 -15.147325 5.320470 -5.106589 -5.381570 8.291358 -1.897754 9.567908 -10.188861 -0.000005 0.000011 -0.000301 -4.571844 4.159845 6.266329 4.892939 -3.949589 8.487370 -0.439109 -6.501081 -9.133529 0.000005 0.000003 -0.000290
-0.042160 9.502593 0.118556 9.432663 -88.034470 -15.106039 1.891147 -1.903876 9.812036 -0.000001 0.000005 -12.161667 0.000001 -0.000007 -0.005903 -0.000002 -0.000005 5.829914 0.000005 -0.000004 12.605160 -2.626831 -6.853727 -5.116030 -0.099138 1.483739 -2.446068 -7.861196 -5.200315 3.485829 3.891429 19.327181 -9.686759 7.265846 -20.891233 3.947985 0.302971 -3.000692 -2.337357 4.353598 -5.332697 0.171872 -4.125157 -7.586723 -14.187175 -6.120303 -12.586936 2.781594 3.302171 -15.189523 5.176778 -5.087451 -5.425752 8.217020 -1.831485 9.798767 -10.157048 -0.000002 0.000003 -0.000294 -4.584870 4.238417 5.958726 4.905324 -4.006513 8.783085 -0.352571 -6.416091 -9.321568 0.000001 0.000004 -0.000294
-0.048110 9.500022 0.123035 10.497197 -88.129669 -15.984960 1.899470 -1.887189 9.898529 -0.000004 0.000010 -12.161669 0.000004 -0.000001 -0.005905 -0.000001 0.000002 5.829917 -0.000000 -0.000006 12.605155 -2.686553 -6.772551 -5.165911 -0.108201 1.553635 -2.494492 -8.054518 -5.190130 3.348980 3.727583 19.071482 -9.792698 8.111346 -20.778454 4.114440 0.302204 -2.994336 -2.433983 4.302973 -5.710394 0.204938 -4.024384 -7.641175 -13.947546 -6.149784 -12.580269 2.819623 3.233096 -15.256250 5.063666 -5.043325 -5.440605 8.136199 -1.727510 10.005952 -10.126144 0.000009 0.000001 -0.000282 -4.655900 4.288695 5.723260 4.907555 -4.062211 9.018200 -0.287508 -6.318527 -9.510325 -0.000007 0.000005 -0.000291
-0.057061 9.497816 0.127699 12.941463 -88.260658 -18.327316 1.868657 -1.855318 10.084970 -0.000001 0.000004 -12.161667 0.000002 -0.000000 -0.005904 -0.000000 0.000004 5.829912 0.000004 -0.000005 12.605158 -2.703084 -6.659557 -5.236845 -0.108295 1.650717 -2.532188 -8.263408 -5.254060 3.224956 3.662772 18.820967 -9.940142 8.766796 -20.705067 4.325791 0.291750 -2.934378 -2.511861 4.278234 -5.975660 0.260967 -3.907949 -7.709908 -13.701437 -6.164699 -12.587085 2.847356 3.088948 -15.366234 5.062283 -4.973599 -5.312667 8.049323 -1.637031 10.155069 -10.131880 -0.000006 0.000008 -0.000291 -4.731520 4.320229 5.619657 4.889441 -4.058641 9.202285 -0.254942 -6.207394 -9.697229 -0.000003 0.000008 -0.000291
-0.069094 9.495835 0.132221 16.449455 -88.422935 -21.772497 1.825571 -1.820210 10.313110 0.000000 0.000003 -12.161669 -0.000000 -0.000006 -0.005906 0.000002 0.000006 5.829914 -0.000001 -0.000005 12.605158 -2.693918 -6.517236 -5.305528 -0.104080 1.768082 -2.529387 -8.494605 -5.411360 3.099630 3.705523 18.594816 -10.131199 9.231000 -20.672260 4.581348 0.263957 -2.826860 -2.570681 4.282672 -6.065411 0.352454 -3.793478 -7.819897 -13.449032 -6.157614 -12.603544 2.862325 2.939011 -15.458827 5.099936 -4.908702 -5.108116 7.979724 -1.560410 10.246161 -10.176138 0.000003 -0.000001 -0.000293 -4.808602 4.337156 5.625371 4.868999 -4.005959 9.311065 -0.248608 -6.086354 -9.878832 -0.000006 -0.000000 -0.000291
-0.083650 9.493658 0.137948 20.863972 -88.537804 -26.067123 1.760584 -1.830982 10.495558 -0.000002 0.000004 -12.161666 0.000001 -0.000001 -0.005903 0.000002 -0.000002 5.829916 -0.000001 -0.000005 12.605159 -2.667145 -6.374124 -5.381319 -0.101454 1.887751 -2.520229 -8.724253 -5.621910 2.977915 3.841674 18.351423 -10.351748 9.503322 -20.679920 4.879772 0.229646 -2.704240 -2.625051 4.291460 -5.981616 0.484417 -3.684505 -7.903881 -13.182115 -6.135222 -12.614201 2.869480 2.734999 -15.553239 5.104082 -4.797081 -4.949284 7.891244 -1.442768 10.351028 -10.211413 0.000006 -0.000006 -0.000292 -4.913592 4.299379 5.639508 4.853766 -3.945940 9.351642 -0.252013 -5.951484 -10.057250 0.000001 -0.000002 -0.000293
-0.100015 9.491526 0.145153 25.742662 -88.607033 -30.731518 1.676580 -1.888447 10.610912 -0.000001 -0.000002 -12.161668 0.000003 0.000003 -0.005902 -0.000001 -0.000007 5.829913 0.000003 0.000000 12.605160 -2.632763 -6.228428 -5.477765 -0.106052 2.008065 -2.513122 -8.928785 -5.810951 2.831565 4.009436 18.191286 -10.567595 9.807831 -20.678934 5.102252 0.202224 -2.572184 -2.692082 4.282260 -5.770861 0.673863 -3.562432 -7.877428 -12.908924 -6.099758 -12.610699 2.873311 2.440984 -15.736603 5.056349 -4.592492 -4.743522 7.770948 -1.269500 10.470510 -10.242859 0.000002 0.000006 -0.000286 -5.037834 4.188933 5.581256 4.835899 -3.866393 9.369802 -0.283306 -5.799808 -10.251402 0.000000 -0.000000 -0.000294
-0.117172 9.488492 0.152244 30.675486 -88.728355 -35.274921 1.632817 -1.923709 10.581397 -0.000001 -0.000001 -12.161669 0.000001 0.000003 -0.005904 0.000002 -0.000005 5.829915 -0.000001 0.000003 12.605158 -2.607486 -6.065729 -5.590584 -0.119135 2.152267 -2.529511 -9.099009 -5.919329 2.667146 4.175936 18.092758 -10.756738 10.011829 -20.625547 5.307161 0.198639 -2.409253 -2.765715 4.232121 -5.490088 0.912118 -3.416176 -7.720413 -12.622922 -6.044432 -12.560582 2.878894 2.237547 -15.990575 4.855415 -4.400774 -4.409495 7.647948 -1.073710 10.584059 -10.338782 0.000006 0.000007 -0.000294 -5.125206 4.155090 5.347966 4.818579 -3.845775 9.375257 -0.386415 -5.620811 -10.498821 0.000000 0.000001 -0.000296
-0.136112 9.484610 0.159313 35.822960 -88.894295 -39.931561 1.648347 -1.915219 10.466083 -0.000001 0.000001 -12.161664 0.000001 -0.000006 -0.005905 0.000003 0.000009 5.829914 -0.000001 -0.000006 12.605158 -2.597573 -5.925901 -5.716786 -0.146191 2.313805 -2.531403 -9.241688 -5.961354 2.491819 4.326631 17.996151 -10.950445 10.197971 -20.587046 5.507642 0.204974 -2.229442 -2.809854 4.128666 -5.212290 1.162407 -3.226783 -7.443486 -12.321620 -5.971227 -12.449731 2.896287 2.139556 -16.220453 4.632118 -4.238575 -4.064216 7.465665 -0.843909 10.689978 -10.477682 0.000001 0.000006 -0.000292 -5.173639 4.213975 4.992667 4.809916 -3.906971 9.388902 -0.592818 -5.402798 -10.908913 0.000002 -0.000000 -0.000289
-0.159810 9.481374 0.168039 40.874306 -88.973778 -44.644829 1.635657 -1.928962 10.495570 0.000001 -0.000004 -12.161668 0.000002 0.000000 -0.005901 0.000000 0.000003 5.829913 0.000004 -0.000008 12.605160 -2.610539 -5.847603 -5.846518 -0.167754 2.446051 -2.438578 -9.402485 -5.998759 2.275890 4.520589 17.666864 -11.125721 10.662657 -20.593683 5.580386 0.214520 -2.070933 -2.746026 3.999927 -4.961307 1.354911 -3.007139 -7.095346 -12.023089 -5.884902 -12.325856 2.918658 1.957153 -16.457466 4.651133 -4.065274 -3.788880 7.233958 -0.533153 10.780540 -10.679434 0.000001 0.000003 -0.000294 -5.252293 4.221413 4.740643 4.821602 -4.048032 9.573868 -0.828565 -5.065342 -11.684352 0.000006 0.000002 -0.000294
-0.188468 9.478469 0.176932 45.804070 -89.054359 -49.494480 1.655641 -1.807623 10.833759 -0.000001 0.000004 -12.161666 -0.000002 -0.000001 -0.005903 0.000000 0.000005 5.829914 0.000006 -0.000005 12.605159 -2.657243 -5.953593 -6.033009 -0.184508 2.465043 -2.331231 -9.565454 -6.036460 2.071496 4.722331 17.107918 -11.315428 11.508651 -20.895119 5.391229 0.214037 -2.030657 -2.584536 3.897583 -4.730564 1.455589 -2.824567 -6.727840 -11.756593 -5.738459 -12.227120 2.891892 1.714829 -16.710848 4.924752 -3.902932 -3.500898 7.044039 -0.165876 10.860470 -10.961161 0.000003 0.000006 -0.000302 -5.280891 4.232973 4.655601 4.801561 -4.290017 10.044772 -0.934683 -4.584029 -12.990704 -0.000005 0.000006 -0.000293
-0.219616 9.474054 0.184872 52.981598 -89.244370 -56.743294 1.779734 -1.570583 11.443258 -0.000003 -0.000002 -12.161669 0.000001 -0.000000 -0.005903 0.000000 0.000001 5.829916 0.000001 -0.000005 12.605158 -2.779757 -6.175730 -6.323428 -0.240634 2.487453 -2.289603 -9.628258 -5.954045 1.903352 4.903223 16.025454 -11.451207 12.493973 -21.213398 5.019329 0.188028 -1.973788 -2.423225 3.872960 -4.573063 1.494487 -2.766369 -6.359831 -11.518476 -5.486338 -12.122834 2.756010 1.551829 -16.896467 5.259121 -3.797472 -3.191160 6.969266 0.146558 10.945726 -11.251813 -0.000001 0.000011 -0.000297 -5.244699 4.372488 4.572596 4.792980 -4.677445 10.847982 -0.889513 -3.929492 -14.600132 0.000006 0.000003 -0.000297
-0.252093 9.466993 0.192490 72.799355 -89.532700 -76.650345 1.964699 -1.280927 12.153674 -0.000001 0.000000 -12.161666 0.000001 -0.000002 -0.005906 -0.000001 0.000002 5.829916 0.000002 -0.000002 12.605158 -2.967784 -6.390130 -6.643915 -0.279584 2.587810 -2.245525 -9.556241 -5.719348 1.765747 4.987230 14.622884 -11.565783 13.300162 -21.504356 4.613201 0.152638 -1.836462 -2.275392 4.007132 -4.513498 1.492298 -2.927668 -5.945039 -11.256970 -5.136616 -11.960835 2.488639 1.497423 -16.919508 5.491967 -3.787146 -2.834074 7.252757 0.448397 10.949521 -11.759857 -0.000004 -0.000004 -0.000296 -5.206665 4.558586 4.422440 4.865197 -4.905700 11.738814 -0.780180 -3.420530 -15.951385 -0.000003 0.000009 -0.000287
-0.286007 9.458150 0.200520 128.695877 -89.655083 -132.631866 2.144530 -0.961397 12.912141 -0.000003 0.000004 -12.161667 0.000003 -0.000006 -0.005905 0.000001 0.000002 5.829915 -0.000001 -0.000007 12.605160 -3.189672 -6.586477 -6.948302 -0.297577 2.686115 -2.288535 -9.451743 -5.573980 1.746238 4.952296 13.467886 -11.656856 13.795081 -21.800533 4.194368 0.132656 -1.696245 -2.076392 4.253705 -4.614382 1.288656 -3.287665 -5.408872 -10.827325 -4.774579 -11.701351 2.088766 1.498495 -16.912476 5.503344 -3.884673 -2.364772 7.981890 0.738615 10.876518 -12.486120 -0.000001 -0.000000 -0.000288 -5.094742 4.765802 4.274011 4.889982 -5.026886 12.639930 -0.690922 -3.080010 -17.054977 -0.000005 0.000007 -0.000295
-0.322305 9.449059 0.209152 165.998016 -89.500328 -170.081116 2.293520 -0.671004 13.780608 -0.000000 0.000001 -12.161669 0.000003 -0.000006 -0.005904 0.000001 0.000002 5.829914 -0.000001 -0.000006 12.605162 -3.404452 -6.809674 -7.214147 -0.302183 2.722008 -2.389370 -9.375405 -5.535220 1.786459 4.934895 12.498334 -11.666902 13.824893 -22.026758 3.748200 0.116700 -1.656967 -1.766517 4.518913 -4.760305 0.991968 -3.611624 -4.726604 -10.569534 -4.806954 -11.681781 1.869404 1.524014 -17.134438 5.214264 -4.193870 -2.012870 9.463296 0.973427 11.114365 -13.614177 -0.000002 0.000003 -0.000289 -4.950957 5.023088 4.192790 4.871659 -5.178971 13.551594 -0.655535 -2.867674 -18.087923 -0.000005 0.000003 -0.000295
-0.362095 9.439774 0.215588 -173.112350 -89.254280 168.795990 2.500078 -0.281841 14.643038 -0.000001 -0.000002 -12.161670 0.000002 -0.000006 -0.005904 0.000001 0.000004 5.829916 0.000002 -0.000002 12.605162 -3.532547 -7.102122 -7.322491 -0.262656 2.537110 -2.442869 -9.238423 -5.243570 1.886840 4.849271 11.458516 -11.606644 13.431015 -22.412287 3.275597 0.108148 -1.844973 -1.355856 4.741804 -4.547987 0.747605 -3.909156 -3.948611 -10.500111 -4.973470 -12.116758 1.786338 1.721537 -17.491938 4.581789 -4.780432 -1.794198 11.747982 1.087002 11.651949 -15.039680 -0.000005 -0.000003 -0.000291 -4.718162 5.242656 4.239648 4.847004 -5.203705 14.442012 -0.651934 -2.765541 -19.121483 -0.000001 0.000003 -0.000298
-0.401249 9.432608 0.223150 -162.346054 -88.915375 157.594437 2.701083 0.091659 15.641586 -0.000003 0.000003 -12.161662 0.000003 -0.000006 -0.005907 -0.000001 -0.000004 5.829916 0.000002 0.000003 12.605161 -3.528276 -7.281061 -7.397770 -0.220191 2.226331 -2.396656 -8.964128 -4.857528 2.024018 4.665169 10.562550 -11.526929 12.835952 -23.043415 2.739387 0.200523 -2.028221 -0.913062 4.883964 -4.058101 0.469661 -4.462311 -3.229228 -10.461480 -4.567359 -12.138971 1.477120 2.047573 -17.680689 3.669322 -5.634416 -1.608782 15.020885 1.192526 12.131004 -16.618809 0.000003 0.000012 -0.000291 -4.464862 5.446603 4.630526 4.839810 -5.095976 15.080336 -0.708505 -2.793844 -20.062550 0.000001 -0.000006 -0.000300
-0.446648 9.417134 0.228576 -163.152847 -88.636856 157.821671 2.624712 0.065233 16.975050 -0.000001 0.000003 -12.161667 -0.000001 -0.000009 -0.005905 0.000003 -0.000001 5.829913 -0.000000 0.000005 12.605162 -3.369584 -6.998864 -7.785973 -0.214192 2.262494 -2.476436 -8.642382 -4.892429 2.309164 4.471567 10.210030 -11.515900 12.350325 -23.911549 2.033836 0.403413 -1.840897 -0.573615 5.042837 -3.378368 0.110999 -5.238718 -2.996186 -11.156320 -3.830133 -12.076417 1.196145 2.278354 -17.369770 2.303563 -6.709890 -1.773817 19.450054 1.314957 12.568770 -18.322857 -0.000006 0.000005 -0.000291 -4.347226 5.623207 5.358636 4.781880 -5.208278 15.400433 -0.775234 -2.593920 -20.750704 0.000007 -0.000001 -0.000297
-0.490419 9.393296 0.237909 -173.653976 -88.603523 167.662521 2.173019 -0.163509 18.410439 -0.000003 0.000000 -12.161664 0.000003 0.000002 -0.005906 0.000001 -0.000003 5.829916 0.000001 -0.000004 12.605160 -2.966065 -6.559579 -8.298954 -0.274893 2.339028 -2.386322 -8.293428 -5.287237 2.688328 4.311219 10.289029 -11.660266 12.231469 -25.225840 1.066763 0.621702 -1.562988 -0.186072 5.334225 -2.439991 -0.166642 -6.322627 -3.289855 -13.152294 -3.119791 -12.794252 0.730989 2.351948 -16.270044 0.418344 -8.092121 -2.835202 24.466703 1.502755 13.113879 -19.528419 0.000006 0.000004 -0.000294 -4.569852 5.328418 6.233536 4.613210 -5.385140 15.616256 -0.924100 -2.038694 -21.413792 0.000001 0.000004 -0.000295
-0.536039 9.363568 0.250326 163.083801 -88.689102 -169.994400 1.382600 -0.550663 20.072487 -0.000002 0.000002 -12.161663 0.000002 0.000004 -0.005904 0.000002 -0.000006 5.829913 0.000000 0.000000 12.605162 -2.466585 -6.011586 -8.792408 -0.312035 2.347091 -2.021465 -8.053828 -5.755911 3.091681 4.222553 10.549766 -11.960394 12.636371 -27.164602 -0.378024 0.766127 -1.170230 0.195157 6.034150 -1.436578 -0.500379 -8.407155 -3.803665 -16.547737 -2.677820 -13.287247 0.102869 2.070140 -14.852879 -1.350157 -9.725583 -4.322608 29.659636 2.384638 13.682673 -19.698326 -0.000002 0.000007 -0.000290 -5.156636 4.757970 7.406583 4.457059 -5.487666 15.758483 -1.121185 -1.434552 -22.018200 -0.000000 0.000008 -0.000292
-0.585916 9.329972 0.262244 131.094711 -88.477097 -139.016037 0.340634 -0.902523 21.959442 -0.000001 0.000004 -12.161668 0.000000 -0.000006 -0.005903 0.000002 0.000003 5.829916 0.000001 -0.000002 12.605159 -2.048873 -5.434714 -9.516940 -0.165128 2.303030 -1.519418 -8.044399 -6.328051 3.481937 4.167570 10.923036 -12.386493 13.972519 -29.830162 -2.351115 0.732771 -0.646746 0.248097 7.362109 -0.481319 -1.000711 -11.359450 -5.316513 -21.252361 -2.109703 -13.501984 -1.091287 1.380591 -14.445749 -2.740525 -11.371160 -4.856813 34.406872 3.608678 14.080706 -19.465918 0.000001 0.000005 -0.000289 -5.963381 4.360470 8.697610 4.341421 -5.613173 15.848276 -1.315956 -1.017380 -22.550303 -0.000001 0.000010 -0.000292
-0.637679 9.293895 0.273984 102.185852 -87.971169 -110.602615 -0.827537 -1.367446 23.532873 -0.000000 0.000001 -12.161668 -0.000000 0.000001 -0.005903 0.000001 -0.000006 5.829913 0.000002 -0.000002 12.605163 -1.669471 -4.891342 -10.535138 0.118748 2.464351 -0.994970 -8.069161 -7.344464 4.094299 3.985579 11.446233 -13.096476 15.626300 -32.571430 -3.870894 0.623372 -0.091721 0.027318 8.795362 -0.248801 -2.059680 -14.048209 -7.385178 -27.107300 -1.068922 -14.087464 -2.554946 0.705858 -15.953290 -4.566219 -13.021186 -3.750371 38.619770 5.173850 14.321567 -18.820930 0.000001 0.000002 -0.000290 -6.930888 3.917660 9.534704 4.345465 -5.681168 15.891215 -1.409410 -0.894563 -22.956493 -0.000002 0.000007 -0.000294
-0.692733 9.264321 0.279740 82.477211 -87.384163 -90.899361 -1.682790 -1.823176 24.625359 -0.000004 0.000007 -12.161662 0.000002 -0.000002 -0.005907 -0.000000 -0.000000 5.829916 0.000002 -0.000006 12.605159 -1.310327 -4.503315 -11.468388 0.184388 2.782244 -0.558115 -7.871418 -8.314981 5.196227 3.699126 11.611977 -14.091834 15.827859 -34.691330 -3.279357 0.552315 0.354382 -0.168829 10.014007 -0.438289 -3.638403 -16.214003 -9.659211 -34.320946 -0.533310 -14.302910 -3.016140 0.772177 -18.273977 -7.116906 -15.044185 -1.936879 42.590363 6.567967 14.867654 -18.684999 -0.000005 0.000007 -0.000291 -7.671569 3.552034 9.976784 4.391344 -5.977089 15.852987 -1.403259 -0.873174 -23.168510 0.000000 0.000007 -0.000297
-0.755299 9.249847 0.275724 70.327507 -86.913269 -78.773453 -2.177606 -2.056200 25.632357 -0.000003 0.000005 -12.161669 0.000001 -0.000001 -0.005902 0.000004 -0.000000 5.829914 -0.000002 -0.000006 12.605160 -0.811185 -4.223775 -12.091167 0.101942 2.990025 -0.405687 -7.429152 -8.379153 6.711876 3.375998 10.897675 -15.065572 14.391518 -35.621895 -0.560485 0.565207 0.603436 -0.315213 10.781011 -0.434078 -5.575865 -18.000072 -11.687974 -41.411278 -0.631811 -14.386096 -3.609359 1.262604 -19.832947 -9.542655 -16.716845 -0.355847 45.945393 7.762276 14.971129 -18.708796 0.000005 -0.000000 -0.000294 -7.958076 3.681804 10.556527 4.435458 -6.618059 15.670353 -1.378065 -0.990851 -23.257334 -0.000001 0.000009 -0.000291
-0.825938 9.246778 0.266309 58.791435 -86.500549 -67.311127 -2.450394 -2.350844 26.590843 -0.000003 -0.000001 -12.161668 0.000002 0.000002 -0.005905 0.000002 -0.000007 5.829915 -0.000003 -0.000002 12.605162 -0.277016 -4.009128 -12.486738 0.043591 3.121641 -0.306864 -6.897081 -8.029810 8.339504 3.046042 9.861205 -15.908793 12.628921 -35.028584 2.767056 0.604653 0.715206 -0.506774 11.166938 0.082197 -7.918756 -19.790508 -14.037710 -48.881271 -0.928054 -14.323411 -3.661693 1.564489 -19.859613 -11.407171 -17.852081 -0.338412 48.689896 8.660275 14.810188 -18.735582 -0.000001 0.000002 -0.000297 -7.926632 3.893867 11.250442 4.475760 -7.328144 15.425261 -1.334935 -1.243598 -23.287518 0.000001 0.000006 -0.000299
-0.904153 9.250841 0.253042 45.634285 -86.118034 -54.138168 -2.362534 -2.828077 27.380735 0.000001 -0.000005 -12.161670 -0.000001 -0.000001 -0.005904 0.000003 -0.000004 5.829914 0.000001 -0.000004 12.605163 0.013101 -3.962973 -12.811184 -0.011149 3.144289 -0.291305 -6.788074 -7.910742 10.214006 3.070845 9.243327 -16.646994 12.083467 -33.450840 5.159315 0.677725 0.690365 -0.929342 11.100182 0.622015 -10.380706 -21.244383 -16.393646 -56.178585 -1.320080 -14.035380 -3.740263 1.689827 -18.796888 -12.889890 -18.698177 -1.851196 50.848438 9.251002 14.733339 -18.691679 0.000009 -0.000003 -0.000293 -7.535549 4.035519 11.830850 4.507881 -8.037538 15.210964 -1.254916 -1.613750 -23.333723 0.000001 -0.000002 -0.000293
-0.989533 9.260695 0.236756 30.929966 -85.560143 -39.221027 -1.899503 -3.597803 27.901236 -0.000002 0.000005 -12.161670 0.000002 -0.000006 -0.005900 0.000001 0.000003 5.829915 0.000002 -0.000003 12.605163 0.026834 -4.056708 -13.150019 -0.126635 2.975079 -0.283064 -7.154034 -7.752647 12.313025 3.518921 8.905040 -17.363642 12.805036 -31.816784 6.438909 0.761407 0.430945 -1.642190 10.757151 0.715259 -12.901885 -21.957678 -18.201654 -63.344444 -1.979946 -13.731441 -3.828942 1.993641 -17.826033 -14.190215 -19.332182 -3.591658 52.037441 9.661148 14.517363 -18.619410 -0.000001 0.000002 -0.000294 -6.775186 4.068033 12.098220 4.539512 -8.365250 15.146748 -1.131803 -2.521057 -23.148016 0.000001 0.000004 -0.000289
-1.083029 9.275590 0.218639 17.435873 -84.542709 -25.453100 -1.372292 -5.194443 28.235718 -0.000006 0.000007 -12.161665 0.000005 -0.000003 -0.005902 0.000002 -0.000002 5.829916 0.000000 -0.000001 12.605161 -0.175463 -3.762537 -13.471557 -0.340882 3.029187 -0.179220 -7.769351 -7.567966 14.555755 4.169281 8.919787 -18.057796 14.330045 -31.221703 6.469442 0.882462 0.313291 -2.539515 10.224863 0.591826 -15.249429 -21.532978 -19.641113 -70.831039 -2.517525 -13.752481 -3.679531 2.471471 -17.303425 -15.175197 -19.694124 -5.253993 52.157555 9.841751 14.027473 -18.622126 0.000003 0.000003 -0.000293 -5.591180 4.151342 12.232594 4.461738 -8.421369 15.187151 -0.719640 -4.082288 -22.383261 0.000007 0.000005 -0.000289
-1.187555 9.291734 0.198749 7.328216 -83.144997 -14.979893 -0.739234 -7.134124 28.283758 -0.000003 0.000003 -12.161665 0.000002 -0.000007 -0.005907 0.000000 0.000005 5.829916 0.000002 -0.000005 12.605158 -0.311997 -3.428362 -13.702806 -0.578249 2.900392 0.032761 -8.766253 -7.894916 16.950560 6.100018 8.655964 -19.425901 14.617797 -31.594738 6.552374 1.153478 0.033312 -3.456714 9.679576 0.214544 -17.143335 -19.865166 -20.338413 -77.991119 -2.501403 -14.041591 -4.178678 3.032027 -17.069408 -15.770294 -19.651546 -7.010577 51.182537 10.176829 13.546991 -18.661903 -0.000003 0.000002 -0.000281 -4.102557 4.540483 12.248906 4.261555 -9.038417 15.349973 0.299395 -5.670870 -21.273792 0.000003 0.000010 -0.000294
-1.305073 9.308318 0.176668 0.053270 -81.701660 -7.264771 -0.015034 -9.206126 28.211853 -0.000000 0.000003 -12.161670 0.000001 -0.000003 -0.005903 -0.000002 -0.000002 5.829914 0.000002 -0.000002 12.605162 -0.434009 -3.002710 -13.956611 -0.815642 2.734495 0.131392 -10.216108 -8.699637 19.448570 9.780662 7.444399 -21.056147 13.242309 -33.437412 7.092959 1.508348 -0.262933 -4.405682 9.438115 -0.434285 -18.573706 -17.269587 -20.042963 -85.076073 -2.071979 -14.326038 -4.866604 3.629122 -16.908129 -15.916935 -18.971001 -8.811090 49.129898 10.432292 12.922648 -18.790253 0.000009 0.000003 -0.000292 -2.573432 5.107581 12.152053 4.239180 -10.283377 15.797192 0.698194 -6.830773 -21.372364 0.000002 -0.000006 -0.000291
-1.435816 9.326128 0.151187 -6.051556 -80.738701 -0.585489 0.868570 -10.891171 27.966900 -0.000006 0.000006 -12.161662 0.000003 0.000003 -0.005904 -0.000001 -0.000004 5.829914 0.000002 -0.000005 12.605165 -0.582911 -2.462470 -14.262259 -1.030325 2.585192 0.397387 -11.802917 -9.752966 21.661676 15.007907 5.599248 -22.801701 10.428359 -37.163578 7.659933 1.930816 -0.484871 -5.295184 9.353670 -0.872624 -19.234589 -14.103100 -19.134212 -91.534012 -0.750491 -15.066192 -6.259207 4.385801 -16.423172 -15.668031 -17.427956 -10.178921 46.095825 10.679602 12.210385 -19.108736 -0.000003 0.000007 -0.000287 -1.119309 5.619943 11.863842 4.365561 -11.154856 16.394377 0.790220 -7.779810 -21.479832 -0.000000 0.000004 -0.000291
-1.579015 9.342259 0.123931 -11.828098 -80.328720 5.927416 1.896753 -11.825486 27.579229 -0.000003 0.000006 -12.161664 0.000000 -0.000004 -0.005903 0.000002 -0.000005 5.829915 0.000002 -0.000006 12.605157 -0.659536 -2.033715 -14.716648 -1.077239 2.452859 0.790873 -13.768331 -11.462279 23.756308 21.956440 3.319915 -24.644527 6.455061 -40.594952 7.502299 2.405326 -0.888268 -5.928545 9.011030 0.040874 -19.247282 -10.548716 -18.789448 -97.492500 1.757484 -16.001177 -7.648740 5.419353 -15.575809 -15.104709 -15.515972 -11.064256 42.257046 11.194880 12.109989 -19.346745 0.000011 -0.000002 -0.000287 0.308601 6.012564 11.393978 4.434771 -11.530640 17.310873 0.659493 -8.472960 -21.638428 -0.000001 -0.000001 -0.000295
-1.733082 9.355227 0.100099 -16.441332 -80.260475 11.230031 2.799495 -12.283504 27.250986 -0.000003 -0.000001 -12.161663 0.000002 0.000003 -0.005906 -0.000001 0.000000 5.829915 0.000004 -0.000000 12.605160 -0.729846 -1.730910 -15.217217 -1.082390 2.498178 0.956751 -15.545251 -13.211240 25.826168 28.861538 1.978923 -26.632406 2.137506 -43.541004 6.314602 2.747691 -1.256759 -6.143458 8.285917 1.837378 -18.632904 -7.787623 -19.260460 -102.333244 4.870225 -17.026917 -8.805867 6.320730 -14.967610 -14.197628 -13.616585 -11.435003 38.005882 12.281207 12.924282 -19.237617 -0.000006 0.000013 -0.000302 1.456820 6.205424 10.972253 4.546480 -11.299714 18.400026 0.124156 -9.132675 -21.424717 -0.000001 0.000002 -0.000286
-1.899105 9.365828 0.078857 -19.974798 -80.648918 15.029541 3.441684 -12.121367 27.194254 0.000001 0.000003 -12.161670 0.000002 -0.000002 -0.005901 -0.000000 0.000006 5.829915 0.000000 -0.000007 12.605162 -0.743033 -1.671353 -15.445359 -1.167056 2.475832 0.922788 -16.222925 -14.230212 27.340036 33.987839 1.735492 -28.937887 -2.366562 -45.271984 4.960364 2.773032 -1.610676 -5.946800 7.449151 3.464373 -17.281137 -6.855101 -20.554525 -105.465691 7.674608 -17.721720 -9.595661 6.843490 -14.606495 -12.566928 -11.902823 -11.456653 33.541122 13.865606 14.154020 -18.742666 -0.000006 -0.000001 -0.000297 2.256835 6.349101 10.917502 4.705614 -10.586116 19.912737 -0.724705 -9.920809 -20.722486 0.000002 0.000002 -0.000291
-2.074484 9.371375 0.054257 -22.910536 -81.613136 17.819227 3.649255 -11.231985 27.408607 -0.000003 0.000001 -12.161662 0.000002 -0.000004 -0.005904 -0.000001 0.000001 5.829914 0.000001 -0.000004 12.605154 -0.481105 -1.758851 -15.345208 -1.213598 2.210157 0.821532 -15.766119 -14.561788 27.673115 36.964645 2.270056 -31.309107 -6.802917 -45.426655 3.820474 2.622793 -1.810879 -5.565744 6.895799 4.548349 -15.099325 -7.354913 -22.206709 -106.481865 9.250286 -16.979645 -10.316095 7.024970 -14.390884 -10.281192 -10.544917 -11.288734 29.255674 15.648592 15.227569 -17.932886 -0.000002 0.000002 -0.000291 2.740466 6.639522 10.891750 4.802820 -9.645183 22.374361 -1.775813 -10.741548 -19.608351 0.000000 0.000006 -0.000293
-2.253393 9.366653 0.022723 -25.094091 -82.985580 19.711290 3.433617 -9.788289 27.592785 -0.000004 0.000001 -12.161666 0.000004 -0.000003 -0.005904 -0.000001 0.000004 5.829911 0.000000 -0.000001 12.605162 0.082582 -1.962479 -15.044195 -1.216890 1.853454 0.712431 -14.769403 -15.052120 26.852757 38.395817 3.462558 -33.149696 -10.791972 -44.706722 2.791732 2.447278 -1.877761 -5.242456 6.566525 4.817112 -12.075358 -8.852722 -23.424294 -105.272697 9.083686 -16.239187 -10.397368 6.753196 -14.416719 -7.833884 -9.428124 -11.111937 26.197725 13.081458 13.923483 -14.879507 0.000004 -0.000003 -0.000289 3.032982 7.108395 10.226043 4.708660 -8.481012 26.482756 -2.890670 -11.843234 -18.234810 -0.000002 0.000006 -0.000292
-2.428266 9.346012 -0.015652 -25.772514 -84.387032 20.217113 3.061382 -8.172466 27.599428 -0.000002 0.000001 -12.161666 0.000003 -0.000002 -0.005903 0.000001 0.000006 5.829917 0.000001 -0.000007 12.605157 0.659197 -2.330045 -14.934898 -1.205572 1.426873 0.523896 -13.462755 -15.956357 25.251225 39.220169 5.026493 -34.641960 -15.264351 -43.232738 2.427394 2.269429 -1.810112 -4.983525 6.049148 4.940410 -8.567959 -10.355584 -24.300493 -102.284195 7.912326 -16.394173 -9.241249 6.103716 -15.072361 -6.216762 -8.565912 -10.435287 26.194407 9.757837 13.066328 -17.755207 0.000003 -0.000004 -0.000287 3.340275 7.540462 8.285868 4.545714 -7.000563 32.597424 -4.163443 -13.532736 -15.964458 0.000000 0.000005 -0.000294
-2.596264 9.310050 -0.063564 -27.377409 -85.630585 21.414873 2.977869 -6.561274 27.870651 -0.000004 -0.000001 -12.161663 0.000003 -0.000001 -0.005901 -0.000001 0.000002 5.829913 0.000003 -0.000009 12.605157 0.928803 -2.841757 -15.181161 -1.307456 0.959067 0.457138 -12.021647 -17.016243 23.003487 39.834881 7.152188 -36.283466 -23.084707 -37.999039 4.062797 2.068319 -1.509868 -4.648140 5.307488 5.147493 -5.091566 -11.253479 -24.815866 -97.845688 7.010945 -16.706526 -7.666398 6.141541 -16.250099 -4.951938 -9.019789 -9.387966 25.737356 8.642962 13.669136 -17.979551 -0.000004 0.000008 -0.000291 3.950814 7.654897 5.383994 4.525949 -5.306237 40.565678 -5.668419 -15.482763 -12.016545 0.000004 0.000004 -0.000288
-2.773750 9.275806 -0.080988 -39.361824 -86.054291 32.814209 3.990864 -5.756650 28.505823 -0.000005 0.000003 -12.161665 0.000002 -0.000008 -0.005904 0.000003 0.000003 5.829912 -0.000000 -0.000002 12.605156 0.740171 -3.045701 -16.002676 -1.558637 1.221547 0.663707 -10.534688 -17.651428 20.297159 36.121227 11.511999 -40.321926 -27.799170 -28.871962 4.852871 1.517719 -0.403787 -4.075259 4.421550 5.281649 -2.368610 -12.413031 -25.015408 -90.985603 6.937315 -16.799507 -7.125699 6.780041 -16.616226 -3.112308 -8.608012 -7.574294 25.865078 6.412309 12.163557 -19.167158 -0.000003 0.000003 -0.000291 5.440852 7.609676 1.804822 4.928118 -4.043700 49.296776 -7.192509 -17.223860 -6.116617 0.000000 0.000004 -0.000295
-2.943259 9.202875 -0.132180 -58.951336 -85.846924 51.506824 5.836815 -4.553913 29.689997 -0.000000 -0.000000 -12.161670 0.000001 -0.000001 -0.005904 -0.000002 0.000005 5.829916 0.000001 -0.000002 12.605156 0.751654 -3.677905 -17.186443 -1.774515 1.342896 1.273876 -9.691026 -18.215105 17.385431 35.483849 14.225339 -44.903141 -30.191807 -31.462420 4.739114 0.908769 -0.207938 -2.715020 3.127866 5.864481 -0.824067 -14.079341 -24.273895 -82.929382 6.238397 -16.170149 -6.038680 7.363848 -16.071100 -2.346396 -7.042887 -4.377268 28.269957 5.579792 6.959109 -21.765467 -0.000006 0.000004 -0.000291 7.226534 8.356166 -1.552958 6.106617 -4.033271 57.294731 -9.004101 -18.819727 0.378253 0.000003 0.000004 -0.000291
-3.112085 9.121438 -0.167328 -69.958672 -85.420425 60.979752 7.199624 -3.977268 31.450003 -0.000003 -0.000002 -12.161665 0.000003 -0.000003 -0.005903 0.000000 0.000000 5.829915 0.000003 -0.000007 12.605159 0.766200 -4.071856 -18.087515 -1.794689 1.201886 1.311797 -9.692805 -17.420238 14.709294 43.181496 13.546139 -47.320869 -30.780176 -34.490215 2.133179 0.243621 -0.632027 -1.115194 2.954019 8.648656 1.103253 -16.326515 -23.838449 -75.104225 5.742975 -15.321077 -4.555230 7.975072 -15.508930 -1.660417 -6.990945 -3.695908 31.152103 5.232577 5.248116 -23.906633 0.000002 0.000004 -0.000292 8.441577 10.242295 -3.943833 8.032611 -5.629994 63.732552 -10.437398 -20.537617 6.268657 -0.000001 0.000002 -0.000292
-3.286191 9.031167 -0.206544 -90.910683 -85.045158 81.217690 8.323154 -2.829048 32.086472 0.000000 0.000006 -12.161666 0.000002 -0.000003 -0.005906 0.000000 0.000005 5.829916 0.000000 -0.000006 12.605160 0.515946 -3.901244 -18.248407 -1.753615 0.992992 0.948785 -10.433604 -15.643659 11.677919 51.547440 14.365756 -48.858032 -30.681221 -32.233570 -2.788872 -0.327800 -0.927167 0.388937 3.305719 12.125416 4.423492 -16.612274 -22.771238 -68.652412 6.439638 -15.887383 -3.679901 8.686771 -15.865522 -0.161508 -7.630543 -3.231940 32.188213 4.712579 6.498939 -25.672157 -0.000004 0.000006 -0.000295 9.013288 13.075503 -6.625313 10.055735 -7.238263 69.042213 -10.453584 -20.497499 7.553860 0.000003 -0.000000 -0.000291
-3.476248 8.980571 -0.224197 -99.358643 -85.146111 89.223862 8.258088 -2.471986 32.349712 -0.000006 0.000004 -12.161664 0.000006 -0.000003 -0.005905 -0.000002 0.000002 5.829915 -0.000001 -0.000002 12.605160 0.434070 -3.737532 -18.106667 -1.601956 0.080375 -0.006805 -11.562784 -14.448036 7.556200 54.408813 19.483189 -50.851276 -30.204210 -27.728035 -6.326909 -0.694270 -1.516967 1.454894 4.493964 15.101316 9.787723 -15.832963 -22.278637 -67.061844 8.552500 -17.126736 -2.157334 8.085909 -17.092369 2.043511 -7.629503 -2.242348 31.865469 4.351389 7.267868 -26.926487 0.000004 0.000003 -0.000282 8.658329 13.628010 -9.481050 11.661813 -7.291736 73.625816 -8.212710 -18.885620 3.910356 -0.000003 0.000004 -0.000291
-3.680505 8.977701 -0.230580 -100.015427 -85.328186 90.037033 8.132646 -2.104684 32.378902 -0.000001 0.000005 -12.161669 0.000001 0.000004 -0.005901 0.000002 -0.000001 5.829913 0.000003 -0.000009 12.605160 1.119350 -4.300471 -18.204645 -1.670857 -1.693578 -1.827690 -11.892023 -14.747463 3.344229 52.916779 27.195356 -54.401794 -28.546829 -22.056244 -7.897748 -0.478879 -2.483330 1.609128 6.749603 17.564634 16.090240 -17.911955 -22.341022 -65.819984 9.864185 -15.697339 -3.221192 7.454059 -17.890703 3.446611 -7.296320 -1.396837 31.330345 4.281967 7.126992 -27.449907 0.000004 0.000009 -0.000293 8.400597 13.223916 -12.618862 12.597471 -6.865347 76.817482 -5.234396 -15.736251 0.900537 0.000002 0.000003 -0.000291
-3.888682 9.002644 -0.243329 -114.552780 -85.118256 105.212860 8.401690 -0.073715 31.910761 -0.000000 0.000000 -12.161662 0.000001 -0.000000 -0.005907 -0.000002 0.000005 5.829913 0.000000 -0.000009 12.605157 2.018065 -5.707770 -18.029278 -2.064009 -2.973619 -3.438227 -11.412078 -15.968624 0.017191 52.673222 33.523804 -58.574650 -25.996361 -14.402721 -9.254580 0.229543 -3.265167 1.620486 8.996668 18.659510 21.686848 -21.519411 -22.982159 -64.456841 11.466203 -13.070126 -4.161184 7.451769 -16.535608 4.488904 -7.158479 -1.210307 30.412941 4.460789 6.746223 -27.282072 -0.000005 -0.000003 -0.000296 8.170403 13.748928 -15.870400 13.612962 -5.827462 78.230446 -3.605272 -12.095644 -0.463388 -0.000002 0.000006 -0.000291
-4.107533 9.057317 -0.237479 -126.801628 -85.267281 117.708817 7.960184 1.746781 31.573626 -0.000001 -0.000000 -12.161666 0.000002 0.000001 -0.005904 -0.000000 0.000003 5.829916 0.000000 -0.000005 12.605159 2.838369 -7.475554 -17.551311 -2.495915 -3.315522 -4.748636 -11.038659 -16.626057 -1.991427 52.323849 37.998096 -64.263138 -23.057497 -7.962739 -10.344481 1.124245 -3.556184 1.476299 11.100596 18.413952 26.730909 -22.927780 -24.521763 -64.364433 13.394421 -11.389859 -5.118776 6.576479 -15.248327 6.705953 -6.826204 -1.543892 28.318754 4.771293 6.573441 -26.050110 -0.000006 0.000006 -0.000302 7.499348 13.055722 -18.227913 14.641167 -3.389250 77.817749 -2.458353 -9.423308 -0.953267 0.000000 0.000008 -0.000295
-4.339422 9.141886 -0.224092 -139.015121 -85.803955 129.800339 6.971060 3.208892 31.418720 -0.000001 0.000005 -12.161666 0.000000 -0.000003 -0.005906 0.000001 0.000003 5.829914 0.000003 -0.000002 12.605160 3.603464 -9.218692 -16.962095 -2.985272 -3.082627 -5.696613 -10.897120 -16.082148 -2.929572 50.336521 41.071419 -71.800804 -21.407856 -4.074327 -10.920287 1.763891 -3.665654 1.310927 12.555131 16.871044 30.693808 -22.127569 -25.499836 -65.646805 13.966337 -11.618367 -5.730513 5.078628 -14.812901 9.564982 -6.633464 -1.526998 25.543415 5.510029 6.685909 -23.128771 0.000004 -0.000003 -0.000295 6.778542 11.441856 -19.435274 15.199758 0.080740 75.790413 -1.758856 -8.584809 -1.394391 0.000003 -0.000000 -0.000294
-4.575805 9.243200 -0.213048 -149.853241 -86.092041 141.005280 6.124991 4.669613 30.689617 -0.000001 -0.000005 -12.161668 0.000003 0.000001 -0.005903 0.000002 -0.000001 5.829916 -0.000001 -0.000001 12.605155 4.486363 -10.784144 -16.453724 -3.524764 -2.925869 -6.075434 -10.872208 -15.027623 -3.568558 48.373848 43.331436 -78.559998 -21.403778 -2.512840 -11.110139 2.027039 -3.923753 1.459516 13.725663 15.268956 33.475929 -20.987871 -26.002045 -67.304634 12.701182 -12.193434 -6.025152 3.914915 -14.597937 11.553447 -6.527668 -1.142394 23.129234 6.447762 6.690488 -18.580767 -0.000002 0.000009 -0.000298 6.245791 9.715003 -20.352865 14.755610 3.826177 72.181900 -2.442921 -9.014471 -2.127810 -0.000001 0.000002 -0.000284
-4.817117 9.356878 -0.198182 -156.841202 -86.248558 148.819260 5.546355 6.053080 29.297058 -0.000002 0.000007 -12.161665 0.000001 0.000000 -0.005906 0.000001 -0.000008 5.829918 0.000003 0.000000 12.605158 5.276431 -12.322582 -15.911018 -3.932164 -3.169804 -5.792074 -11.272085 -14.748014 -4.278595 48.208469 45.680695 -82.398949 -21.734064 -2.057917 -11.203281 2.057331 -4.550625 1.831765 14.691834 14.391621 35.276859 -20.737413 -26.415319 -67.996262 12.153012 -12.377780 -6.492500 2.966426 -14.537728 12.650949 -6.351344 -0.627733 21.433990 7.246340 6.532770 -12.839264 0.000002 0.000003 -0.000296 5.962357 7.949842 -21.054550 12.209231 7.046406 67.063438 -3.812031 -9.488667 -3.210911 0.000004 0.000003 -0.000292
-5.066121 9.478349 -0.177143 -158.699615 -86.515808 151.452911 5.263980 6.977705 28.094698 -0.000004 -0.000002 -12.161670 0.000003 -0.000003 -0.005905 0.000002 -0.000002 5.829915 0.000002 0.000000 12.605159 5.731546 -13.683303 -15.724142 -4.034575 -3.702615 -5.459755 -11.803846 -15.412413 -4.815552 49.658199 48.106117 -83.068947 -20.356680 -1.127862 -11.117676 2.107678 -5.082488 2.120263 14.787203 13.876496 35.566605 -20.800426 -26.578926 -67.883957 13.436423 -12.071153 -6.652953 2.206363 -15.068463 13.017655 -6.367220 -0.181902 21.061029 7.552153 6.801871 -6.612104 0.000003 0.000003 -0.000286 5.274483 7.123916 -20.747330 9.285858 8.697441 59.898239 -5.349483 -10.999377 -4.474397 -0.000001 0.000005 -0.000298
-5.324689 9.590315 -0.150848 -155.308716 -87.061951 148.703293 5.088911 7.121241 26.999817 -0.000002 0.000002 -12.161670 0.000001 -0.000003 -0.005903 -0.000001 0.000001 5.829914 0.000003 -0.000002 12.605161 5.818304 -14.624509 -15.714085 -4.128530 -4.149696 -5.193098 -12.190992 -16.099674 -4.938181 52.155327 49.723965 -81.259163 -16.808037 0.026812 -10.126178 2.206333 -5.414375 2.088993 13.962218 13.549322 34.736366 -20.659229 -26.192936 -67.292778 15.561069 -11.407724 -6.768866 1.693931 -15.774237 12.602541 -6.733497 -0.005036 22.441196 7.528565 7.396872 -0.643609 0.000008 -0.000001 -0.000291 3.727055 8.602077 -19.194134 6.831481 7.012025 51.081146 -7.737478 -13.442966 -6.641508 0.000000 0.000009 -0.000290
-5.585158 9.674431 -0.127428 -146.520889 -87.616074 140.472244 4.909438 6.563632 26.131153 -0.000000 -0.000002 -12.161669 0.000001 -0.000001 -0.005901 0.000001 0.000004 5.829913 -0.000001 -0.000006 12.605159 5.708155 -14.926374 -15.978580 -4.162238 -4.243146 -5.242431 -12.317526 -16.227005 -4.714692 55.599739 50.216202 -77.141838 -12.517872 -0.460606 -8.805638 2.292146 -5.530929 1.970573 12.455328 13.638329 32.828976 -20.067667 -25.184187 -66.612976 16.942255 -11.343639 -6.524026 1.732256 -15.831969 11.071502 -7.632362 -0.639553 25.854567 7.368060 8.107929 4.522098 -0.000003 0.000005 -0.000295 1.744587 12.814658 -16.863226 4.855350 1.572194 41.633804 -10.607918 -15.700586 -9.505414 -0.000002 0.000005 -0.000298
-5.839981 9.717320 -0.110256 -132.113449 -88.029800 126.454475 4.580089 5.406659 25.593506 -0.000002 0.000003 -12.161666 0.000001 -0.000003 -0.005906 0.000002 -0.000002 5.829915 -0.000002 -0.000001 12.605158 5.646064 -14.561706 -16.584312 -3.939913 -3.833409 -5.513684 -12.382958 -15.449149 -4.256242 59.949348 49.633816 -71.317383 -9.482816 -2.875003 -9.054995 2.454373 -5.462477 1.826704 10.696010 14.095915 30.321823 -19.184443 -23.853361 -65.965134 16.580809 -11.375464 -6.312769 2.319295 -14.786901 8.596711 -9.203928 -2.313261 31.293564 7.340153 9.101817 8.309114 -0.000003 0.000007 -0.000297 0.915866 14.287615 -14.455836 3.420398 -1.504650 33.675575 -11.916249 -17.024467 -12.375896 -0.000004 0.000005 -0.000293
-6.088241 9.705483 -0.094300 -114.812042 -88.442795 109.018723 3.962075 3.929260 25.840990 0.000000 0.000001 -12.161666 0.000001 0.000002 -0.005902 0.000001 0.000005 5.829915 0.000005 -0.000006 12.605159 5.736308 -13.849840 -17.506468 -3.477915 -3.134913 -6.020330 -12.770988 -13.869055 -3.323404 64.236809 48.067894 -65.647209 -7.347561 -5.659256 -10.581750 2.766073 -5.510484 1.546287 8.731463 14.471690 27.335747 -18.452158 -22.140324 -65.248367 14.743128 -11.631858 -5.517877 2.619597 -13.839687 5.809572 -11.305407 -3.573975 38.489510 7.096847 10.497882 10.668172 0.000004 0.000001 -0.000292 0.977370 11.976231 -11.916944 2.966961 -0.235273 28.038773 -11.840888 -17.073160 -14.288697 -0.000003 0.000001 -0.000289
-6.339013 9.634288 -0.077172 -106.917755 -88.658997 100.108887 3.397490 2.747176 27.146441 0.000003 0.000003 -12.161665 0.000001 -0.000003 -0.005904 -0.000003 0.000001 5.829915 0.000004 -0.000009 12.605160 5.776008 -13.132129 -18.575733 -2.957331 -2.474277 -6.649487 -13.248295 -11.861451 -1.782255 66.141182 46.392303 -62.320183 -5.118155 -7.485608 -11.802185 3.034636 -5.875294 1.216782 6.763300 14.324249 23.911242 -18.176603 -20.082422 -64.286407 11.774785 -11.683452 -3.833546 2.487621 -13.323045 3.826087 -13.689559 -3.648290 46.156269 6.625545 12.016323 12.079248 -0.000009 0.000007 -0.000289 0.621187 9.924752 -8.932449 3.285501 0.199590 24.791597 -10.763605 -13.204976 -13.124754 0.000002 -0.000001 -0.000287
-6.595291 9.474684 -0.050716 -114.576134 -88.680031 105.811768 2.988279 1.905477 29.062004 -0.000003 0.000001 -12.161666 0.000002 -0.000003 -0.005905 0.000001 -0.000001 5.829912 0.000002 -0.000004 12.605161 5.694802 -12.485167 -19.134598 -2.411654 -2.118824 -6.923700 -13.656952 -9.735848 0.040588 64.653290 45.277298 -61.800606 -3.562653 -7.540924 -12.061239 3.166235 -6.436245 1.362686 5.216040 13.540509 20.172144 -18.299431 -18.566853 -63.695892 9.874169 -11.813548 -2.556197 2.036993 -12.925858 2.361029 -16.681458 -3.252805 54.229031 7.134366 12.407944 11.057876 -0.000003 0.000005 -0.000291 0.060944 7.864867 -6.274988 2.850089 0.292819 26.106012 -3.557671 -7.522136 -14.424707 -0.000005 0.000006 -0.000293
-6.800074 9.335101 0.007893 -58.621998 -88.770287 47.153790 2.248601 -0.094809 31.586384 -0.000002 0.000003 -12.161670 0.000001 -0.000000 -0.005903 0.000001 -0.000000 5.829913 0.000001 -0.000001 12.605160 5.849757 -12.013478 -19.236404 -1.911273 -2.504681 -7.205766 -13.625998 -7.986000 1.895719 60.110119 44.662487 -62.816166 -3.298917 -6.934623 -11.219894 3.198385 -7.213314 1.349505 4.632964 11.755303 16.734699 -18.906685 -17.733767 -64.405342 9.222610 -11.978645 -2.367120 0.835614 -14.458835 1.350389 -20.099705 -2.029292 61.936886 7.937648 12.861668 8.241220 0.000007 -0.000001 -0.000293 0.765328 7.210016 -4.565485 -0.572741 -3.092441 30.317421 1.467104 -3.371548 -15.027981 -0.000003 0.000004 -0.000289
-7.042332 9.160592 0.065976 -15.403548 -87.023499 2.125125 0.916143 -2.673461 33.094849 -0.000002 0.000004 -12.161666 0.000000 -0.000003 -0.005905 0.000002 -0.000004 5.829913 0.000003 -0.000004 12.605160 6.517771 -11.695775 -19.225874 -1.126004 -3.626799 -7.724943 -13.493667 -7.338828 4.724716 54.995682 44.221741 -62.726223 -2.509770 -6.914665 -9.750874 3.430928 -7.621079 0.555489 5.235501 8.329628 13.919010 -21.284283 -17.304813 -66.710640 7.626204 -10.940657 -1.970115 -0.419136 -17.541208 -0.451440 -23.335911 0.498413 67.995361 8.087394 13.692911 6.069339 0.000003 -0.000001 -0.000294 -1.860850 7.293880 -2.596030 -0.143850 -6.727404 33.830826 2.641755 0.315196 -18.224215 -0.000002 0.000001 -0.000292
-7.304506 9.030815 0.072911 15.881442 -86.215088 -30.842293 -2.302663 -3.652911 33.895927 -0.000003 0.000005 -12.161668 0.000002 -0.000006 -0.005903 -0.000002 0.000007 5.829912 0.000000 -0.000007 12.605162 7.157853 -10.795884 -18.717604 -0.016589 -3.506167 -6.688012 -14.539992 -9.611289 8.307865 54.091431 43.419319 -58.381863 -1.293760 -7.786948 -8.505788 3.572226 -7.159976 0.206080 7.581021 5.581426 10.257872 -25.085773 -18.018885 -68.711876 4.667956 -9.870138 -1.622314 -2.279061 -18.389587 -2.525885 -24.704901 3.716974 72.886940 6.567344 13.739408 3.774144 -0.000014 0.000006 -0.000293 -3.867836 8.400745 -2.152906 -0.440607 -7.960733 39.598076 3.655819 1.109246 -22.485691 0.000000 0.000003 -0.000299
-7.567504 8.952212 0.068660 12.999029 -85.209190 -28.050709 -3.438253 -4.842086 34.373302 -0.000004 0.000003 -12.161669 0.000002 -0.000003 -0.005902 -0.000000 -0.000000 5.829914 0.000003 -0.000002 12.605161 7.891214 -10.126152 -19.625885 0.324910 -3.094210 -6.210185 -16.205717 -13.160398 12.955812 57.251328 41.002544 -51.076759 -1.213803 -8.990380 -8.098977 3.556005 -7.005085 -1.383743 10.337347 5.507813 5.337969 -26.726494 -20.766733 -70.668686 2.205892 -11.192699 -1.241033 -2.203856 -18.965412 -6.274763 -24.136160 5.980463 77.279266 4.181256 13.367060 0.891034 -0.000003 0.000004 -0.000293 -3.931644 10.344058 -1.355909 -0.395414 -9.968008 41.515770 4.004389 0.873470 -24.722340 -0.000001 0.000002 -0.000300
-7.837174 8.920106 0.075484 10.263326 -84.012733 -24.944492 -4.020157 -6.557097 34.267860 -0.000005 0.000002 -12.161670 0.000003 0.000000 -0.005904 0.000002 -0.000004 5.829916 0.000001 0.000003 12.605161 7.983317 -9.320033 -20.159842 -0.113537 -2.768183 -5.698895 -17.915785 -15.321173 18.054058 59.321999 37.089458 -45.814045 -1.755651 -10.252686 -7.672457 3.298154 -6.539251 -2.703101 11.602059 7.137278 0.458308 -24.895563 -24.632572 -75.037254 -1.349272 -13.529968 -0.324543 -1.851317 -19.559156 -10.102077 -23.262918 7.409552 80.163322 3.003817 12.815918 -1.948790 0.000002 0.000004 -0.000293 -3.666891 10.765054 0.196160 -0.089851 -10.006551 41.671082 4.634764 -0.672540 -26.302261 0.000001 0.000002 -0.000292
-8.115235 8.937181 0.087121 8.693329 -83.148170 -23.712215 -4.381713 -7.986152 34.639545 -0.000001 -0.000004 -12.161670 0.000000 -0.000002 -0.005905 0.000000 0.000002 5.829915 0.000001 -0.000004 12.605162 7.449168 -8.654499 -20.132084 -0.329511 -2.834669 -5.119648 -20.228912 -16.417889 22.647255 58.675076 34.178581 -43.740292 -1.503438 -10.692608 -6.855904 3.439885 -6.196349 -3.822275 11.575660 8.337009 -3.568800 -23.034161 -26.537582 -80.498878 -5.358132 -15.343376 0.654802 -1.490706 -19.421650 -12.508620 -22.543274 7.717175 81.215309 3.001260 12.144880 -4.323931 -0.000005 0.000007 -0.000293 -2.977217 9.781106 2.411415 -0.371488 -9.066608 41.628910 4.740685 -1.603231 -27.454672 0.000005 -0.000003 -0.000298
-8.397963 8.989736 0.094687 6.362464 -82.381065 -21.474205 -4.350302 -9.156115 34.681477 -0.000002 -0.000002 -12.161664 0.000004 -0.000001 -0.005905 -0.000003 0.000007 5.829913 0.000002 -0.000007 12.605160 6.261506 -8.327671 -20.100338 -0.571152 -3.375341 -4.808468 -22.667828 -16.684303 27.127378 57.030212 32.761600 -43.554005 -0.336770 -10.782441 -5.613948 4.056113 -6.406253 -5.001616 11.362192 8.674240 -6.237913 -23.478928 -26.847200 -85.127129 -6.470059 -15.063335 0.824884 -1.076710 -18.900726 -14.549909 -21.706081 6.886347 80.739395 3.275163 11.458472 -6.489042 0.000007 0.000001 -0.000299 -2.330435 8.104982 4.786205 -0.578236 -7.731431 40.461575 4.741934 -2.233483 -27.588612 -0.000002 0.000001 -0.000297
-8.681293 9.067946 0.099471 4.189245 -81.875854 -18.633341 -3.949595 -10.331839 34.108849 -0.000001 0.000003 -12.161670 0.000001 0.000001 -0.005904 -0.000001 -0.000007 5.829913 0.000000 0.000000 12.605161 4.527931 -7.829820 -20.298897 -1.336966 -3.803989 -4.879232 -25.070023 -16.973742 31.174122 57.758266 31.878662 -42.393822 1.587381 -11.987862 -4.808258 4.782341 -6.526952 -6.211347 10.898118 9.168267 -7.814322 -25.144960 -27.507332 -88.389603 -4.753181 -12.648994 -0.646878 -0.398394 -17.711618 -16.659809 -20.905369 4.925025 78.748184 3.689137 10.788978 -8.815040 -0.000007 0.000004 -0.000292 -2.430403 6.726101 6.591334 0.628816 -6.276020 38.627323 3.822964 -3.521840 -26.543459 -0.000001 0.000007 -0.000291
-8.964466 9.171185 0.094765 2.108206 -82.048904 -15.488841 -3.328219 -11.178058 32.825218 -0.000006 0.000001 -12.161668 0.000004 -0.000000 -0.005903 0.000003 -0.000009 5.829915 0.000000 0.000003 12.605157 2.776796 -7.048415 -20.188322 -1.892331 -3.597452 -4.619636 -27.241011 -16.746801 34.380817 59.643902 31.230856 -41.842960 3.752231 -12.415807 -4.823771 5.547646 -6.293788 -6.791447 9.865175 9.878797 -8.646441 -26.197069 -28.522165 -90.589264 -2.795249 -11.511012 -2.380918 0.624229 -15.944958 -18.295422 -20.418566 2.320793 74.846886 4.551799 10.338439 -10.802704 -0.000005 0.000009 -0.000296 -2.519757 5.709058 7.756984 2.029419 -5.019607 36.865543 2.041181 -4.730408 -23.496826 -0.000000 0.000007 -0.000293
-9.247263 9.290036 0.088022 -0.485094 -82.107674 -11.638612 -2.632319 -12.156032 31.168062 -0.000002 0.000006 -12.161664 0.000003 0.000001 -0.005902 0.000000 -0.000000 5.829916 0.000002 -0.000008 12.605162 1.306962 -6.249920 -19.880306 -2.120880 -3.199819 -4.478155 -28.943184 -16.042387 37.153511 59.562496 32.328262 -43.378269 5.319188 -12.212695 -4.237089 5.886233 -6.109596 -6.672361 9.215842 10.386099 -9.042939 -25.958925 -29.400579 -93.170769 -1.539751 -11.772367 -3.491801 1.428004 -14.375858 -19.127428 -19.970476 -1.090531 68.985611 5.829627 10.094716 -11.880694 -0.000006 0.000005 -0.000293 -2.577338 4.198546 7.934104 3.049536 -3.908657 36.472488 -0.191530 -5.392305 -18.931120 -0.000004 0.000005 -0.000289
-9.531910 9.417830 0.072452 -3.567393 -82.208977 -7.722038 -1.932653 -12.666760 30.199389 -0.000006 0.000006 -12.161668 0.000005 -0.000001 -0.005902 0.000000 -0.000005 5.829916 -0.000002 0.000001 12.605157 0.358295 -5.719637 -19.852194 -2.179006 -3.108834 -4.710472 -30.092953 -15.593319 39.037251 57.902016 34.659882 -45.427219 5.569942 -11.936950 -3.683656 5.789063 -6.160306 -6.512079 9.219632 10.547731 -8.891490 -25.329672 -30.222836 -95.181778 -1.413059 -12.399208 -3.674099 2.641427 -13.437125 -18.717121 -18.785053 -4.147532 61.103119 6.852192 9.108764 -13.049648 -0.000001 -0.000001 -0.000289 -2.087580 3.771612 7.776134 4.028896 -3.408756 37.314186 -2.796282 -6.591924 -13.170674 -0.000004 0.000001 -0.000292
-9.819842 9.533304 0.042292 -6.786273 -82.555557 -3.746728 -1.325965 -12.654794 29.382109 -0.000003 0.000006 -12.161668 0.000002 -0.000000 -0.005906 -0.000000 -0.000008 5.829917 0.000002 0.000000 12.605160 -0.048251 -5.257711 -19.990974 -2.222291 -3.114718 -5.051640 -30.384359 -15.379793 39.972553 56.092014 36.708790 -47.086769 5.049269 -11.360673 -3.491552 5.554801 -6.309987 -6.267689 9.471870 9.867062 -8.039651 -25.049238 -30.749519 -96.101135 -1.917652 -12.962339 -3.352212 4.565871 -13.486128 -17.262470 -16.684290 -5.583844 51.327755 7.633082 8.238109 -14.935911 0.000005 0.000003 -0.000289 -0.969345 4.788844 7.078387 5.039783 -3.504888 39.097588 -5.455606 -8.562647 -6.455610 0.000002 0.000005 -0.000293
-10.109751 9.617598 0.002954 -10.853679 -83.012817 1.099149 -0.742028 -12.413672 28.593685 -0.000002 0.000009 -12.161666 0.000004 -0.000005 -0.005905 -0.000003 0.000005 5.829916 0.000005 -0.000006 12.605161 -0.041774 -4.759845 -20.243011 -2.275453 -3.074205 -5.296284 -29.611788 -15.301533 39.688992 54.786934 37.617043 -48.081005 4.376706 -10.964613 -3.773143 5.349608 -6.439648 -6.024314 9.641081 8.577519 -6.546093 -24.863665 -30.983959 -95.998360 -2.223041 -13.335471 -3.062211 6.595888 -14.700714 -14.583017 -14.106647 -5.418679 40.068989 8.596426 8.826318 -16.468033 0.000008 -0.000010 -0.000292 0.216182 6.070242 5.638839 6.150109 -3.780424 41.877987 -8.175904 -10.442307 0.554279 -0.000002 0.000000 -0.000293
-10.400014 9.662186 -0.032813 -13.974131 -83.201248 4.801719 -0.234748 -12.075719 27.962719 -0.000000 0.000007 -12.161667 -0.000002 -0.000000 -0.005904 0.000001 -0.000003 5.829913 -0.000000 -0.000003 12.605160 0.096328 -4.632088 -20.435509 -2.289004 -3.128688 -5.495034 -28.232458 -15.318258 38.569397 54.268959 37.483067 -48.429108 3.422835 -10.956208 -4.427833 5.091681 -6.823656 -5.720653 9.562587 7.348238 -4.721889 -24.623924 -31.135035 -94.806229 -2.217309 -13.840473 -3.067522 6.684339 -15.777419 -11.763796 -10.345718 -4.558307 30.139702 9.973522 9.620344 -17.376556 0.000003 0.000003 -0.000285 0.926355 6.528107 3.653540 7.166804 -4.302226 45.668648 -11.019895 -11.416871 6.786669 0.000001 0.000003 -0.000294
-10.689442 9.653607 -0.060869 -13.769115 -83.440071 4.714682 -0.022510 -11.215746 27.767244 -0.000003 -0.000000 -12.161669 0.000001 -0.000001 -0.005905 0.000001 0.000002 5.829916 0.000005 -0.000009 12.605159 0.237741 -5.038436 -20.502838 -2.242046 -3.525035 -5.534186 -26.786572 -15.628760 36.735195 54.701111 36.811230 -48.018356 1.987267 -10.952204 -5.274922 4.683667 -7.469010 -5.454763 9.256964 6.169905 -2.816105 -24.049452 -30.943237 -93.208687 -2.353421 -14.327183 -2.639367 5.796685 -16.257086 -9.428068 -7.551503 -4.084404 23.110491 12.291349 10.365503 -17.065468 -0.000001 -0.000001 -0.000291 1.026694 6.432673 1.689076 7.959321 -4.845619 50.162338 -13.311241 -11.776803 12.031613 -0.000004 0.000008 -0.000294
-10.977048 9.584002 -0.086875 -10.563489 -83.845657 1.111006 -0.062904 -9.892579 28.073519 -0.000005 0.000004 -12.161669 0.000003 -0.000006 -0.005905 -0.000001 -0.000000 5.829916 0.000003 -0.000003 12.605161 0.348580 -5.750271 -20.526176 -2.211916 -4.178607 -5.406014 -25.261900 -16.164577 34.346989 55.130104 36.131340 -47.639866 1.141884 -10.684977 -6.051617 4.207733 -7.874960 -5.155233 8.621173 4.842721 -1.130263 -23.515009 -30.388790 -90.530128 -2.564861 -14.701241 -2.176358 5.226458 -16.907433 -7.018972 -6.443859 -4.186811 19.070253 14.212015 11.052141 -17.588421 -0.000001 0.000009 -0.000300 0.843580 6.138144 -0.250689 8.693965 -5.108887 55.566174 -14.904105 -12.015466 14.647778 0.000001 0.000006 -0.000291
-11.261891 9.464949 -0.111632 -3.678187 -84.044907 -6.886438 -0.432681 -8.704235 29.221729 -0.000004 -0.000002 -12.161666 0.000004 -0.000005 -0.005905 -0.000003 0.000003 5.829916 0.000003 -0.000005 12.605160 0.399195 -6.444486 -20.738396 -2.292047 -4.819746 -5.331136 -23.380819 -16.488831 31.529724 55.012337 35.612991 -47.915443 0.745328 -10.195509 -6.583950 3.683316 -8.022573 -4.998554 7.774588 3.691341 0.529982 -22.879292 -29.450590 -87.195419 -2.975533 -14.749518 -1.830342 4.830946 -16.954872 -4.732340 -6.376163 -4.267615 18.188282 9.757146 8.688488 -15.737152 0.000000 0.000002 -0.000288 0.530388 5.626651 -1.696105 9.654943 -5.106823 61.345577 -15.986618 -12.180981 12.477342 -0.000007 0.000005 -0.000296
-11.545344 9.279804 -0.140122 1.916822 -84.285088 -14.346131 -0.650795 -7.557702 31.098722 -0.000001 0.000009 -12.161665 0.000004 -0.000006 -0.005907 -0.000003 0.000007 5.829916 0.000002 -0.000006 12.605159 0.391324 -6.941313 -20.806023 -2.273184 -4.724152 -4.990461 -21.566690 -16.962107 28.279194 55.137054 35.083572 -48.385414 0.142609 -9.715000 -7.117898 3.157226 -7.935480 -4.853285 6.760644 3.267266 2.632717 -21.759874 -28.378368 -84.047729 -3.582462 -15.033513 -1.482770 4.627092 -16.582043 -2.859128 -6.528140 -2.230952 20.731054 7.782516 5.946553 -15.824245 -0.000003 -0.000003 -0.000285 0.562984 5.664905 -2.443725 10.611537 -5.506941 66.762207 -16.343632 -12.400167 9.467377 0.000005 0.000002 -0.000294
-11.824916 9.114756 -0.181947 0.793965 -85.781555 -15.496676 -0.082645 -6.206244 33.451420 -0.000001 -0.000001 -12.161663 -0.000000 -0.000001 -0.005906 0.000003 -0.000001 5.829916 0.000001 -0.000004 12.605160 0.162832 -6.473752 -20.706287 -2.733875 -4.428082 -3.828906 -18.743191 -16.348663 23.391413 56.121071 33.934952 -48.660179 -0.667293 -9.482983 -8.050257 2.291429 -6.863829 -4.570072 6.203294 4.018648 5.277103 -21.089920 -27.453318 -80.865776 -3.988359 -16.017235 -1.048102 5.232948 -15.756433 -1.064884 -6.939044 0.710747 25.040615 5.428197 3.652296 -16.623175 -0.000001 0.000013 -0.000294 1.507797 7.278067 -3.130776 11.861451 -6.459270 71.383011 -16.199863 -12.787565 8.519822 0.000005 0.000003 -0.000293
-12.130118 8.965331 -0.168702 -32.818123 -85.892487 16.988684 2.281317 -6.745291 34.199162 -0.000004 0.000006 -12.161669 0.000002 -0.000006 -0.005904 0.000001 0.000003 5.829916 0.000001 -0.000002 12.605157 -0.292683 -5.343968 -20.885670 -2.347392 -3.974951 -3.455338 -16.952766 -13.597848 18.584490 57.811768 31.956293 -48.997944 -1.520369 -9.314974 -9.174489 0.664277 -5.509862 -3.245744 7.257511 7.264944 8.073960 -21.971682 -28.059629 -76.991882 -3.055443 -16.238369 -0.716053 7.594889 -14.762932 -2.592124 -6.368405 2.094914 32.488758 3.733431 -0.057865 -18.765867 0.000001 -0.000001 -0.000285 3.508349 6.638029 -5.034542 13.458943 -6.520600 74.824242 -15.096122 -13.094482 8.726652 -0.000003 0.000006 -0.000295
-12.437666 8.885909 -0.186201 -60.701614 -85.650749 43.680222 4.654020 -6.550447 35.077400 -0.000002 0.000006 -12.161670 0.000000 -0.000001 -0.005904 0.000001 0.000001 5.829915 0.000004 -0.000008 12.605162 -1.019077 -4.924216 -21.003910 -2.763114 -3.507604 -3.228215 -15.788923 -11.290787 13.139358 59.143993 31.337482 -49.935287 -2.230833 -7.395439 -9.732312 -0.198991 -5.039713 -1.973321 8.342100 11.927846 11.986372 -24.499949 -29.322187 -72.769844 -0.743724 -14.981824 -1.082222 9.462022 -15.845840 -2.321095 -7.050060 3.177004 37.227760 3.227240 0.012328 -22.890434 0.000001 0.000006 -0.000291 5.213761 6.153529 -6.952799 13.416413 -6.304206 77.814278 -12.899895 -12.485807 7.711990 -0.000003 0.000003 -0.000295
-12.741158 8.827901 -0.195937 -79.858368 -86.772743 63.468250 4.812354 -4.742647 34.376869 -0.000002 0.000005 -12.161670 0.000000 -0.000003 -0.005904 0.000003 0.000000 5.829916 -0.000000 -0.000000 12.605157 -1.036608 -4.996146 -20.623417 -2.622714 -3.223907 -3.756165 -14.966287 -10.357956 8.630211 58.072460 34.029037 -52.773083 -2.305779 -5.032766 -9.471354 0.449234 -4.850104 -1.318699 9.031663 13.734561 17.237144 -27.133146 -29.299883 -71.328819 2.538898 -13.838586 -1.630772 9.068663 -16.224869 -0.943704 -8.776455 2.081481 37.399021 2.571350 3.388707 -24.774796 -0.000006 -0.000001 -0.000286 5.007869 6.738143 -10.753582 13.193406 -5.764915 80.136139 -10.604159 -11.958932 5.782864 -0.000003 0.000004 -0.000294
-13.051900 8.816479 -0.193827 -93.995323 -87.182205 77.597382 4.893098 -3.436473 34.456425 -0.000002 -0.000000 -12.161667 0.000003 -0.000001 -0.005902 0.000001 0.000002 5.829913 0.000001 -0.000004 12.605159 -0.733247 -5.309423 -20.036699 -2.526565 -3.111497 -4.864019 -14.167593 -10.357095 5.434508 57.145733 37.665073 -56.177650 -2.312773 -3.188432 -8.924974 0.859152 -4.400564 -0.976786 10.382991 13.472625 22.129749 -27.314928 -29.096500 -72.919975 3.717623 -12.952995 -1.972147 8.233724 -16.571667 1.059109 -9.470982 1.572977 37.545128 2.456734 5.224450 -26.324394 0.000003 0.000001 -0.000291 4.878392 6.733076 -12.992715 12.981483 -5.107079 80.432358 -8.991406 -11.172394 3.862751 -0.000002 0.000007 -0.000293
-13.368215 8.853992 -0.174047 -101.910240 -87.210976 85.525452 5.122014 -2.216322 34.469692 -0.000004 0.000007 -12.161666 0.000003 -0.000006 -0.005908 -0.000000 0.000004 5.829916 0.000001 -0.000006 12.605164 -0.068155 -5.946215 -19.495668 -2.870158 -2.677492 -5.818497 -13.140835 -10.479435 3.230616 57.712559 40.253674 -59.458206 -2.360840 -1.688286 -8.848116 1.159464 -3.766034 -1.048632 12.734362 13.160094 26.403709 -26.297054 -30.215723 -75.134102 2.703455 -13.290809 -1.893939 7.413159 -15.533707 3.134020 -8.288419 1.241586 37.032173 2.356741 4.585070 -26.855976 0.000009 0.000003 -0.000288 4.431370 6.766409 -14.613276 12.903242 -4.425695 78.794357 -7.894627 -10.207413 2.251331 0.000002 0.000006 -0.000300
-13.691858 8.930072 -0.160722 -125.410362 -86.995865 109.539833 5.386644 -0.096894 34.008877 -0.000004 0.000007 -12.161670 0.000002 -0.000007 -0.005900 0.000000 0.000001 5.829913 0.000002 -0.000006 12.605163 0.493368 -6.640239 -19.173717 -3.500709 -1.841183 -6.481362 -12.175978 -10.990779 1.930682 58.714020 42.483059 -62.439713 -2.072633 -1.000959 -8.998368 1.560864 -2.806188 -1.308319 15.199420 12.788881 29.752653 -25.888430 -32.051651 -76.329468 1.791437 -14.767081 -1.869716 6.669758 -14.044502 5.886421 -7.378898 0.706346 34.734398 2.465645 4.718529 -26.432413 0.000000 -0.000004 -0.000295 3.787048 7.571801 -16.141903 12.664028 -3.211997 75.576515 -6.872822 -9.336248 0.780506 0.000005 0.000004 -0.000295
-14.020647 9.036304 -0.142013 -131.428040 -87.035156 116.540024 5.494532 1.420495 33.010006 -0.000002 0.000003 -12.161670 -0.000000 -0.000001 -0.005903 0.000001 0.000002 5.829914 0.000003 -0.000008 12.605157 0.940699 -7.461708 -18.981054 -4.028067 -1.191557 -6.976129 -11.243965 -11.451998 1.469305 58.829014 44.616951 -65.549873 -1.741183 -0.641273 -9.161144 1.900808 -2.172650 -1.503488 17.248882 12.013607 32.025677 -25.960627 -33.592567 -76.878082 1.530360 -15.372909 -2.013538 5.695667 -14.525109 8.947829 -6.927664 0.708968 30.616449 2.896991 5.628995 -24.368427 0.000003 0.000004 -0.000295 3.008389 7.011977 -17.597633 11.901007 -1.180578 71.149643 -5.874004 -8.444800 -0.850081 0.000002 0.000003 -0.000296
-14.347913 9.160391 -0.128141 -133.831558 -87.071960 120.435799 5.666851 2.972044 31.402847 -0.000004 0.000008 -12.161663 -0.000001 0.000004 -0.005904 0.000003 -0.000006 5.829914 0.000001 -0.000003 12.605158 1.256994 -8.260841 -18.764200 -4.401712 -0.882714 -7.227242 -10.589014 -11.245639 1.339690 58.022388 46.205265 -68.844109 -1.744930 -0.271621 -9.281095 2.134850 -2.004946 -1.611013 18.462217 10.865662 33.513271 -26.474079 -34.447124 -77.110962 1.982979 -15.197459 -2.664031 5.160710 -15.192801 11.401426 -6.982866 0.870444 26.168436 3.986882 6.681508 -20.095093 0.000005 0.000002 -0.000293 2.515812 6.102136 -18.722677 10.754084 1.411383 65.337311 -5.483638 -7.820908 -2.454797 -0.000004 0.000005 -0.000292
-14.669074 9.291777 -0.116902 -141.054794 -86.461990 129.355591 5.990761 4.829992 29.540514 -0.000001 0.000006 -12.161666 0.000001 0.000001 -0.005906 0.000004 -0.000005 5.829916 -0.000001 -0.000002 12.605158 1.347475 -8.685683 -18.475586 -4.520910 -0.564971 -7.141815 -10.419417 -10.949858 1.110982 57.157413 47.387142 -71.284454 -1.979347 0.181835 -9.343204 2.303101 -1.900544 -1.522304 18.820395 9.878755 34.225002 -27.033964 -34.571308 -77.195221 2.838979 -14.981645 -3.438958 5.326639 -14.123537 12.643317 -7.115733 0.674819 23.041443 5.143268 6.921765 -14.260015 -0.000005 0.000006 -0.000288 2.488943 6.032389 -19.016104 9.554291 4.164127 58.009830 -6.105748 -8.006433 -3.952113 0.000003 0.000004 -0.000293
-14.989787 9.421220 -0.091922 -144.120483 -85.834305 133.910934 6.303704 6.163757 27.733601 -0.000000 0.000003 -12.161665 0.000001 -0.000001 -0.005905 -0.000000 0.000001 5.829915 0.000002 -0.000003 12.605160 1.169702 -8.869774 -18.093412 -4.508437 -0.261885 -6.876335 -10.567703 -10.804523 0.931589 56.534443 48.248489 -72.412308 -2.149080 0.655415 -9.263206 2.267413 -1.924549 -1.367736 18.881994 9.704771 34.558842 -26.998545 -34.456631 -77.332642 3.015891 -14.586765 -3.727177 5.774133 -13.205277 13.018566 -7.479429 0.773620 21.660337 5.885102 6.751318 -7.837872 0.000003 -0.000003 -0.000296 2.228496 6.926901 -18.225527 8.054717 5.707879 49.498188 -7.412997 -9.016839 -5.926036 0.000003 0.000001 -0.000294
-15.316649 9.537104 -0.046117 -139.501144 -85.814980 130.239792 6.576881 6.242112 26.326567 -0.000000 -0.000000 -12.161669 0.000001 0.000000 -0.005905 -0.000000 -0.000002 5.829915 0.000001 -0.000000 12.605164 0.788139 -8.881399 -17.679415 -4.531503 -0.052764 -6.570808 -10.822910 -10.520562 0.857563 55.788391 48.453442 -72.682716 -2.017416 0.907874 -8.949512 2.123608 -1.935504 -1.216438 18.714977 10.321300 34.383183 -26.952078 -34.439800 -76.877731 3.075680 -14.403022 -3.778618 5.456769 -13.379456 12.826983 -7.624327 0.122102 22.541412 6.226901 7.685318 -1.627540 0.000003 0.000002 -0.000282 1.569816 8.989005 -16.315910 6.069219 4.775126 40.257885 -8.438761 -10.889030 -8.251686 -0.000001 0.000004 -0.000298
-15.648333 9.621539 0.005424 -129.963013 -85.964149 121.056168 6.819847 5.442418 25.482653 -0.000001 0.000002 -12.161670 0.000001 -0.000005 -0.005902 0.000001 -0.000003 5.829915 -0.000000 -0.000007 12.605157 0.393065 -8.614312 -17.322128 -4.497269 0.141592 -6.220644 -11.117337 -10.290023 0.812531 55.124386 48.043488 -71.984451 -1.859445 0.830872 -8.620887 2.093417 -1.735257 -1.226567 18.059587 10.989405 33.759941 -27.079285 -34.118652 -76.139565 3.035404 -14.316425 -3.299639 4.974167 -13.700184 12.078423 -8.387231 -2.029528 25.713017 6.943686 10.213091 3.881489 0.000002 0.000002 -0.000298 1.128972 11.440889 -13.618897 4.016452 1.984294 31.698013 -8.967947 -12.847308 -11.127539 0.000001 0.000002 -0.000294
-15.980568 9.656988 0.046635 -121.552811 -85.920761 112.399841 6.898264 4.471286 25.359152 -0.000004 0.000003 -12.161670 0.000003 -0.000002 -0.005903 -0.000000 -0.000003 5.829912 0.000000 0.000002 12.605161 0.287387 -8.122396 -17.177692 -4.176744 0.289293 -6.003631 -11.465499 -10.211349 1.008568 54.782726 47.197655 -70.269821 -1.997680 0.537305 -8.607561 2.303061 -1.545834 -1.347860 16.781496 11.468238 32.542927 -26.879023 -33.337215 -75.598518 2.731624 -13.960936 -2.470436 4.622738 -13.669699 10.999861 -9.886433 -4.185547 30.840561 7.411206 13.217895 8.132671 -0.000012 0.000003 -0.000293 1.776102 11.321725 -10.738842 2.359491 0.953315 25.521738 -9.580624 -13.809762 -14.150014 -0.000005 0.000002 -0.000292
-16.310471 9.634183 0.074377 -120.359558 -85.639603 110.656097 6.785860 3.826837 25.657295 -0.000002 0.000006 -12.161670 0.000002 -0.000004 -0.005901 0.000000 0.000001 5.829914 0.000001 0.000000 12.605157 0.436918 -7.470886 -17.218950 -3.663925 0.402963 -5.910893 -11.772877 -10.095677 1.635647 54.487980 45.943577 -68.122894 -2.273307 -0.076893 -8.824844 2.547487 -1.611111 -1.388632 15.256868 11.822833 30.777840 -26.506338 -32.250259 -75.341881 2.004693 -13.676723 -1.398164 4.307067 -13.195529 9.580389 -11.802986 -5.039788 37.267029 8.061356 15.521578 11.139613 -0.000013 0.000007 -0.000293 2.429489 9.548208 -8.169972 1.646260 1.531420 22.147455 -8.957092 -12.529000 -15.474412 0.000008 0.000002 -0.000296
-16.638568 9.548847 0.103911 -123.955009 -85.442635 113.500069 6.411309 3.346515 26.067425 -0.000000 0.000002 -12.161664 0.000000 -0.000003 -0.005903 -0.000001 -0.000002 5.829916 0.000003 -0.000002 12.605159 0.696005 -6.771387 -17.221813 -3.237415 0.373591 -5.649866 -11.798969 -9.858097 2.694953 53.957668 44.365017 -65.920273 -2.430552 -0.991165 -9.072107 2.483760 -2.217051 -1.444611 13.937983 12.155680 28.921740 -25.771204 -31.167383 -75.600937 1.060466 -13.644327 -0.049371 3.889659 -12.541210 7.684520 -14.148386 -4.840662 44.702682 8.805145 17.556377 13.362185 -0.000014 0.000008 -0.000290 1.521186 8.725016 -6.167840 1.887110 0.742855 22.299850 -3.874933 -6.835001 -14.188329 0.000002 0.000008 -0.000296
-16.963015 9.371529 0.144655 -128.699966 -85.759560 117.208916 5.512333 2.593982 26.815619 -0.000002 -0.000001 -12.161664 0.000000 -0.000001 -0.005905 0.000001 0.000004 5.829916 0.000005 0.000004 12.605160 1.065832 -6.016309 -17.401464 -3.041101 0.111100 -5.458631 -11.456919 -9.406460 4.202578 52.799541 42.522678 -63.992519 -2.524944 -2.059980 -9.262489 2.188724 -2.651953 -1.554139 12.714236 11.720380 26.645548 -24.990692 -29.876444 -75.997559 -0.195395 -13.968294 1.421047 2.952667 -12.254049 5.909022 -16.939613 -4.058207 52.154320 10.544485 17.616060 14.233818 0.000003 0.000003 -0.000297 0.230993 8.357120 -5.455147 1.209561 -1.086169 26.101282 1.458351 -2.267097 -17.695095 -0.000000 0.000005 -0.000293
-17.285855 9.217797 0.192608 -126.157776 -86.849983 113.108070 4.007020 0.860216 28.169168 0.000001 0.000000 -12.161669 0.000000 -0.000003 -0.005904 0.000000 0.000002 5.829915 0.000000 -0.000002 12.605159 1.709728 -5.041046 -17.670090 -3.005017 -0.296835 -5.022096 -10.691381 -9.053115 5.576812 50.949120 40.571743 -62.094883 -3.206941 -2.979751 -9.675751 1.756175 -3.006422 -1.184406 11.679767 11.113729 23.357817 -24.823870 -28.959814 -76.169220 -1.330557 -14.197406 2.956005 1.561394 -12.909747 4.402568 -20.437782 -2.967671 59.233910 11.925846 16.829138 11.539103 -0.000007 0.000007 -0.000293 0.051308 5.878253 -4.524833 -0.137071 -1.830656 29.249500 2.419411 0.595042 -15.263813 0.000001 0.000003 -0.000293
-17.593733 9.057629 0.235635 -129.017395 -88.088692 114.449120 1.975815 0.083651 29.202881 -0.000000 0.000002 -12.161670 0.000001 -0.000002 -0.005904 -0.000001 0.000002 5.829914 0.000003 -0.000001 12.605158 2.957746 -4.496832 -18.132856 -2.415841 -1.595363 -3.857907 -9.970613 -8.606577 6.571880 48.489235 38.210266 -59.938011 -5.467405 -3.135413 -10.246377 1.465293 -3.721720 0.292335 11.226838 10.115472 18.825207 -26.004681 -28.199852 -75.455338 -2.091849 -14.187750 3.829357 0.631987 -13.974094 3.178588 -23.638151 -0.357584 64.304497 11.960015 15.620213 8.029887 -0.000009 0.000008 -0.000292 -1.650490 7.042811 -3.146645 -0.032291 -4.012912 33.652378 3.390414 1.599589 -16.502987 -0.000003 0.000005 -0.000291
-17.924819 8.937205 0.251481 118.838326 -89.252708 -134.988235 -1.380126 -0.574355 30.938101 -0.000002 0.000004 -12.161667 0.000003 -0.000005 -0.005905 -0.000000 0.000007 5.829915 0.000000 -0.000005 12.605157 3.961379 -3.967335 -19.034811 -1.628902 -2.763963 -3.233843 -9.887993 -9.358158 7.364856 45.690006 36.501106 -57.218044 -9.658783 -2.753623 -9.716314 1.405351 -4.371370 0.386752 11.641109 8.459216 14.731535 -27.526443 -27.934723 -75.106438 -1.720355 -13.894562 4.136838 -1.173865 -14.486506 1.592791 -24.751970 2.805645 68.868645 9.755158 13.751007 4.506174 0.000005 0.000003 -0.000291 -3.659624 8.936844 -2.417794 -0.938967 -6.158321 39.000782 4.308230 2.641085 -19.935600 0.000003 0.000009 -0.000290
-18.249785 8.861505 0.249949 22.977478 -89.153740 -39.723576 -2.309346 -2.128600 31.519842 -0.000001 0.000004 -12.161666 0.000002 0.000001 -0.005903 0.000001 0.000000 5.829915 0.000000 -0.000007 12.605158 4.512448 -3.715215 -18.822355 -1.309870 -3.632544 -2.594640 -9.615705 -11.187056 9.001491 42.128746 36.334808 -55.048191 -15.379071 -1.608815 -8.430629 1.431316 -5.586617 0.320708 12.658854 7.364281 10.572745 -28.139587 -28.404243 -75.809616 -1.282549 -14.016006 4.352381 -0.604361 -15.086401 -1.536224 -24.768583 5.058337 73.181145 6.856855 12.333611 1.521803 -0.000007 0.000004 -0.000292 -3.079490 10.429622 -0.607143 -0.376271 -6.808801 41.003910 4.994992 0.879801 -22.777348 0.000003 0.000004 -0.000293
-18.574328 8.818444 0.247060 -9.238200 -88.257523 -7.258403 -2.651997 -3.721214 31.256964 -0.000004 0.000005 -12.161667 0.000002 -0.000006 -0.005904 0.000003 0.000004 5.829915 -0.000001 -0.000006 12.605157 4.705769 -3.343298 -17.895300 -1.066182 -4.322335 -2.198201 -9.944441 -12.338331 11.579363 39.014835 36.420891 -54.551029 -18.919203 -0.971690 -8.554005 1.379428 -6.591895 -0.127205 13.602464 6.546776 6.481785 -27.677814 -28.549612 -77.222580 -2.611317 -14.919266 4.476525 0.488744 -16.382647 -4.637569 -24.786314 7.040322 74.982368 4.961586 11.472116 -0.937650 0.000000 0.000009 -0.000292 -2.730232 11.698049 0.928391 0.579941 -7.873554 41.920513 5.315624 -0.337787 -25.121080 -0.000001 0.000002 -0.000295
-18.898276 8.815840 0.244998 -15.026849 -87.756416 -1.568870 -2.823941 -5.430796 31.287655 -0.000001 0.000010 -12.161671 0.000000 -0.000007 -0.005906 0.000000 -0.000000 5.829917 0.000002 0.000002 12.605157 4.031517 -2.473114 -16.731377 -1.214136 -4.313582 -2.095646 -11.372704 -12.647470 14.830364 39.031776 35.672390 -54.465508 -17.755404 -1.321919 -8.933998 1.238244 -6.836744 -1.000177 13.911631 6.183983 3.008418 -26.499573 -28.886755 -79.627159 -4.841696 -15.762250 4.952258 1.454519 -16.790026 -6.973299 -24.970366 7.965281 75.240746 4.203399 10.989324 -3.004327 -0.000003 0.000002 -0.000296 -2.474632 11.106270 2.460913 0.384414 -7.851562 42.674835 5.355859 0.029850 -26.512526 -0.000002 0.000006 -0.000290
-19.224974 8.846723 0.245673 -20.462648 -87.339935 3.900560 -2.778713 -7.189325 31.013887 0.000000 0.000002 -12.161669 0.000001 -0.000002 -0.005904 0.000001 -0.000005 5.829913 0.000001 -0.000002 12.605158 2.789766 -1.563141 -15.668401 -1.421037 -4.331638 -2.199910 -13.923223 -13.281239 18.185816 41.755913 35.871155 -53.255638 -15.827929 -2.359133 -9.429034 1.648115 -6.851016 -1.910595 13.436005 6.502516 0.463232 -25.461922 -29.468405 -82.551620 -6.290145 -16.369364 5.246784 2.224868 -16.173391 -9.150179 -24.490675 7.485219 74.616150 4.056125 10.467453 -4.820409 0.000002 0.000001 -0.000296 -2.008579 9.348876 4.405755 0.215426 -6.435363 42.379860 5.301761 0.075415 -27.098562 0.000002 0.000006 -0.000293
-19.554375 8.904480 0.261360 -20.617245 -86.557816 4.585910 -2.668748 -9.168396 30.181070 -0.000002 0.000005 -12.161667 0.000001 -0.000003 -0.005906 0.000001 0.000003 5.829916 0.000001 -0.000004 12.605159 1.554048 -0.787893 -14.984762 -1.624744 -4.656676 -2.425569 -17.112471 -13.991771 21.195963 45.215828 36.854618 -51.438099 -14.565071 -3.451817 -9.855778 2.314876 -6.977309 -2.670761 12.573080 7.004015 -1.336465 -24.956833 -30.111504 -85.718521 -6.467107 -15.971735 5.040612 2.805951 -15.101725 -11.511443 -23.515131 5.761869 73.060951 4.178248 9.816826 -6.517033 0.000001 0.000007 -0.000290 -2.118336 7.457361 6.370570 0.952520 -4.882512 41.062401 4.775776 -0.800170 -26.486403 -0.000000 0.000002 -0.000287
-19.883824 8.985325 0.274581 -23.979332 -86.595154 9.092541 -2.274375 -10.214306 28.603439 -0.000002 -0.000001 -12.161667 0.000005 -0.000004 -0.005903 -0.000000 0.000005 5.829912 0.000002 -0.000003 12.605159 1.031915 -0.000948 -14.406789 -1.812703 -5.005359 -2.503150 -20.195230 -14.199195 23.844498 47.684135 37.958721 -50.468994 -13.269401 -4.103478 -9.781421 3.037437 -7.019992 -3.123245 11.599056 7.384679 -2.818525 -25.364590 -30.789387 -88.636810 -6.575645 -14.884503 4.512652 3.551038 -13.030347 -13.905814 -22.418631 3.360938 70.037910 4.561922 9.156192 -7.830111 0.000001 0.000004 -0.000290 -2.223025 6.998580 7.705095 1.691138 -4.161230 39.504292 3.602072 -1.771797 -24.009737 0.000000 0.000013 -0.000297
-20.214922 9.089094 0.289724 -27.798214 -86.832634 14.097138 -1.900689 -10.984036 27.043344 -0.000002 0.000006 -12.161669 0.000002 -0.000003 -0.005905 0.000002 0.000003 5.829913 -0.000000 -0.000008 12.605160 1.065811 0.720386 -13.816210 -2.005877 -5.064164 -2.408485 -22.714359 -13.999116 26.105782 48.708302 38.920071 -50.731827 -12.038926 -4.055092 -9.282428 3.481871 -6.761827 -3.211174 10.760761 7.689978 -4.301872 -26.394295 -31.398726 -90.384720 -7.455855 -14.035143 3.150156 4.049605 -11.237514 -15.448351 -21.126022 0.730339 65.164925 5.242849 8.582023 -8.705656 0.000003 0.000002 -0.000303 -2.081668 6.809494 8.631489 2.144370 -3.463409 38.503536 2.022539 -2.865864 -19.837576 0.000002 0.000004 -0.000293
-20.550292 9.210068 0.305808 -28.858707 -86.955986 15.978891 -1.757300 -11.595037 25.885702 -0.000002 -0.000001 -12.161667 0.000004 -0.000003 -0.005905 -0.000001 0.000007 5.829916 0.000002 -0.000006 12.605160 1.255974 1.072427 -13.079929 -2.136750 -5.039782 -2.117032 -24.346224 -13.655700 27.886404 48.373280 39.576309 -51.904755 -10.898776 -3.813882 -8.208056 3.785599 -6.542090 -3.127940 9.961557 7.974930 -5.520244 -27.142670 -32.238407 -91.873222 -8.467555 -13.339872 1.862406 4.429948 -10.653014 -15.694510 -19.305269 -1.449066 58.244038 6.030903 7.807234 -9.320141 0.000003 -0.000008 -0.000289 -1.907838 6.591537 9.451259 2.839903 -2.518809 38.123295 -0.050826 -4.491471 -14.000276 -0.000005 0.000004 -0.000293
-20.889798 9.334096 0.316915 -28.010559 -87.148506 15.795955 -1.775980 -11.805271 24.886330 -0.000003 -0.000001 -12.161665 0.000004 0.000003 -0.005904 0.000001 0.000007 5.829916 0.000001 -0.000009 12.605155 1.419149 1.009490 -12.287888 -2.219858 -4.884692 -1.725155 -25.306057 -13.726685 29.202415 47.636848 40.007900 -52.927979 -10.054184 -3.771788 -6.718753 3.913363 -6.454274 -2.907607 9.270160 7.880163 -6.507324 -27.502419 -32.973164 -92.913094 -8.860971 -12.911380 0.884466 5.339875 -11.460649 -14.835622 -16.909719 -2.083711 49.203167 6.538390 6.795277 -10.383390 0.000000 0.000003 -0.000301 -1.881147 6.760646 9.764941 3.754031 -1.913206 38.553162 -2.430652 -6.177841 -6.586382 -0.000003 0.000008 -0.000294
-21.230517 9.445683 0.322353 -28.301983 -87.500404 16.734667 -1.741069 -11.527411 23.961243 -0.000002 0.000005 -12.161664 0.000001 -0.000009 -0.005906 0.000001 0.000003 5.829917 0.000003 -0.000001 12.605155 1.568996 0.607576 -11.741442 -2.322127 -4.679333 -1.460256 -25.921797 -14.078873 30.070004 47.400002 40.292015 -53.089882 -9.913964 -3.873295 -5.829772 3.828940 -6.612429 -2.730075 8.741526 7.207527 -7.215616 -27.323128 -33.200550 -93.700417 -8.889615 -12.628366 0.370041 6.148609 -13.446510 -13.118630 -13.870612 -1.143726 39.005219 6.862475 6.742019 -11.610449 -0.000003 0.000002 -0.000289 -1.947681 6.954386 9.273750 4.938371 -1.076259 39.894089 -4.979003 -7.761382 2.281090 0.000001 0.000003 -0.000287
-21.569939 9.533499 0.326029 -25.314322 -87.756935 14.375221 -1.688332 -11.101753 23.296856 -0.000002 -0.000007 -12.161664 0.000003 0.000004 -0.005906 -0.000002 0.000003 5.829915 0.000004 -0.000007 12.605159 1.616442 -0.086979 -11.713022 -2.520518 -4.620661 -1.548475 -26.080027 -14.196918 30.379797 47.582428 40.287952 -52.593449 -10.082402 -4.129807 -5.810811 3.485567 -7.124291 -2.879558 8.493083 6.178882 -7.397944 -26.752117 -32.936600 -94.268700 -9.016506 -12.685735 0.052706 5.983683 -15.552252 -10.538423 -10.630996 0.214629 28.703043 8.011250 7.836507 -12.971563 0.000003 -0.000005 -0.000285 -2.121491 6.556575 7.877727 6.407821 0.247038 42.413029 -7.708115 -9.277506 11.286514 0.000002 0.000005 -0.000293
-21.903401 9.579341 0.332289 -15.773874 -87.731865 5.182466 -1.771408 -10.694330 23.075211 -0.000003 0.000001 -12.161669 0.000004 -0.000005 -0.005905 0.000000 0.000001 5.829915 0.000002 0.000004 12.605159 1.584891 -1.025731 -12.031004 -2.704555 -4.682313 -1.725807 -25.843679 -13.911548 30.073805 47.861286 40.069084 -52.122551 -10.054148 -4.499465 -5.895613 3.090566 -7.892618 -3.062867 8.278275 5.139711 -7.107241 -26.000196 -32.533695 -94.491226 -9.199943 -12.947041 -0.078676 4.303340 -15.832010 -8.192380 -7.227063 0.614264 20.903454 9.948981 9.013922 -14.262503 -0.000003 -0.000008 -0.000291 -2.366920 5.956181 5.989281 7.921126 0.885603 46.060699 -11.018203 -10.207483 19.770712 -0.000003 0.000006 -0.000295
-22.233788 9.575705 0.333390 -5.690688 -87.437080 -5.400440 -2.079868 -10.370847 23.740274 0.000000 0.000003 -12.161668 0.000001 -0.000004 -0.005905 -0.000002 -0.000000 5.829916 0.000001 -0.000005 12.605155 1.549183 -1.901650 -12.352420 -2.759924 -4.737224 -1.765268 -25.621202 -13.265097 29.259001 48.366089 40.020134 -51.878471 -9.725699 -4.840079 -5.979914 2.728621 -8.309633 -2.937508 7.823379 3.535214 -6.657538 -25.015957 -31.953373 -94.400269 -9.121338 -13.264034 -0.088393 3.176896 -16.342089 -6.065414 -5.390171 0.759047 16.283270 11.462240 10.067994 -15.600724 0.000001 -0.000003 -0.000299 -2.371252 5.747209 4.376701 9.012132 0.175003 50.473808 -14.217834 -10.278531 27.197399 0.000003 -0.000001 -0.000295
-22.563372 9.528128 0.320377 -4.303631 -87.210068 -8.069423 -2.156422 -9.896663 25.193739 -0.000001 -0.000002 -12.161665 -0.000000 -0.000003 -0.005904 0.000002 -0.000001 5.829915 -0.000001 -0.000000 12.605156 1.551616 -2.614525 -12.616982 -2.784419 -4.874216 -1.851862 -25.418148 -12.271622 28.081236 49.268597 40.098534 -51.601093 -9.179700 -4.992267 -6.232729 2.278264 -8.421301 -2.870197 7.252202 1.418496 -5.865741 -24.035583 -30.995668 -93.667542 -9.039840 -13.578219 -0.276142 3.337616 -16.184248 -3.695031 -5.084124 0.675564 15.041011 8.601433 9.532325 -15.453817 0.000004 0.000000 -0.000297 -1.866400 6.260292 3.090883 9.967080 -1.262377 55.191860 -17.606939 -9.249439 32.791729 0.000003 -0.000001 -0.000297
-22.885579 9.427811 0.296786 -9.697083 -87.198021 -4.028409 -1.921762 -9.259179 26.751009 -0.000002 0.000005 -12.161667 0.000002 0.000002 -0.005904 -0.000001 -0.000006 5.829915 0.000001 0.000002 12.605162 1.618819 -3.100758 -13.048070 -2.742839 -4.745173 -2.059056 -25.067242 -11.359841 26.630880 50.315750 40.146847 -51.195190 -8.546779 -5.098101 -6.690552 1.901941 -8.222878 -2.926603 6.651604 -0.072618 -4.879447 -23.587889 -30.396767 -92.010834 -9.209786 -13.685090 -0.236960 4.779826 -15.594458 -2.427202 -6.669468 2.333282 18.130550 8.102485 9.146351 -15.560460 0.000009 0.000005 -0.000288 -0.982701 6.961104 1.478612 11.576688 -2.145257 60.195866 -20.041784 -7.809732 33.143696 -0.000003 0.000008 -0.000292
-23.195923 9.261642 0.269830 -21.604313 -87.395866 6.660424 -1.399016 -8.377425 28.141459 -0.000004 -0.000000 -12.161667 0.000005 -0.000006 -0.005905 -0.000000 0.000003 5.829915 0.000001 -0.000003 12.605160 1.699642 -3.436388 -13.391885 -2.782262 -4.536949 -2.222668 -24.359512 -10.490546 24.709095 51.447342 39.924858 -50.567581 -7.921659 -5.295691 -7.222818 1.645895 -7.905783 -2.910480 5.978188 0.175230 -3.487745 -24.098385 -30.808331 -88.795212 -9.607720 -13.964563 -0.285008 6.703619 -13.331478 -2.794704 -8.501464 4.117054 23.090601 9.382331 5.789340 -15.943148 -0.000003 0.000003 -0.000295 0.306754 7.530896 -0.588533 13.519879 -2.448178 65.697227 -19.535454 -9.549479 28.208485 -0.000002 0.000005 -0.000294
-23.506102 9.104753 0.263054 -32.372589 -87.191040 16.434942 -0.772207 -8.032229 29.479540 -0.000002 0.000001 -12.161668 0.000002 0.000001 -0.005902 -0.000001 -0.000003 5.829915 0.000003 -0.000005 12.605161 1.622939 -3.434539 -14.151782 -2.971809 -4.463347 -2.316852 -23.044474 -9.461756 22.055817 52.336895 39.223976 -49.785637 -7.671042 -5.615523 -7.648146 1.137593 -7.340240 -2.903601 5.379782 1.250070 -1.347885 -24.858177 -31.595253 -85.443893 -9.654410 -14.293423 -0.031557 6.218257 -12.040959 -3.043256 -6.470265 5.017838 29.598116 6.523308 3.042996 -16.754377 0.000009 -0.000003 -0.000286 1.151539 7.760657 -3.034998 15.372972 -3.272858 70.444145 -16.957613 -12.348235 22.729404 0.000005 0.000002 -0.000293
-23.849955 8.974083 0.304788 -42.899860 -86.198051 25.607182 0.360110 -8.155823 30.783325 -0.000001 0.000002 -12.161669 0.000001 -0.000002 -0.005901 0.000001 0.000001 5.829914 -0.000001 -0.000002 12.605160 1.607927 -3.609617 -14.875546 -2.694616 -4.607213 -2.509821 -21.954098 -8.323709 19.395166 53.262524 38.216003 -48.802826 -8.791936 -5.931552 -7.794696 0.257538 -6.985005 -1.924613 5.460362 2.658465 0.981625 -25.951090 -31.743414 -81.837616 -8.949489 -14.578336 0.197572 7.008552 -14.566810 -2.762002 -6.255819 5.788156 35.387474 3.018162 2.620297 -19.794699 0.000001 -0.000001 -0.000294 1.913190 7.062576 -4.783957 15.659165 -4.269620 73.826820 -13.389253 -13.225808 17.529924 0.000000 0.000002 -0.000293
-24.192511 8.907812 0.315302 -48.330536 -86.230904 28.770052 0.874031 -7.033625 33.365772 -0.000001 0.000003 -12.161669 0.000002 -0.000001 -0.005903 0.000001 0.000003 5.829914 -0.000001 -0.000012 12.605158 1.925749 -4.261663 -15.698934 -2.720811 -4.823376 -2.508568 -20.400002 -7.302034 16.320156 54.278931 37.560402 -49.027889 -10.755519 -6.117933 -8.358202 -0.083645 -6.870186 -1.081440 5.598218 3.897086 3.631087 -26.328024 -31.369020 -79.144669 -7.129760 -14.325794 0.221904 6.181792 -16.182301 0.081348 -7.716073 4.567238 38.026459 1.886521 5.767539 -22.457747 0.000007 -0.000010 -0.000297 2.380286 7.304338 -5.996131 14.660762 -5.388402 76.749535 -10.209355 -12.293534 13.034866 -0.000008 0.000010 -0.000288
-24.530055 8.859493 0.321663 -55.785049 -86.800529 36.157169 1.320852 -5.664804 33.519325 0.000000 0.000003 -12.161665 -0.000002 -0.000005 -0.005904 0.000002 0.000004 5.829916 0.000003 -0.000003 12.605157 1.973508 -4.541741 -15.803605 -2.654652 -4.317280 -2.689610 -19.242725 -6.509370 14.148054 55.737869 37.742229 -50.634823 -10.834394 -5.983946 -9.321243 -0.282460 -6.111454 -0.348703 5.996667 4.711213 6.883889 -26.131243 -30.832342 -77.712181 -4.513061 -14.618613 0.095601 5.658344 -17.108503 1.872012 -9.527762 3.627359 38.771687 1.291253 8.843293 -24.560993 0.000002 -0.000000 -0.000283 2.462091 8.199321 -9.020454 14.713051 -5.682230 78.087349 -8.059950 -11.782192 9.627929 0.000001 0.000003 -0.000291
-24.868525 8.847826 0.343882 -60.590000 -86.812668 41.074875 1.819637 -4.695650 33.302586 -0.000003 0.000007 -12.161665 0.000003 -0.000003 -0.005905 -0.000000 -0.000003 5.829916 0.000002 0.000001 12.605158 1.994014 -4.764159 -15.337479 -2.651786 -3.630217 -3.115919 -17.987776 -6.511453 12.428039 56.808472 38.996418 -52.969116 -9.295472 -5.377618 -9.971080 -0.361734 -5.071720 0.086808 6.984473 5.569873 10.520678 -24.972269 -30.823200 -77.833420 -2.711984 -15.329657 0.159301 5.659113 -17.516338 3.418373 -9.170823 5.148322 39.413895 1.189345 7.587828 -26.429602 0.000003 -0.000003 -0.000289 2.635135 8.301874 -11.441354 15.163138 -4.971646 77.680367 -6.168286 -11.538819 6.406962 -0.000003 0.000004 -0.000292
-25.212056 8.873835 0.379458 -65.829834 -87.020859 46.775551 2.178226 -3.489947 32.575577 -0.000002 0.000000 -12.161668 0.000001 -0.000003 -0.005902 0.000001 0.000002 5.829913 0.000000 0.000001 12.605159 2.153700 -5.036530 -14.647112 -2.966091 -2.994605 -3.702457 -16.545509 -7.079984 10.739979 56.656918 41.247627 -56.118698 -8.189625 -3.660041 -10.176198 -0.258015 -3.903870 0.190874 8.497457 6.938976 14.423982 -23.275576 -31.479362 -78.980728 -3.282877 -16.347601 0.516237 5.495976 -15.335619 5.416980 -8.551895 4.198535 38.876213 1.423422 6.453651 -27.215870 -0.000001 0.000006 -0.000285 2.616175 8.459651 -13.512056 14.898101 -3.678755 75.840668 -4.299209 -10.750803 3.328380 0.000001 0.000001 -0.000293
-25.560973 8.935590 0.421153 -72.096497 -87.199425 53.719276 2.546129 -2.123072 31.561840 0.000001 -0.000001 -12.161665 0.000001 0.000004 -0.005905 -0.000001 -0.000005 5.829915 0.000001 -0.000004 12.605158 2.401374 -5.486654 -14.036200 -3.345651 -2.543521 -4.365398 -15.229856 -7.994678 9.418200 55.400719 44.066933 -60.175095 -6.980055 -1.094587 -10.009543 0.231658 -2.938958 0.098495 10.245994 8.460785 18.162762 -22.200130 -32.815857 -80.248222 -4.927753 -17.637087 1.274488 5.174004 -13.686403 7.999751 -8.245249 2.952755 36.724819 1.755021 6.296286 -26.570471 -0.000002 0.000005 -0.000296 2.706328 8.400389 -15.122840 13.735270 -1.733850 72.554016 -3.129881 -9.403345 1.127971 0.000009 0.000003 -0.000301
-25.909426 9.026327 0.467704 -71.223534 -87.116226 53.783592 2.908152 -0.999334 30.344137 -0.000002 0.000002 -12.161667 0.000000 0.000005 -0.005905 0.000000 -0.000002 5.829916 -0.000001 0.000001 12.605160 2.639077 -6.120922 -13.623930 -3.688788 -2.106335 -5.001497 -13.943215 -8.824033 8.589452 53.417130 46.569633 -64.892654 -5.308242 1.353050 -9.689191 0.754410 -2.355844 -0.105207 12.112763 9.538136 21.546764 -21.743658 -33.725422 -81.231438 -6.746080 -18.497522 2.182175 4.819226 -13.310693 10.246797 -8.171760 2.471300 34.036991 2.596546 6.718841 -23.767588 -0.000007 0.000009 -0.000291 2.836339 7.696114 -16.472137 12.277101 0.825156 67.902603 -2.844193 -8.252442 -0.112663 -0.000002 0.000002 -0.000293
-26.255496 9.138281 0.516138 -72.310425 -86.983582 56.133053 3.378309 0.287179 28.820629 -0.000005 0.000004 -12.161666 0.000004 -0.000006 -0.005905 -0.000000 -0.000002 5.829916 0.000002 -0.000006 12.605154 2.780934 -6.810037 -13.341287 -3.980830 -1.690259 -5.357242 -12.733549 -9.130478 7.853448 51.748398 48.228043 -69.094345 -4.308947 2.807570 -9.453237 1.067728 -2.050606 -0.300946 13.760761 10.021781 24.355486 -22.612719 -33.938644 -81.194962 -7.290534 -16.954063 3.038545 4.339736 -13.386572 11.940858 -7.713317 2.899905 31.739330 3.585853 6.920251 -19.126818 -0.000007 0.000012 -0.000288 2.816969 7.131804 -17.313583 11.322466 3.879598 61.557793 -2.982337 -8.043032 -0.813118 0.000001 0.000002 -0.000291
-26.598187 9.265129 0.571972 -76.297615 -86.965591 61.401627 3.812756 1.701302 27.413839 -0.000001 0.000002 -12.161668 -0.000000 -0.000001 -0.005904 0.000001 0.000001 5.829915 0.000001 -0.000008 12.605159 2.752626 -7.427625 -13.263382 -4.200147 -1.330637 -5.563513 -11.829594 -9.043629 7.102355 50.967594 49.269157 -71.881363 -4.216203 2.899703 -9.524387 1.180125 -1.929862 -0.491567 14.880930 10.262727 26.551737 -24.706558 -33.544708 -80.192589 -6.293396 -15.134953 2.527594 3.840621 -13.199994 12.933340 -7.494141 3.019035 30.253431 4.325709 7.265060 -12.699800 -0.000001 0.000004 -0.000298 2.414281 7.337777 -17.078474 10.471706 6.809450 53.595879 -3.204961 -8.554072 -1.927049 0.000005 0.000001 -0.000295
-26.938670 9.394740 0.636479 -76.369576 -86.893921 62.696869 4.075763 2.543133 26.026720 -0.000004 -0.000000 -12.161669 0.000003 -0.000008 -0.005902 -0.000002 0.000002 5.829915 0.000003 -0.000000 12.605157 2.501452 -7.725192 -13.215981 -4.326459 -0.782655 -5.553294 -11.317820 -8.971664 6.396278 51.480938 49.913616 -72.735313 -4.047188 2.576757 -9.751330 1.216527 -1.791445 -0.593077 15.531459 10.701228 28.195236 -26.219944 -32.970360 -79.625381 -5.916766 -14.641397 2.122816 3.621565 -13.253839 13.232415 -8.046799 2.595930 29.618914 4.770416 8.312299 -4.895113 0.000014 -0.000006 -0.000294 1.825493 8.202950 -15.829285 8.734564 8.829387 44.401577 -3.676353 -9.093608 -3.792359 0.000003 -0.000000 -0.000293
-27.279479 9.512304 0.707115 -70.056885 -86.501053 57.311832 4.375316 2.622241 24.796274 -0.000001 -0.000003 -12.161664 -0.000001 0.000002 -0.005905 0.000003 -0.000000 5.829916 -0.000000 -0.000002 12.605157 2.158644 -7.821771 -13.194114 -4.345244 -0.239284 -5.297519 -11.170424 -9.029771 5.806771 52.766644 50.263458 -72.142395 -3.323336 2.180621 -9.793486 1.284749 -1.580039 -0.711374 15.808258 11.292672 29.186338 -25.610916 -32.750042 -80.052650 -6.226638 -14.245216 2.163092 3.492244 -13.847343 12.993997 -8.925475 1.786142 30.214134 5.158980 9.890238 3.468882 0.000001 0.000003 -0.000297 1.380056 9.637885 -13.679798 6.131982 9.250670 34.571850 -4.447238 -9.618821 -6.149827 0.000002 -0.000000 -0.000298
-27.624987 9.607025 0.781821 -62.255749 -85.722908 49.836254 4.863632 2.149488 24.144918 -0.000002 0.000003 -12.161668 0.000002 0.000001 -0.005903 0.000002 -0.000001 5.829916 0.000001 -0.000008 12.605160 1.846630 -7.842378 -13.342831 -4.304933 0.054721 -5.031388 -11.315075 -9.031302 5.398588 53.960155 50.268246 -70.969070 -2.322569 1.618658 -9.665431 1.474892 -1.371655 -0.968052 15.552772 11.647592 29.480974 -24.583689 -32.407425 -80.335434 -6.621110 -14.724098 2.231110 3.206405 -14.327710 12.390637 -9.941666 0.046225 32.584419 5.748667 12.157470 11.335388 0.000000 0.000005 -0.000292 1.619477 11.495270 -10.950329 3.455507 8.707746 25.799442 -5.889826 -10.673599 -9.030103 -0.000003 0.000006 -0.000295
-27.971785 9.660286 0.855808 -57.816856 -84.774002 45.004219 5.411204 1.389483 24.237267 -0.000003 0.000009 -12.161661 0.000003 -0.000005 -0.005907 -0.000000 0.000007 5.829915 -0.000000 -0.000004 12.605162 1.650560 -7.660339 -13.683511 -4.186534 0.203887 -4.889191 -11.524900 -8.900622 5.204080 54.895393 49.773087 -69.320496 -1.629052 1.187121 -9.658895 1.743999 -1.373267 -1.096285 14.960223 11.966550 29.053295 -23.897688 -32.105602 -80.089409 -6.741920 -15.148277 2.041347 2.997063 -14.480186 11.541315 -11.524841 -2.028696 36.771801 7.256784 14.555629 18.312149 0.000002 0.000001 -0.000288 2.680718 12.573903 -8.055272 1.483856 8.175270 19.646009 -8.405642 -11.557915 -11.842602 -0.000003 -0.000003 -0.000298
-28.315648 9.657269 0.926328 -58.083431 -84.032249 44.318501 5.822829 0.524868 25.063820 -0.000003 0.000002 -12.161666 0.000001 0.000005 -0.005906 0.000002 -0.000002 5.829916 0.000001 -0.000008 12.605162 1.584902 -6.987903 -14.271872 -4.000538 0.444181 -4.945343 -11.609919 -8.658741 5.136741 55.311642 48.827076 -67.459999 -1.467964 0.826447 -9.711196 1.983750 -1.242428 -1.324252 14.248804 12.063732 28.235668 -23.893108 -31.840372 -79.174187 -6.444894 -15.015442 1.048145 2.806498 -14.379230 10.596680 -13.505754 -3.122515 42.158916 8.856589 16.463730 23.718214 0.000004 -0.000000 -0.000292 3.625809 12.609762 -5.380825 0.572005 7.775672 16.463058 -8.728168 -11.213074 -14.382447 0.000000 0.000007 -0.000287
-28.652964 9.592718 0.996757 -60.894642 -83.828255 46.203106 5.844584 0.003407 25.954260 -0.000000 -0.000004 -12.161665 -0.000001 0.000002 -0.005903 0.000003 0.000003 5.829912 0.000001 0.000003 12.605165 1.720900 -6.088089 -14.976858 -3.702543 0.609516 -5.063202 -11.613708 -8.357370 5.349352 55.060036 47.641220 -65.675682 -1.542982 0.334144 -9.713876 2.172930 -1.110475 -1.516708 13.434547 11.757684 27.135378 -24.705866 -31.544422 -77.603966 -5.723529 -14.502290 -0.959054 2.498653 -13.741112 9.067114 -15.485589 -3.280424 48.529556 10.291885 17.172321 26.074083 -0.000007 0.000004 -0.000292 3.047596 12.312871 -3.392235 1.077761 6.456764 16.045156 -5.278385 -8.743575 -15.243147 0.000001 0.000007 -0.000288
-28.980160 9.471780 1.077278 -58.903046 -83.929527 43.490303 5.156242 -0.897098 26.700022 -0.000004 0.000003 -12.161669 0.000004 0.000003 -0.005903 -0.000001 -0.000001 5.829916 0.000002 -0.000008 12.605158 1.897075 -5.056285 -15.637366 -3.390955 0.815056 -5.109688 -11.430443 -8.045936 5.823216 54.278244 46.206276 -63.861416 -1.590532 -0.184914 -9.723183 2.291268 -0.991669 -1.557449 12.441319 11.078760 25.598137 -25.883160 -30.952246 -75.716927 -5.037242 -13.574022 -3.174449 1.657301 -13.293871 6.864060 -17.801497 -3.044062 55.380131 11.351894 15.533785 24.235296 0.000009 0.000000 -0.000292 1.427536 11.796764 -2.829275 1.602782 3.723307 19.177189 -0.417006 -4.266436 -15.615793 -0.000001 0.000007 -0.000290
-29.297112 9.320588 1.162369 -49.655804 -83.781326 33.087887 3.950613 -2.310490 27.922672 -0.000002 0.000007 -12.161665 0.000001 -0.000006 -0.005906 0.000002 -0.000003 5.829916 0.000000 -0.000006 12.605157 2.071744 -4.269758 -15.913769 -3.025456 0.507920 -5.238455 -10.927407 -7.337007 6.689512 52.638432 44.270554 -62.187889 -1.357473 -0.963867 -9.731959 2.486899 -1.000967 -1.145869 10.993315 9.603391 23.080208 -27.012508 -29.640099 -73.798088 -4.590028 -12.278955 -4.661865 0.180567 -14.114315 4.934416 -20.650440 -2.239129 61.654888 11.554439 14.672715 19.871336 -0.000002 0.000005 -0.000291 1.453112 10.392103 -2.963952 -0.431583 0.298906 22.715427 2.853721 0.003720 -11.103505 0.000003 -0.000003 -0.000288
-29.572165 9.189731 1.248633 -39.280720 -83.119003 21.078444 2.654017 -3.660242 29.647991 -0.000006 0.000002 -12.161666 0.000005 -0.000006 -0.005905 -0.000000 0.000004 5.829916 0.000002 -0.000001 12.605162 2.241323 -3.928539 -15.937714 -2.540697 -0.710970 -5.522933 -10.366039 -6.451913 7.966609 51.005398 41.609913 -59.780144 -0.891683 -1.947679 -9.486511 2.573348 -1.258245 -0.435094 9.628215 7.105464 19.752012 -28.333946 -27.898514 -71.684105 -3.472581 -10.775260 -5.650940 -1.092763 -15.641887 3.551275 -23.510427 -0.575281 66.280449 11.122308 14.744703 16.261316 -0.000004 0.000003 -0.000300 0.947665 8.479952 -1.891828 -1.348511 -1.501114 27.223890 4.654982 2.956017 -9.553594 -0.000001 0.000005 -0.000296
-29.881213 9.058722 1.318743 -26.393772 -82.980461 6.840102 0.590092 -4.111565 30.799971 -0.000003 -0.000005 -12.161665 0.000001 -0.000001 -0.005907 0.000002 -0.000002 5.829915 0.000003 -0.000005 12.605163 2.580110 -3.723326 -15.802253 -1.707316 -1.706241 -4.878824 -10.870213 -7.498385 9.347092 51.594006 38.848827 -54.901005 -1.706020 -2.576272 -8.819695 2.232043 -1.667779 0.032527 9.773570 4.304309 16.626095 -30.531404 -26.453503 -69.186745 -1.591145 -9.125090 -6.101612 -2.517781 -16.259815 1.629194 -24.533121 1.892822 69.869110 9.506098 14.397766 12.703918 -0.000015 0.000008 -0.000289 -1.691637 10.879961 -2.576070 0.081354 -3.214360 34.289410 5.713959 2.435247 -13.185554 -0.000002 0.000004 -0.000297
-30.199509 8.994213 1.385789 -19.930307 -82.354294 -0.645250 -0.737701 -5.099375 32.693130 -0.000002 0.000003 -12.161671 0.000000 0.000005 -0.005901 0.000002 -0.000002 5.829912 -0.000000 0.000000 12.605160 3.066331 -3.172184 -16.644640 -1.673275 -1.468881 -4.756948 -11.504668 -9.823148 11.279272 52.866146 36.469776 -49.783745 -5.559689 -3.462161 -8.424373 1.728684 -2.213705 -0.842371 10.702437 2.806911 13.561299 -32.558128 -25.930229 -67.571388 0.089373 -8.084937 -5.934170 -3.203291 -16.543200 -1.227343 -23.730536 4.295255 73.144104 6.957712 13.614779 9.091044 0.000003 0.000003 -0.000293 -1.689529 11.945119 -1.453700 0.299196 -3.633098 38.336823 6.153971 1.730893 -16.728062 -0.000002 0.000006 -0.000294
-30.502650 8.960067 1.449487 -17.913166 -81.665207 -2.100569 -1.410517 -6.202142 32.776367 -0.000001 0.000006 -12.161666 0.000002 -0.000003 -0.005904 -0.000002 0.000003 5.829916 0.000001 -0.000004 12.605161 3.544095 -2.558858 -17.130392 -1.937390 -1.078013 -4.694221 -12.004757 -10.206077 13.786990 53.237095 33.883797 -47.262707 -11.034698 -5.196172 -8.711968 1.341432 -2.614251 -1.893874 11.261799 2.646089 11.294209 -33.109226 -26.432598 -68.187424 -0.413165 -8.362921 -5.667032 -2.608201 -17.265564 -5.213898 -22.941864 6.387578 74.445580 4.942363 12.701818 5.927343 0.000010 -0.000000 -0.000292 -2.142621 14.239832 -0.157597 1.709940 -4.897081 39.376434 6.429405 0.055319 -19.492353 0.000003 -0.000002 -0.000301
-30.800610 8.963601 1.517992 -15.975977 -80.947289 -3.982291 -2.081132 -7.494720 33.205444 -0.000002 0.000003 -12.161667 0.000001 -0.000006 -0.005906 0.000003 0.000003 5.829916 -0.000001 -0.000009 12.605157 3.373524 -1.927901 -17.233826 -2.064822 -0.902255 -4.739842 -13.341941 -9.395433 16.231396 53.660931 31.985489 -46.605240 -14.319262 -7.772502 -9.056008 1.393076 -2.672396 -2.897869 10.806134 3.167673 9.484669 -32.230774 -27.773268 -71.425858 -2.468275 -9.014462 -4.870135 -1.743452 -17.809637 -8.008772 -22.891403 7.564175 73.816696 3.996055 11.742663 2.898295 0.000002 -0.000002 -0.000292 -2.349005 14.596926 1.394763 2.090281 -5.247869 40.265629 6.440075 -0.449341 -21.458889 -0.000002 0.000003 -0.000290
-31.097407 8.994852 1.579991 -15.954659 -80.048904 -3.931771 -2.095898 -8.644048 33.310303 -0.000003 0.000000 -12.161665 0.000002 -0.000002 -0.005907 0.000001 -0.000000 5.829919 0.000002 -0.000003 12.605157 2.723058 -1.873708 -17.063593 -2.205071 -1.352755 -4.926451 -15.729021 -9.201719 19.019344 54.564270 31.842325 -46.310413 -14.128120 -8.836215 -9.240744 1.795967 -2.993149 -3.819765 9.901173 3.921750 7.917388 -31.207699 -28.930008 -75.210144 -4.215875 -10.079475 -4.494611 -0.592407 -17.887289 -10.242697 -23.068287 7.382949 71.766571 3.748844 10.673600 0.342569 -0.000005 0.000003 -0.000290 -1.837315 13.008620 2.607886 0.949451 -4.899118 41.500755 6.435761 0.328828 -22.843891 0.000004 0.000003 -0.000299
-31.394225 9.045487 1.643633 -16.227116 -78.672630 -3.221621 -1.730420 -10.125249 32.735207 -0.000003 0.000002 -12.161668 0.000003 -0.000006 -0.005902 0.000001 0.000004 5.829915 0.000001 -0.000003 12.605158 1.800311 -2.069580 -16.643671 -2.498287 -1.951498 -4.918506 -18.976925 -10.071668 21.737675 55.066669 33.723083 -46.226322 -12.295305 -7.662502 -9.452993 2.228752 -3.418118 -4.315974 8.953798 5.098083 6.427562 -30.262615 -30.337282 -79.426712 -5.136974 -10.628636 -4.072819 0.366164 -17.434824 -12.310017 -23.082172 5.634060 68.736176 3.905457 9.449998 -1.495820 0.000005 -0.000005 -0.000294 -1.645709 10.106306 3.926136 0.974247 -2.821848 41.441208 6.299512 -0.313310 -23.391344 -0.000007 0.000004 -0.000288
-31.689635 9.110646 1.707614 -16.575809 -77.570328 -1.971253 -1.155364 -11.172520 31.787537 -0.000002 0.000004 -12.161664 0.000002 -0.000003 -0.005906 0.000001 -0.000006 5.829916 0.000000 0.000001 12.605160 1.089817 -2.288361 -16.364534 -2.725771 -2.417502 -4.881875 -22.635313 -11.329342 24.246372 54.379723 36.766579 -47.014477 -9.956562 -5.813587 -9.375052 2.682221 -3.718707 -4.789230 8.081565 6.366772 5.146220 -29.875145 -31.717323 -83.328171 -6.036353 -10.809696 -3.631397 1.398404 -16.191862 -14.332544 -23.211433 2.668760 64.632095 4.167372 8.281566 -3.147046 0.000005 -0.000003 -0.000294 -1.742442 8.295997 5.309317 1.751323 -1.303893 40.420429 5.801257 -1.542986 -23.140821 -0.000002 0.000009 -0.000293
-31.983008 9.191351 1.774523 -16.517708 -77.025154 -1.032534 -0.752413 -11.591421 30.770109 -0.000004 -0.000002 -12.161667 0.000004 0.000002 -0.005903 -0.000002 -0.000003 5.829913 0.000003 -0.000001 12.605158 0.723944 -2.314390 -16.099592 -2.823986 -2.612821 -4.787016 -25.908201 -12.084513 26.580017 52.969448 39.464500 -48.583847 -7.954509 -4.093021 -8.864328 3.086085 -3.765068 -5.057758 7.475759 7.163265 4.289733 -30.142994 -32.739136 -86.181923 -6.723249 -10.899351 -3.797060 1.909900 -14.503758 -15.565933 -22.732271 -1.094701 59.150841 4.492589 7.200151 -4.406388 -0.000005 0.000002 -0.000289 -1.951668 7.789091 6.848970 2.310841 -0.881566 38.835018 5.032675 -2.459536 -21.655500 0.000004 0.000002 -0.000295
-32.275134 9.278172 1.849125 -15.871367 -76.526031 -0.558079 -0.526295 -11.855499 29.503979 -0.000002 0.000005 -12.161670 0.000001 -0.000007 -0.005903 0.000002 0.000001 5.829915 -0.000001 -0.000001 12.605156 0.551560 -2.259332 -15.731462 -2.896045 -2.605849 -4.532938 -28.057169 -12.070716 28.475634 51.393688 40.793400 -50.320694 -6.934615 -3.139633 -8.023562 3.364654 -3.610704 -4.963817 7.116821 7.512233 3.591662 -30.484709 -33.552147 -88.553307 -6.894434 -10.616679 -3.883135 1.740032 -13.041593 -15.883846 -20.677460 -5.067882 52.086243 5.047365 5.977015 -5.252124 -0.000002 0.000001 -0.000293 -2.270387 7.692307 8.102477 2.767722 -0.871952 37.469654 4.048149 -3.347686 -19.199497 -0.000001 -0.000004 -0.000290
-32.569563 9.364671 1.929779 -13.759732 -75.741302 -1.510635 -0.631281 -12.146176 28.115812 -0.000004 0.000006 -12.161668 0.000001 -0.000009 -0.005902 0.000002 0.000003 5.829916 0.000000 -0.000003 12.605154 0.500357 -2.339592 -15.281130 -2.998018 -2.621389 -4.225437 -29.028400 -11.641906 29.812222 50.425499 40.793518 -51.337414 -6.875817 -3.313607 -6.972431 3.491445 -3.435968 -4.623687 6.902323 7.576715 3.108459 -30.475809 -34.198681 -90.284744 -6.735322 -10.400943 -3.969497 1.440179 -12.809511 -15.194260 -16.864012 -7.298382 42.955956 5.710326 4.991637 -7.203598 -0.000012 0.000010 -0.000292 -2.669075 7.551745 9.032478 3.360960 -0.687659 36.584354 2.835637 -4.808040 -15.859230 0.000002 0.000003 -0.000295
-32.867335 9.442553 2.007219 -11.493825 -74.970024 -2.501354 -0.710211 -12.040842 26.685335 -0.000003 0.000002 -12.161669 0.000004 -0.000005 -0.005904 0.000000 -0.000001 5.829916 -0.000001 -0.000003 12.605156 0.607275 -2.692887 -14.950113 -3.115270 -2.805872 -4.011489 -29.279833 -11.353794 30.556812 50.628315 40.017681 -51.081017 -7.060488 -4.280026 -6.195421 3.589715 -3.440975 -4.373011 6.761816 7.441324 2.941603 -30.106207 -34.542282 -91.445190 -6.714439 -10.583410 -3.769072 1.226664 -13.849389 -13.661296 -11.834736 -6.064068 32.237713 6.409281 5.128960 -9.958899 -0.000001 -0.000005 -0.000293 -2.926873 7.589596 9.308047 4.050657 -0.297103 36.558422 1.568861 -6.608741 -11.858445 0.000001 0.000003 -0.000293
-33.168501 9.506262 2.078969 -10.094937 -74.294426 -2.956029 -0.601201 -11.567902 25.784328 -0.000004 0.000001 -12.161666 0.000004 0.000003 -0.005905 -0.000001 -0.000005 5.829915 0.000001 -0.000000 12.605159 0.915023 -3.254038 -15.021207 -3.251424 -2.991540 -3.957716 -29.093622 -11.475876 30.818163 51.521557 38.939846 -49.992683 -6.840025 -5.298740 -6.015161 3.653602 -3.538318 -4.243460 6.754442 7.163678 3.057383 -29.455687 -34.545158 -92.079628 -7.068935 -11.034375 -3.233315 0.556327 -14.814282 -11.311791 -7.888360 -3.374690 21.443914 9.376845 7.321289 -11.521559 -0.000000 -0.000005 -0.000295 -2.700565 7.956795 9.278015 4.666914 0.165766 37.652130 0.331163 -8.510389 -7.487874 0.000000 0.000004 -0.000290
-33.470973 9.543362 2.146443 -9.106700 -73.294884 -3.629591 -0.562493 -11.262899 25.635677 -0.000004 -0.000001 -12.161665 0.000003 -0.000005 -0.005906 -0.000000 -0.000002 5.829916 0.000002 -0.000005 12.605160 1.421076 -3.932305 -15.339982 -3.353572 -3.053826 -3.974787 -28.509701 -11.780523 30.766533 51.908848 38.222263 -49.331394 -6.524663 -5.667766 -6.119905 3.695636 -3.785301 -4.074656 6.742249 7.034834 3.429442 -28.594889 -34.412445 -92.257675 -7.512780 -11.712229 -2.457105 -0.947694 -14.803102 -8.627509 -5.037693 -1.795403 12.567720 12.980043 10.247051 -12.378200 0.000003 0.000000 -0.000287 -2.009241 8.072001 9.194343 5.214077 0.655627 40.012657 -0.707220 -10.426898 -2.919100 0.000000 -0.000001 -0.000291
-33.773314 9.541901 2.205414 -8.792367 -71.960060 -4.385762 -0.560507 -11.161383 26.246771 -0.000003 -0.000004 -12.161666 0.000004 0.000003 -0.005906 -0.000002 -0.000004 5.829916 0.000004 -0.000003 12.605156 2.018107 -4.717821 -15.686783 -3.398406 -3.084268 -3.928223 -27.625156 -11.947431 30.399488 51.255661 38.340488 -49.818909 -6.472692 -5.371011 -6.278341 3.712211 -4.022391 -3.865764 6.570459 6.605984 4.093264 -27.383316 -33.822563 -92.135956 -7.723245 -12.528728 -1.871043 -2.752724 -14.177218 -5.954930 -2.287053 -0.908819 7.714729 13.589018 10.706875 -13.946445 0.000003 0.000001 -0.000299 -0.994893 8.096619 8.963397 5.887231 0.642803 43.859188 -1.936965 -11.821774 1.439885 0.000002 0.000006 -0.000292
-34.075224 9.496186 2.250290 -9.527938 -70.596970 -4.573868 -0.190307 -10.982626 27.262861 -0.000001 0.000010 -12.161667 -0.000001 -0.000005 -0.005902 0.000003 -0.000003 5.829914 -0.000001 -0.000000 12.605156 2.574323 -5.614285 -16.116055 -3.476521 -2.964629 -3.851559 -26.558956 -11.947736 29.779215 50.363167 38.962860 -50.785324 -6.830391 -4.905462 -6.744878 3.488862 -4.189236 -3.675357 6.390600 5.750905 5.001471 -25.977444 -32.801464 -91.774635 -7.664730 -13.141599 -1.623031 -2.328568 -13.792571 -4.528079 -2.313839 -0.288649 7.469033 17.558994 11.203229 -16.232208 -0.000005 0.000002 -0.000293 0.265975 8.233934 8.190139 6.622134 -0.047583 49.137642 -3.451691 -12.331389 5.474656 0.000002 0.000001 -0.000293
-34.369536 9.398309 2.283652 -10.953688 -69.261360 -3.823153 0.723612 -10.527352 28.077597 -0.000004 0.000005 -12.161665 0.000004 -0.000000 -0.005905 -0.000003 -0.000004 5.829914 0.000002 -0.000004 12.605161 3.251373 -6.665426 -16.957611 -3.692831 -2.953627 -3.951133 -25.360920 -11.552183 28.743029 50.426544 39.566727 -51.082287 -7.522137 -4.844212 -7.674653 3.105117 -4.379707 -3.573244 6.146503 4.909648 5.973346 -24.745495 -31.709942 -90.804420 -7.622903 -13.556390 -1.578474 0.460088 -15.343706 -4.643787 -5.016855 0.473133 10.184534 20.253284 14.381114 -16.263741 0.000002 0.000003 -0.000286 1.550987 8.215903 6.370781 7.490618 -0.972775 55.133083 -5.282118 -11.983503 9.372430 0.000005 0.000003 -0.000292
-34.655295 9.262793 2.315250 -12.678405 -68.144852 -2.924360 1.860844 -9.643251 29.241945 -0.000006 0.000008 -12.161667 0.000004 -0.000006 -0.005905 0.000000 0.000005 5.829915 0.000002 -0.000003 12.605161 3.959015 -7.714822 -18.025801 -3.863247 -2.944032 -4.382106 -24.244282 -10.613193 27.292980 51.711578 39.861721 -50.522556 -7.817697 -5.292745 -8.804560 2.750606 -4.664059 -3.838846 5.771330 4.550905 7.283044 -23.764759 -30.592598 -89.003029 -7.848082 -13.884723 -1.651932 1.837149 -17.978233 -4.798961 -6.176247 2.809627 14.205979 21.101086 15.315251 -14.808487 -0.000003 0.000001 -0.000291 2.920315 8.353724 4.313670 8.969259 -1.593062 61.265911 -6.355148 -11.709447 12.099820 0.000009 0.000003 -0.000295
-34.931517 9.109261 2.354099 -13.142283 -67.204803 -3.567667 2.408929 -8.598636 30.804983 -0.000002 0.000005 -12.161669 0.000003 -0.000004 -0.005905 -0.000002 0.000008 5.829916 0.000004 -0.000013 12.605159 4.808251 -8.399179 -18.866140 -3.923918 -2.906749 -4.334692 -23.126335 -9.135213 24.884335 53.632915 39.950397 -49.544949 -8.018339 -5.557457 -10.066648 2.463285 -4.550811 -4.099407 5.232367 4.344438 8.963175 -22.997887 -29.727388 -86.910744 -7.815166 -13.881053 -1.532023 1.560045 -16.986813 -4.595265 -5.964550 4.252589 18.119045 21.571003 12.227932 -9.609863 0.000003 0.000007 -0.000298 3.703476 9.049534 2.546199 11.756603 -2.146079 67.160172 -7.331131 -10.633198 10.299094 0.000003 0.000001 -0.000291
-35.228453 8.966316 2.405830 -12.912401 -66.024399 -5.722873 2.414115 -8.136119 32.683647 -0.000000 -0.000002 -12.161667 0.000002 -0.000009 -0.005903 0.000002 0.000005 5.829915 -0.000001 -0.000003 12.605158 5.680365 -8.391974 -19.222553 -3.608737 -2.937685 -4.086052 -22.425838 -6.460629 22.010708 54.593117 40.076721 -48.985531 -9.095818 -5.097507 -11.670683 1.702479 -3.958126 -3.766931 4.842445 4.433656 10.898820 -23.138605 -28.364180 -83.483467 -7.680245 -13.815924 -1.255593 1.775161 -17.318249 -5.125109 -5.847044 6.638865 25.904642 16.485035 10.566905 -10.384367 0.000001 0.000009 -0.000298 3.853459 9.140837 2.003396 14.924523 -2.652608 71.748962 -5.080929 -10.030727 5.248701 0.000000 0.000005 -0.000294
-35.498686 8.861204 2.473649 -14.978977 -64.375328 -6.155290 3.531789 -8.188419 35.465595 -0.000002 0.000002 -12.161665 0.000005 -0.000009 -0.005904 0.000000 0.000003 5.829917 0.000000 -0.000003 12.605158 6.317975 -8.580482 -20.437611 -3.153806 -2.945494 -4.612005 -22.032351 -3.621040 18.535625 53.829773 39.869648 -49.026745 -9.721173 -5.490308 -12.384856 0.620351 -3.706084 -3.340823 5.298307 6.745816 12.295875 -24.445713 -28.287348 -78.796860 -5.935949 -13.769893 -0.317431 2.941735 -19.935122 -6.100778 -5.523029 8.178993 34.812908 10.649773 10.252394 -13.667868 0.000004 0.000007 -0.000291 4.823371 8.451487 1.501146 16.290041 -3.434339 75.371925 -1.347701 -9.169762 1.186126 0.000005 0.000002 -0.000296
-35.769332 8.811575 2.545193 -13.869476 -64.046539 -8.621671 3.630459 -6.554786 37.315990 -0.000004 0.000009 -12.161670 0.000002 -0.000000 -0.005900 0.000000 -0.000003 5.829913 -0.000000 -0.000007 12.605160 6.667711 -9.148101 -21.084867 -3.384690 -3.068707 -4.913712 -20.860771 -1.277609 14.315024 53.049244 38.936928 -48.722595 -10.246361 -5.755376 -11.529490 0.444010 -3.583363 -2.684562 5.402503 8.982957 13.954672 -24.953375 -28.472721 -75.581902 -2.067091 -13.929630 0.114312 2.297991 -19.796125 -4.483759 -7.035971 6.596733 38.411770 7.849939 11.920790 -16.774242 0.000005 0.000009 -0.000295 4.580616 9.512804 -0.181358 15.977623 -4.607049 78.320747 0.242639 -7.884538 -1.626322 -0.000002 0.000002 -0.000295
-36.034312 8.791878 2.621524 -12.686090 -62.906597 -9.840655 3.370191 -5.356678 37.482193 -0.000005 0.000002 -12.161665 0.000001 -0.000005 -0.005901 0.000003 -0.000000 5.829912 -0.000000 -0.000003 12.605156 7.262779 -9.488974 -20.879934 -3.027550 -2.876586 -5.026706 -19.987572 0.125098 11.017015 52.967430 38.877514 -48.928955 -11.452965 -5.227647 -11.848851 0.650236 -3.077269 -2.028340 5.496461 8.819242 16.292238 -24.784061 -27.426331 -75.431274 0.092827 -14.359139 -0.014923 2.617076 -20.847979 -2.590700 -10.277435 5.167852 38.224766 6.866860 13.909081 -18.682997 -0.000003 0.000002 -0.000299 4.100887 9.897458 -2.890549 15.819206 -5.258036 79.651573 -0.069054 -8.257745 -3.362000 -0.000003 0.000002 -0.000292
-36.291544 8.811275 2.704573 -13.123899 -60.899914 -9.682576 3.945473 -4.616288 37.592110 -0.000003 0.000010 -12.161669 -0.000000 0.000003 -0.005905 0.000002 -0.000003 5.829918 -0.000001 -0.000000 12.605156 7.875018 -10.158895 -20.339334 -2.771492 -2.386369 -5.430291 -19.295313 0.313208 9.189416 53.342739 39.733459 -50.051189 -11.853081 -4.375135 -13.182525 0.683047 -2.461205 -1.744436 6.356418 8.080840 18.691071 -24.872303 -27.512611 -76.750717 -0.819992 -13.759442 0.039362 3.001568 -22.363775 -0.753835 -10.523598 6.737657 38.519749 6.823491 11.764573 -20.761566 0.000000 0.000005 -0.000295 4.002741 9.034913 -5.328973 15.572541 -5.094800 79.752052 0.093482 -9.679602 -5.313119 0.000000 0.000002 -0.000298
-36.552165 8.849979 2.807352 -13.500213 -58.890888 -8.954078 4.749166 -3.843744 36.882149 -0.000002 0.000005 -12.161664 0.000000 0.000002 -0.005905 0.000002 0.000002 5.829914 0.000001 -0.000000 12.605157 7.797194 -10.853824 -19.567816 -3.156160 -1.622498 -5.968017 -18.341928 0.332567 7.990301 52.575039 40.973755 -52.969238 -10.970376 -3.919930 -13.860853 0.747696 -1.575218 -1.827981 7.909595 8.152250 20.749578 -26.305616 -28.905457 -77.156509 -2.628048 -13.331654 -0.105329 2.859594 -21.125103 0.814097 -9.323050 5.675632 38.828575 6.640265 8.823314 -22.160412 0.000006 -0.000009 -0.000286 3.672081 8.456897 -8.137860 13.894440 -4.757239 78.676498 0.452868 -9.938386 -7.565229 -0.000005 0.000005 -0.000295
-36.796622 8.913814 2.918853 -13.389442 -57.308506 -8.433608 5.521120 -2.259379 35.790607 -0.000002 0.000007 -12.161668 0.000001 -0.000000 -0.005904 -0.000001 -0.000005 5.829916 0.000001 -0.000002 12.605156 7.460176 -11.534883 -18.692320 -3.630246 -1.223354 -6.494370 -17.327238 0.147768 6.870930 52.064316 42.228764 -55.868294 -10.282050 -2.817513 -14.374172 0.972628 -0.861178 -1.967058 9.632263 8.489911 22.429380 -28.566036 -30.802767 -76.701485 -3.933335 -13.040908 -0.438972 2.523856 -19.132301 2.860900 -9.024009 2.316182 37.911079 6.680273 8.334360 -22.266869 -0.000006 -0.000002 -0.000285 3.002710 8.570510 -10.779038 11.430892 -4.287713 76.217911 0.311672 -8.921472 -9.314310 -0.000002 0.000007 -0.000296
-37.034113 8.994867 3.044159 -12.949100 -55.532566 -8.027158 6.041436 -0.797490 34.530678 -0.000003 -0.000005 -12.161666 0.000002 -0.000005 -0.005903 -0.000001 -0.000005 5.829913 0.000000 -0.000003 12.605165 6.950688 -11.952838 -17.841702 -4.019701 -0.807362 -7.096191 -16.584391 -0.575144 5.985572 51.901779 43.908642 -58.432384 -9.469791 -1.443879 -14.941138 1.152417 -0.327752 -2.042413 11.082906 8.546532 23.881956 -30.931339 -32.219982 -76.241966 -4.682609 -12.290759 -1.021769 1.791539 -18.077473 5.157137 -9.030585 -1.262289 36.038963 7.135813 9.166620 -20.838470 -0.000002 0.000003 -0.000294 2.060041 8.662952 -13.053883 9.199948 -3.523097 72.319115 0.379276 -7.282653 -10.515394 -0.000007 0.000007 -0.000294
-37.267153 9.089544 3.180158 -12.486541 -53.347973 -7.834578 6.485511 0.194599 33.475903 -0.000005 0.000005 -12.161671 0.000002 -0.000003 -0.005903 -0.000001 -0.000002 5.829915 0.000001 -0.000003 12.605162 6.210908 -12.231030 -17.078663 -4.379399 -0.383525 -7.572085 -16.213823 -1.504792 5.178194 51.793282 45.703644 -60.907707 -8.161849 0.139396 -15.431618 1.159738 -0.107775 -2.081146 12.004361 8.439959 25.258329 -33.202396 -32.967487 -75.883110 -5.037505 -11.297910 -1.804894 1.236728 -18.354731 7.461816 -8.894855 -3.075082 34.053257 7.936028 9.361881 -18.248682 0.000001 0.000009 -0.000290 1.243780 8.235824 -14.356749 7.939211 -1.871174 66.995369 0.490614 -5.465391 -11.412544 0.000001 -0.000000 -0.000293
-37.496626 9.187053 3.317627 -12.483803 -51.205673 -7.078599 7.073339 1.237937 32.234489 -0.000006 0.000010 -12.161669 0.000003 0.000002 -0.005904 0.000000 -0.000003 5.829916 0.000001 -0.000007 12.605159 5.459702 -12.416366 -16.420446 -4.594837 -0.158500 -7.709372 -16.155849 -1.932306 4.181007 51.790985 47.063107 -63.252087 -6.784305 1.727246 -15.761343 1.205688 -0.107116 -2.006193 12.256334 8.434341 26.355745 -34.893909 -33.051281 -75.769257 -5.198177 -10.527281 -2.559837 1.407719 -18.490215 9.135035 -8.874191 -4.442678 32.378143 8.868659 8.928468 -14.872905 0.000003 -0.000003 -0.000291 0.872952 7.705920 -15.029794 7.838936 1.277404 60.279247 0.604826 -4.185207 -11.954198 -0.000001 0.000007 -0.000291
-37.722495 9.277332 3.457350 -12.653615 -49.066959 -6.072951 7.542246 2.161506 30.912937 -0.000004 0.000002 -12.161662 0.000004 -0.000007 -0.005904 0.000002 0.000003 5.829916 -0.000003 -0.000003 12.605158 4.838613 -12.402040 -15.923193 -4.669568 0.052852 -7.592670 -16.237375 -1.871407 2.916267 51.858063 47.999046 -65.094421 -6.373244 2.802326 -15.761371 1.235271 -0.177754 -1.904956 12.178980 9.056471 27.103588 -35.469452 -33.244656 -75.659195 -4.647538 -9.889133 -3.434210 2.066040 -18.437263 10.252517 -9.519360 -6.558052 31.188280 9.781567 9.103782 -10.724187 0.000003 0.000005 -0.000292 0.608941 7.901339 -14.930286 7.398921 4.689487 52.374699 0.916063 -3.709978 -12.442350 0.000003 0.000007 -0.000290
-37.945216 9.351396 3.599916 -12.769015 -46.791260 -4.987061 7.739143 2.638022 29.500195 0.000000 -0.000002 -12.161667 -0.000001 -0.000002 -0.005902 0.000002 0.000003 5.829916 0.000002 -0.000002 12.605156 4.398262 -12.085330 -15.602645 -4.684171 0.367468 -7.403722 -16.417135 -1.518794 1.422920 51.776775 48.765945 -66.479568 -7.597687 3.140656 -15.186563 1.197516 -0.062498 -1.850269 11.994167 10.296021 27.559469 -35.731571 -33.246616 -75.269989 -4.110079 -9.562909 -3.954420 2.845244 -18.761772 10.695053 -10.504029 -8.293797 30.895332 10.673743 9.315063 -6.153886 0.000003 0.000005 -0.000296 0.147705 9.602300 -14.096186 5.506286 6.621294 43.495697 0.890597 -4.247501 -13.029719 -0.000006 0.000010 -0.000285
-38.167975 9.401175 3.746242 -12.835689 -44.708580 -3.986209 7.770356 2.891907 28.108585 -0.000003 0.000002 -12.161668 0.000005 -0.000007 -0.005901 0.000000 0.000002 5.829916 0.000002 -0.000005 12.605159 3.988894 -11.483866 -15.396380 -4.744843 0.708437 -7.152377 -16.641880 -0.855810 -0.282036 51.419445 49.318233 -67.661682 -9.429497 3.180123 -14.282749 1.047673 0.403953 -1.721423 11.439617 11.499424 27.699375 -35.864082 -32.826145 -74.667595 -3.890973 -9.233023 -3.977280 3.387623 -18.927591 10.322038 -11.302352 -8.829911 32.199623 12.088319 9.090292 -1.386737 -0.000003 0.000005 -0.000295 -0.123914 12.801308 -12.681645 2.406394 6.774585 34.716454 -0.076149 -5.319025 -14.060187 0.000002 0.000005 -0.000282
-38.388625 9.423522 3.903245 -13.109355 -42.756577 -3.571264 7.955448 2.991778 27.367558 -0.000003 -0.000003 -12.161662 0.000004 -0.000002 -0.005905 0.000000 0.000007 5.829914 0.000001 -0.000002 12.605158 3.484589 -10.853537 -15.230783 -4.770092 0.960759 -6.975805 -16.946932 -0.097940 -1.910171 51.306946 49.394794 -68.072548 -10.518357 3.745621 -13.781605 0.839207 0.845941 -1.580228 10.299542 12.309613 27.616964 -35.498199 -31.756330 -74.352341 -4.041080 -8.857590 -3.534163 3.582416 -18.636488 9.763281 -12.338438 -9.407604 35.369762 14.354595 9.647600 4.044322 0.000003 -0.000002 -0.000293 0.284310 16.754177 -10.669859 -0.595635 5.551023 27.643824 -2.575851 -6.173062 -15.396352 -0.000000 0.000009 -0.000289
-38.601332 9.412514 4.077260 -13.664442 -40.530239 -4.092586 8.463959 2.664763 27.534580 -0.000003 0.000007 -12.161669 0.000001 -0.000005 -0.005901 0.000001 -0.000000 5.829914 0.000000 -0.000003 12.605158 2.824951 -10.337511 -14.936470 -4.749133 1.047174 -6.856483 -17.316793 0.144612 -3.199956 51.519917 49.255016 -67.488197 -10.648111 4.658616 -13.596242 0.617752 1.032188 -1.341495 8.798396 12.785832 27.283205 -34.601852 -30.331139 -74.430077 -4.415617 -8.462917 -2.777936 3.314404 -18.284950 9.616312 -14.098006 -10.779048 40.138142 17.719543 11.820954 10.619692 0.000004 -0.000005 -0.000289 0.588299 19.533846 -8.132164 -1.300704 4.016869 23.040323 -4.570910 -7.201552 -17.098143 0.000005 0.000003 -0.000295
-38.813239 9.356605 4.256730 -14.239857 -38.661400 -4.901574 9.086433 2.592241 27.959354 -0.000005 -0.000000 -12.161666 0.000004 -0.000000 -0.005905 -0.000001 0.000002 5.829915 0.000004 -0.000009 12.605155 1.981139 -9.790530 -14.549693 -4.749845 1.085445 -6.773530 -17.430027 -0.024672 -4.056208 51.418407 49.056946 -66.518578 -10.614375 5.427636 -13.251192 0.437686 1.070030 -1.108755 7.369118 13.272225 26.806585 -33.386177 -29.121527 -74.807076 -5.040390 -8.453892 -1.861429 2.892958 -17.102135 9.156323 -16.455133 -12.309834 46.060001 21.772839 14.760652 18.088526 -0.000001 0.000003 -0.000293 -1.372700 20.773552 -6.087714 1.199847 2.299500 20.303751 -0.765320 -7.010180 -17.581610 0.000002 0.000007 -0.000289
-39.025492 9.253242 4.434148 -14.832432 -36.693382 -5.585312 9.621998 2.424613 28.289906 0.000000 -0.000007 -12.161667 0.000001 -0.000000 -0.005905 0.000000 0.000009 5.829918 0.000000 -0.000003 12.605156 1.221337 -9.132879 -14.157954 -4.622555 1.315081 -6.620571 -17.275053 -0.214521 -4.397230 50.244431 48.621017 -66.134361 -10.718456 5.750593 -12.911395 0.417099 1.067740 -0.935744 6.266318 13.754537 26.160347 -31.980722 -28.387381 -75.387077 -5.443940 -9.188994 -1.375726 2.357868 -16.494869 8.079787 -18.339052 -12.142427 52.060547 24.638849 17.222692 25.129009 0.000008 -0.000002 -0.000293 -2.724556 19.303431 -5.101008 2.427111 -0.129229 21.458376 8.845010 -1.970779 -15.885681 -0.000002 0.000002 -0.000292
-39.235190 9.091319 4.602125 -15.385703 -34.452534 -6.741665 9.872885 1.822462 28.966446 -0.000004 0.000003 -12.161668 0.000001 -0.000002 -0.005903 0.000005 -0.000003 5.829914 0.000001 0.000002 12.605157 0.717894 -8.226972 -13.312969 -4.326772 1.782615 -6.500356 -17.040430 0.076667 -3.973145 48.259937 47.706898 -66.327187 -10.954241 5.583147 -13.125285 0.554725 1.279438 -0.698620 5.579755 13.898312 25.245173 -30.717379 -28.023064 -75.985893 -5.328239 -9.972474 -1.330965 1.464117 -16.803118 7.064433 -18.961235 -10.133301 57.927792 25.972946 19.452208 29.892092 -0.000002 0.000002 -0.000294 -1.011253 14.979606 -5.331155 -0.347363 -3.787133 25.829769 12.032693 3.316315 -12.934133 -0.000000 0.000003 -0.000284
-39.431609 8.952998 4.768345 -15.607656 -31.523895 -8.322762 9.333234 0.597577 29.812199 -0.000003 0.000003 -12.161669 0.000002 0.000003 -0.005904 -0.000003 0.000002 5.829915 0.000005 -0.000003 12.605159 0.953222 -7.089379 -12.336778 -3.731244 1.868733 -6.698789 -16.546034 1.121944 -2.738615 46.144920 46.218533 -66.140007 -11.005955 5.051061 -13.714810 0.788515 1.734460 -0.836905 5.422235 13.439809 24.318323 -29.982325 -27.655558 -76.234039 -4.969337 -10.329315 -1.351730 0.695820 -17.718449 5.878067 -19.630968 -7.618629 63.642391 26.250969 19.677073 30.275610 -0.000009 0.000003 -0.000294 -1.177684 11.301370 -6.025356 -1.276801 -6.715478 32.141743 11.651048 7.424550 -12.275400 0.000000 -0.000002 -0.000288
-39.629473 8.844354 4.952588 -13.836470 -29.501905 -11.799357 7.663131 1.008974 31.733603 -0.000003 -0.000000 -12.161663 0.000003 -0.000002 -0.005906 0.000001 0.000002 5.829914 0.000002 -0.000003 12.605158 1.095897 -6.687996 -11.771591 -3.002577 1.315419 -6.163310 -16.304296 0.815796 -1.613360 45.154221 44.522686 -63.634232 -10.737533 4.355560 -13.865768 0.394585 1.906189 -1.141239 5.764358 12.109947 22.852716 -30.472689 -26.634865 -75.329063 -4.446719 -10.544327 -1.166335 -0.852741 -17.057220 5.549881 -20.612408 -5.163851 68.214104 25.036217 17.105715 25.210571 0.000005 -0.000000 -0.000292 -0.836745 8.648798 -6.594503 -2.045589 -3.560589 39.565220 12.243121 6.151906 -14.697194 -0.000006 0.000005 -0.000288
-39.800231 8.778721 5.128774 -12.399010 -27.372591 -14.639570 6.164723 0.249482 34.199509 -0.000001 0.000003 -12.161670 -0.000000 -0.000005 -0.005904 -0.000000 -0.000000 5.829916 0.000002 -0.000000 12.605156 0.131123 -5.328997 -11.984924 -3.514394 2.519434 -6.459890 -15.859230 -1.899583 0.159833 45.681377 43.384319 -59.103493 -10.400145 2.987657 -12.899006 -0.225020 3.045005 -1.898486 5.949766 11.567317 20.558798 -31.391638 -25.997816 -73.587944 -3.444546 -10.106037 -1.175368 -2.455020 -14.940830 3.797956 -21.534269 -4.205825 73.054428 22.696285 13.741445 20.256119 0.000002 0.000004 -0.000294 -1.752185 10.893000 -4.561859 -0.550403 -4.634580 42.953312 12.912909 3.537512 -17.940840 0.000001 0.000005 -0.000287
-39.931365 8.728909 5.302025 -11.541327 -24.644060 -14.711316 5.126193 -0.471473 33.937286 -0.000002 0.000002 -12.161663 0.000001 -0.000007 -0.005907 0.000001 -0.000002 5.829914 0.000004 -0.000000 12.605161 -0.925468 -4.154080 -11.756023 -3.815296 2.657914 -6.284137 -15.521317 -2.755895 1.754925 46.539661 40.465939 -54.725174 -9.806132 1.533884 -12.412428 -0.687458 3.458278 -2.477673 5.870915 11.426321 18.805130 -32.966476 -25.776819 -72.761810 -1.550228 -9.755826 -1.443389 -2.911276 -14.350844 -0.313465 -22.949175 -3.085682 76.049805 19.214012 10.987782 15.751737 0.000014 -0.000003 -0.000289 -3.081757 14.094656 -3.180928 0.902577 -8.319017 43.298885 13.178880 1.530913 -19.987183 0.000001 0.000002 -0.000294
-40.055205 8.724758 5.471761 -10.723584 -22.335300 -15.193109 4.157316 -0.628399 33.927887 -0.000002 0.000003 -12.161667 0.000004 -0.000002 -0.005903 0.000000 -0.000003 5.829914 -0.000002 -0.000000 12.605157 -1.860092 -3.036917 -10.707641 -3.747380 2.128196 -5.878349 -15.354574 -2.195391 3.203086 46.937187 36.501545 -51.646236 -9.432391 0.123494 -12.709070 -0.711978 3.781992 -2.887398 5.427828 10.834603 17.688417 -35.437771 -25.554211 -73.298859 -1.169603 -8.278419 -1.586137 -3.192927 -14.796509 -3.131415 -23.725002 -1.328572 76.500053 14.132691 8.812714 10.488279 0.000000 -0.000003 -0.000295 -4.248004 14.640711 -2.181541 1.224609 -10.611469 44.184170 13.321890 1.560263 -21.063400 -0.000005 0.000003 -0.000286
-40.180010 8.747977 5.633734 -10.377086 -19.252613 -15.175687 3.691073 -1.533740 33.433876 -0.000003 0.000002 -12.161668 0.000004 -0.000002 -0.005903 0.000000 -0.000003 5.829915 -0.000001 -0.000002 12.605156 -3.341049 -2.181464 -9.271388 -3.765631 1.476449 -5.777277 -15.707997 -1.642405 5.491978 45.541306 34.320026 -51.207382 -10.354629 -1.468728 -13.280178 -0.567102 3.998783 -3.282597 4.908553 11.108820 16.780369 -38.728550 -26.215841 -73.599144 -2.860908 -6.307125 -1.613908 -2.820115 -16.519300 -5.541182 -24.106476 0.156997 75.012291 8.323464 6.475564 5.022260 -0.000002 -0.000002 -0.000295 -4.420298 11.685633 -2.206374 -0.356214 -11.141572 46.109821 13.218011 2.694181 -21.518433 0.000001 0.000003 -0.000294
-40.302310 8.795616 5.796422 -10.316650 -15.691477 -15.309927 3.712524 -2.802138 32.954853 0.000000 -0.000000 -12.161665 0.000001 -0.000002 -0.005906 0.000002 -0.000003 5.829916 0.000001 -0.000002 12.605162 -4.943542 -1.344542 -7.910999 -3.937625 0.815352 -5.499485 -16.597433 -2.596472 8.343103 44.252235 34.094143 -51.534370 -10.906682 -1.774648 -13.517222 -0.376731 4.259465 -3.361333 4.374007 11.945214 15.763710 -41.295448 -27.977314 -74.028389 -4.232666 -5.528204 -1.543521 -2.283655 -18.240927 -7.160808 -24.552485 0.637931 72.262062 3.772184 3.838850 0.439128 0.000000 0.000003 -0.000294 -4.456965 7.370200 -1.443081 -0.440205 -9.787127 46.728531 12.780679 2.049584 -21.807844 0.000003 0.000003 -0.000295
-40.421118 8.860369 5.960501 -10.240562 -12.799754 -15.465690 3.820392 -3.403450 32.794323 -0.000002 0.000003 -12.161670 0.000001 0.000001 -0.005905 0.000000 0.000001 5.829916 -0.000001 -0.000004 12.605156 -6.132432 -0.218725 -7.340496 -4.213762 0.461433 -5.411812 -17.771692 -4.889862 11.573650 43.779713 34.977947 -51.822273 -9.873171 -1.280902 -13.685640 -0.068811 4.634267 -3.663013 3.892582 12.547278 14.935328 -41.449818 -30.016865 -75.566124 -4.811698 -5.823455 -1.698023 -1.529049 -18.937351 -8.318954 -25.063604 0.317122 68.345276 1.890508 1.440204 -3.093547 0.000000 -0.000003 -0.000295 -4.641881 5.204698 -0.257078 0.422025 -9.168248 46.556946 12.280909 0.524718 -22.001192 -0.000002 0.000005 -0.000292
-40.524794 8.926775 6.123070 -10.146608 -9.820238 -14.937697 3.933428 -3.804482 32.140705 -0.000002 0.000003 -12.161672 0.000001 -0.000005 -0.005905 0.000001 0.000003 5.829914 0.000002 -0.000003 12.605159 -6.919029 0.733153 -7.415619 -4.486073 0.130791 -5.433513 -19.200142 -7.737974 14.938702 43.948936 36.211422 -51.815731 -8.333036 -0.642752 -13.819064 0.318047 4.655389 -4.061379 3.410485 12.581748 14.304815 -39.917507 -31.677967 -78.744759 -5.372266 -6.550806 -1.509772 -0.678993 -19.240063 -9.735909 -25.485193 -0.816046 63.508984 1.934661 0.593713 -6.604956 0.000002 0.000007 -0.000292 -4.822037 4.269311 0.539172 1.036780 -10.007460 45.970284 11.789469 -0.977712 -21.745676 0.000003 0.000002 -0.000296
-40.619879 8.991837 6.282684 -9.943646 -6.609970 -13.880456 3.853270 -4.309356 30.957335 -0.000002 0.000001 -12.161666 0.000001 -0.000003 -0.005903 0.000002 0.000003 5.829913 -0.000001 -0.000003 12.605163 -7.412593 1.557631 -7.779057 -4.621753 -0.116446 -5.340711 -20.606392 -10.060751 18.148481 43.907722 37.162167 -52.045460 -7.314534 -0.377314 -13.876921 0.675095 4.539293 -4.240436 3.124872 12.263284 13.695669 -38.133816 -32.915993 -82.155373 -6.103238 -7.486570 -1.405354 -0.153783 -19.040861 -11.061965 -24.809380 -2.531662 57.844101 1.487619 1.109801 -9.909515 0.000000 -0.000000 -0.000290 -5.007674 3.754513 0.905788 1.208570 -11.643984 45.299900 11.299007 -2.308882 -20.990406 -0.000003 -0.000000 -0.000286
-40.719588 9.064402 6.444930 -9.706343 -3.888928 -13.287055 3.755699 -4.443366 30.231535 -0.000004 0.000003 -12.161667 0.000001 -0.000004 -0.005901 0.000001 -0.000000 5.829915 0.000002 -0.000001 12.605158 -7.780145 2.326966 -8.205243 -4.689654 -0.283347 -5.071232 -21.586321 -11.314303 20.897615 43.323879 37.426369 -52.696770 -6.783128 -0.550157 -13.931302 0.889336 4.323798 -4.159777 3.187786 12.040428 13.130733 -36.776993 -33.948338 -84.961090 -6.823765 -8.438890 -1.451250 0.146839 -17.813335 -10.928265 -22.266247 -3.688663 50.801510 1.105869 1.151492 -12.331090 0.000002 0.000003 -0.000295 -4.778705 3.586963 1.351413 1.255800 -12.702212 44.912460 10.818865 -4.061305 -19.793613 0.000001 0.000005 -0.000299
-40.816760 9.133688 6.612548 -9.394090 -1.286744 -13.012121 3.544124 -4.505121 29.933756 -0.000003 0.000003 -12.161670 0.000003 -0.000004 -0.005906 0.000000 0.000002 5.829915 0.000002 -0.000006 12.605163 -8.120340 2.951675 -8.741821 -4.769710 -0.477506 -4.780292 -21.951818 -11.744325 22.924784 42.586349 37.035240 -53.293957 -6.429188 -0.815497 -13.901926 0.975201 3.909670 -4.104923 3.565184 12.022237 12.807757 -35.898998 -34.780422 -87.042183 -7.412488 -9.049751 -1.432154 0.283157 -16.038832 -9.459428 -18.525818 -3.263077 42.260094 1.408142 0.656865 -15.164931 0.000004 -0.000002 -0.000289 -4.389419 3.142757 1.834126 1.461708 -12.836491 44.799271 10.292281 -6.337640 -18.356438 -0.000005 0.000003 -0.000293
-40.911101 9.187713 6.782125 -9.014874 1.082108 -12.656476 3.260680 -4.232317 29.644436 -0.000002 0.000000 -12.161670 0.000002 -0.000004 -0.005905 -0.000000 0.000005 5.829915 0.000001 -0.000002 12.605165 -8.408414 3.349041 -9.272234 -4.811512 -0.761943 -4.502298 -21.915163 -11.869187 24.162714 42.195835 36.372467 -53.290470 -6.067170 -1.031827 -13.680974 1.091755 3.230351 -4.113430 4.067579 12.000410 12.809604 -35.547569 -35.404274 -88.169037 -7.682035 -9.341131 -1.388517 -0.198813 -13.738180 -7.482038 -14.713341 -1.439380 33.146797 1.897508 0.638832 -18.632685 -0.000004 -0.000002 -0.000292 -3.871974 2.799270 1.939887 1.554327 -12.639189 45.165627 9.721833 -8.693442 -16.818481 -0.000002 0.000007 -0.000283
-40.996771 9.219280 6.948970 -8.569940 3.710886 -12.225101 2.887232 -4.111128 29.463657 -0.000001 0.000003 -12.161665 0.000001 -0.000004 -0.005903 0.000003 -0.000000 5.829910 0.000000 -0.000001 12.605161 -8.770275 3.474202 -9.898420 -4.823702 -1.156664 -4.375242 -21.790594 -11.892894 24.694361 42.329414 35.766335 -52.588512 -5.746006 -1.233123 -13.493894 1.195802 2.476577 -4.215736 4.515322 11.666808 12.925877 -35.238785 -35.505341 -88.917496 -7.915709 -9.299613 -1.214380 -1.745401 -11.411467 -5.317467 -11.523040 0.706762 24.287939 2.594046 1.407600 -20.447676 -0.000000 0.000001 -0.000305 -3.327936 2.478998 1.520933 1.385682 -12.595864 46.322014 9.185874 -10.941030 -15.086061 0.000004 0.000005 -0.000302
-41.079329 9.226725 7.110791 -8.173870 6.556738 -12.087066 2.667017 -4.057147 29.825583 -0.000002 0.000003 -12.161666 0.000001 -0.000004 -0.005904 0.000002 -0.000003 5.829918 0.000001 -0.000003 12.605158 -9.306175 3.221777 -10.742447 -4.761714 -1.663787 -4.747733 -21.852715 -11.641491 24.992670 42.779335 35.279541 -51.617378 -5.532248 -1.398743 -13.666238 1.213663 1.690480 -4.509243 4.892102 11.150094 13.063037 -34.990189 -35.279465 -88.998756 -8.025438 -9.326084 -1.171145 -3.786647 -8.820204 -2.781327 -8.832071 2.932960 17.177813 2.716621 1.572972 -21.493225 0.000001 0.000001 -0.000294 -2.724827 2.721233 0.807238 1.386389 -12.838368 48.501698 8.351653 -13.420980 -12.971169 0.000000 0.000009 -0.000292
-41.165125 9.201914 7.265368 -7.941456 9.388287 -12.352363 2.762691 -3.988380 30.423056 -0.000002 0.000004 -12.161664 0.000001 -0.000006 -0.005906 -0.000000 0.000009 5.829913 0.000003 -0.000007 12.605160 -10.102622 2.834773 -11.414050 -4.798830 -2.099669 -4.882230 -21.922029 -11.118279 24.889050 43.275230 34.925667 -50.859421 -5.405593 -1.466031 -13.956230 1.156646 1.355110 -4.550888 4.915455 10.170929 12.993873 -34.567280 -34.705296 -88.406052 -7.904682 -9.522931 -1.160796 -6.168033 -5.583900 -1.620539 -5.886175 3.407813 14.648659 4.216222 1.766821 -22.876234 0.000001 0.000001 -0.000292 -1.993678 3.736355 -0.378678 1.967715 -13.011028 52.015636 6.777401 -16.305138 -10.198810 -0.000001 0.000003 -0.000295
-41.262358 9.138800 7.412027 -7.972029 11.895339 -12.862907 3.401392 -3.436635 31.084642 -0.000002 0.000004 -12.161672 0.000002 -0.000006 -0.005903 0.000001 0.000006 5.829911 -0.000000 -0.000003 12.605164 -11.112117 2.260731 -11.851448 -5.099420 -2.864472 -4.565478 -21.754107 -10.304122 24.145832 43.716473 34.849720 -50.334610 -5.324959 -1.512735 -14.254836 0.983979 1.309241 -4.672973 4.549891 8.519131 12.784127 -33.604366 -33.390415 -87.224915 -7.861468 -9.646314 -1.084011 -6.735894 -4.947443 -2.091668 -5.294998 3.184836 16.305775 11.036548 6.005812 -22.438732 -0.000001 0.000001 -0.000294 -0.884940 5.479515 -2.363967 3.302329 -12.791724 56.736637 3.873124 -19.283937 -6.641842 -0.000003 0.000003 -0.000294
-41.375777 9.050074 7.557820 -8.066883 14.011241 -13.313952 4.274589 -2.316968 31.687641 -0.000003 0.000010 -12.161664 0.000002 -0.000009 -0.005902 0.000003 0.000001 5.829910 -0.000001 -0.000003 12.605165 -12.153771 1.741352 -12.250935 -5.324276 -3.553778 -4.589245 -21.720915 -9.412454 23.448490 44.281437 34.558434 -50.053120 -4.963526 -1.129417 -14.461831 0.795544 1.192922 -4.962121 4.181376 6.845098 12.464695 -32.648083 -31.832014 -85.481094 -8.035661 -9.723497 -0.409080 -5.536122 -8.634497 -2.303060 -6.723317 4.667340 19.225134 16.413754 9.556006 -21.759233 -0.000001 0.000001 -0.000292 0.354763 7.711308 -5.119981 5.316236 -12.384656 62.005276 0.024470 -21.654715 -2.717660 -0.000001 0.000004 -0.000287
-41.485842 8.936110 7.701485 -8.087602 16.671236 -14.017709 4.936238 -1.646529 32.615223 -0.000003 0.000002 -12.161665 -0.000001 -0.000000 -0.005906 -0.000000 0.000005 5.829917 0.000001 -0.000007 12.605158 -13.168787 1.626866 -12.246139 -5.475860 -3.984312 -4.917527 -21.768991 -8.635223 22.678198 45.023514 34.420120 -49.663620 -4.672681 -0.819447 -14.775767 0.703696 0.809182 -5.381118 4.057970 6.769232 12.747670 -32.037064 -31.207729 -83.200844 -8.567043 -9.956097 0.740995 -5.371630 -13.206587 -1.559199 -7.672957 5.690989 20.136017 19.515724 9.014938 -16.990728 0.000003 0.000003 -0.000290 1.243363 9.161696 -7.784698 7.853700 -11.746669 67.138695 -3.762887 -22.576576 0.475478 -0.000001 0.000004 -0.000292
-41.620104 8.837311 7.856050 -8.416374 18.921555 -15.409473 6.026223 -1.111709 32.771919 -0.000006 0.000003 -12.161667 0.000005 -0.000002 -0.005907 -0.000001 -0.000000 5.829917 0.000003 -0.000003 12.605158 -14.693178 2.754665 -10.731570 -5.552047 -4.070405 -4.497155 -22.180752 -7.539937 21.944733 46.194153 34.031906 -48.741909 -4.592093 -0.493491 -15.111988 -0.109867 0.254772 -3.503703 4.443183 8.044881 13.230078 -31.897182 -31.321131 -81.111542 -8.563559 -11.281631 1.666866 -6.225863 -20.462046 -0.668178 -8.162332 6.443274 24.378975 16.886625 14.253901 -16.734690 -0.000003 -0.000001 -0.000300 2.017696 10.401911 -9.525815 11.602817 -10.599524 70.914047 -7.772589 -22.318062 3.028346 0.000000 0.000005 -0.000294
-41.698664 8.772785 8.024857 -9.814797 20.927950 -17.587540 7.671163 -1.390978 35.319355 -0.000003 0.000005 -12.161668 0.000001 -0.000002 -0.005907 0.000003 -0.000010 5.829917 -0.000001 -0.000002 12.605157 -16.220270 4.348073 -11.960608 -4.796724 -4.374689 -5.126385 -22.707617 -6.112674 18.812395 47.404236 32.799351 -46.871960 -5.267013 -0.201418 -15.120603 -1.177373 0.905345 -3.303488 5.045145 8.891335 14.099359 -31.949152 -31.103556 -79.241402 -7.401269 -12.474187 2.054899 -5.595125 -27.850437 -1.900577 -8.751636 9.149287 31.173779 14.126799 17.771633 -19.228765 0.000001 0.000004 -0.000298 3.340546 11.351709 -10.042645 14.067027 -9.899052 73.384209 -8.345759 -20.419270 0.481473 0.000000 -0.000000 -0.000295
-41.726916 8.737276 8.168276 -9.376992 23.212137 -18.005426 7.768449 -1.328097 36.811443 0.000000 0.000002 -12.161661 0.000002 -0.000005 -0.005905 0.000000 0.000002 5.829915 0.000000 0.000002 12.605162 -17.054464 5.540762 -13.351577 -5.297632 -4.080120 -5.882094 -21.882935 -5.003050 15.134639 47.265686 31.302908 -46.080326 -7.186559 0.036468 -14.611189 -0.995908 1.496291 -3.723112 4.420907 10.140947 15.688345 -32.705166 -31.084648 -76.840012 -4.980935 -11.913446 2.171296 -7.305055 -27.773558 -1.511548 -8.841979 6.596732 35.690418 12.691593 19.148672 -21.877272 -0.000001 0.000004 -0.000298 3.171414 12.262346 -12.284608 12.663613 -9.517303 76.487526 -4.675097 -17.887344 -4.129671 -0.000003 0.000003 -0.000295
-41.745802 8.722378 8.306075 -8.163701 25.399712 -18.189505 7.347661 -0.127025 37.693470 -0.000001 0.000003 -12.161667 0.000003 -0.000000 -0.005900 -0.000000 -0.000005 5.829912 0.000003 -0.000002 12.605159 -16.835073 5.898017 -13.789739 -5.568353 -3.883172 -6.037273 -21.153683 -4.438513 12.473304 46.410393 31.145195 -47.693501 -8.675584 1.182210 -14.973432 -0.706481 1.214162 -3.644549 4.078572 10.328634 17.201841 -34.854065 -30.731159 -74.726585 -2.468298 -10.491365 1.918535 -8.122585 -26.196903 -0.462061 -10.003641 4.694814 37.401569 11.989857 18.044336 -23.670891 0.000002 0.000001 -0.000307 2.521866 12.910257 -13.751250 10.921198 -8.016540 78.066360 -2.724683 -15.796240 -6.075915 -0.000002 -0.000000 -0.000299
-41.769297 8.731278 8.446920 -8.090672 28.190750 -18.638100 7.392201 0.481119 38.421879 -0.000003 0.000002 -12.161669 -0.000001 -0.000000 -0.005904 0.000000 -0.000005 5.829914 0.000001 0.000009 12.605159 -16.447044 5.957052 -14.050307 -5.289018 -3.731848 -6.521989 -20.643717 -4.980398 10.846861 45.623840 32.549007 -50.394985 -7.876691 2.837538 -15.287127 -0.430220 1.338730 -3.707880 4.496656 9.625816 18.466991 -36.982185 -30.171350 -73.789780 -3.200841 -9.025253 1.761904 -8.096940 -25.434067 1.671931 -10.390810 4.189553 37.504841 11.781326 14.932853 -25.366903 -0.000001 0.000002 -0.000301 2.349349 12.469544 -14.949837 10.133911 -6.018673 77.866463 -3.352155 -14.601488 -6.698376 -0.000005 0.000003 -0.000297
-41.791361 8.758528 8.588039 -8.837803 31.244953 -18.513288 7.964515 0.931348 38.200489 -0.000001 0.000007 -12.161664 -0.000002 -0.000000 -0.005902 0.000001 0.000002 5.829916 0.000003 -0.000005 12.605162 -15.688144 5.819152 -14.261874 -5.314545 -3.657162 -7.286891 -19.816601 -5.716195 9.890123 45.287460 34.167038 -53.484135 -6.523477 4.391243 -14.931636 -0.193833 1.569553 -4.086726 5.847703 9.587622 19.583593 -38.104622 -30.675425 -73.418495 -5.621402 -8.562521 1.774348 -6.917065 -23.704117 3.097045 -10.333334 2.425570 36.958580 11.819326 11.222793 -26.664402 0.000001 0.000003 -0.000290 2.719513 11.320395 -17.087748 9.768651 -3.497035 76.754501 -3.432232 -14.727855 -8.081865 0.000007 -0.000000 -0.000297
-41.797133 8.806748 8.728262 -9.692979 34.244766 -18.080414 8.529845 1.812519 37.213444 -0.000003 -0.000003 -12.161664 0.000003 -0.000003 -0.005902 -0.000001 0.000010 5.829916 0.000000 -0.000007 12.605158 -14.610868 5.385197 -14.158952 -5.430580 -3.680037 -7.606777 -18.953552 -6.212599 8.632390 45.921104 35.263481 -55.984863 -5.984385 5.532245 -14.771246 0.107425 1.477494 -4.312625 7.369801 9.648538 20.424919 -38.002625 -31.641258 -73.397415 -6.939795 -9.433629 1.698137 -5.629652 -22.019793 4.374024 -10.588172 -0.562841 35.634743 12.113975 8.955858 -26.795013 0.000001 0.000003 -0.000287 3.037243 10.273475 -19.357122 8.844068 -1.043784 74.814247 -2.971671 -14.428917 -10.285803 0.000006 -0.000000 -0.000294
-41.782687 8.872259 8.870454 -10.168779 37.036007 -17.294111 8.765592 3.159613 35.990063 -0.000001 0.000002 -12.161668 0.000000 -0.000003 -0.005903 0.000001 -0.000000 5.829918 0.000001 -0.000003 12.605151 -13.596381 4.616284 -13.903458 -5.452944 -3.769792 -7.912492 -18.056301 -6.772297 7.516606 46.425716 36.577465 -58.253262 -5.147246 6.511976 -14.531644 0.489399 1.257686 -4.512426 8.484719 9.221519 21.057192 -36.749500 -32.089672 -74.123955 -7.305387 -10.315828 1.851186 -4.872456 -21.370804 5.996109 -10.782180 -2.917323 33.243893 12.846220 7.511025 -25.439842 0.000000 0.000002 -0.000298 2.526465 10.279187 -21.197073 7.483048 0.556551 71.456299 -3.032997 -12.414142 -12.098891 0.000001 0.000009 -0.000295
-41.744456 8.950403 9.011195 -10.467131 39.805645 -16.552265 8.993755 4.467744 34.983723 -0.000002 0.000009 -12.161664 0.000001 -0.000003 -0.005904 -0.000000 -0.000002 5.829915 0.000002 0.000002 12.605159 -12.837686 3.614873 -13.605004 -5.515610 -3.754829 -8.309278 -17.438381 -7.497833 6.827184 46.906178 38.154442 -60.376530 -3.668443 7.920794 -14.070612 0.742371 0.975506 -4.820432 9.018388 8.393845 21.517950 -35.018925 -32.034542 -74.996681 -7.088428 -10.855183 1.926154 -4.552744 -21.630640 7.780657 -10.562918 -3.983525 30.550262 13.802574 5.922119 -22.930498 0.000001 0.000003 -0.000289 1.588992 10.884320 -22.097574 6.667817 2.052628 66.660202 -2.360858 -9.655807 -13.816164 0.000000 0.000010 -0.000294
-41.678259 9.035825 9.145584 -10.903956 42.883678 -16.055075 9.356850 5.229846 34.048203 0.000000 -0.000003 -12.161664 0.000004 -0.000000 -0.005901 0.000002 -0.000003 5.829916 -0.000001 -0.000003 12.605157 -12.340892 2.542493 -13.267537 -5.649825 -3.597763 -8.489119 -17.286524 -7.978889 6.326601 47.225269 39.599033 -62.602016 -1.951595 9.249602 -13.512320 0.792900 0.697171 -5.015487 9.095896 7.620459 21.620228 -33.413670 -31.567396 -75.395813 -6.933371 -11.427308 1.924212 -4.293553 -21.702368 9.528522 -10.159316 -5.238647 28.244211 14.678449 4.337597 -19.368208 0.000000 0.000001 -0.000295 0.898701 11.048248 -22.089556 6.317045 4.569609 60.967690 -0.955131 -7.627459 -15.318533 -0.000002 0.000014 -0.000291
-41.593718 9.118927 9.275117 -11.538008 45.716763 -15.506840 9.751181 5.998769 32.862053 -0.000005 -0.000000 -12.161667 0.000004 -0.000009 -0.005906 0.000000 0.000005 5.829916 0.000002 -0.000002 12.605162 -11.855489 1.587695 -12.959858 -5.692668 -3.364182 -8.369180 -17.303600 -8.003650 5.855588 47.099243 40.693615 -64.938286 -0.651473 10.020329 -12.949293 0.808661 0.495555 -5.042485 8.987526 7.253757 21.413107 -32.114288 -31.367931 -75.041206 -6.601180 -11.884633 1.869396 -3.614681 -21.060307 10.581089 -9.912853 -6.932099 26.544813 15.395065 2.805819 -15.154725 0.000002 0.000002 -0.000294 0.482273 11.570146 -21.623285 5.675569 7.282860 54.750271 -0.589114 -6.688346 -16.527836 0.000001 0.000002 -0.000292
-41.492690 9.196770 9.405153 -12.201997 48.263260 -15.173432 9.969762 6.668251 31.768900 0.000002 -0.000002 -12.161664 0.000003 -0.000003 -0.005902 -0.000000 0.000003 5.829913 0.000003 -0.000003 12.605156 -11.317375 0.907326 -12.739116 -5.590376 -2.932199 -8.122461 -17.286758 -7.824621 5.455828 46.662914 41.383064 -66.998253 -0.060352 10.376889 -12.433452 0.808012 0.373438 -4.881835 8.812095 7.218701 21.065546 -31.114702 -31.052004 -74.232231 -6.279478 -12.184942 1.738002 -2.677028 -20.196228 11.197670 -10.049919 -8.419665 25.556772 15.743361 1.324163 -10.688611 0.000003 0.000001 -0.000289 -0.262896 13.359572 -20.351763 4.397485 8.412177 48.058968 -1.005154 -6.433099 -17.460114 0.000011 0.000007 -0.000285
-41.380805 9.262534 9.543204 -12.807817 50.493896 -15.177918 10.044947 7.275127 31.003704 -0.000001 0.000002 -12.161667 -0.000003 -0.000000 -0.005906 0.000001 -0.000000 5.829917 -0.000001 -0.000005 12.605153 -10.747238 0.457791 -12.631376 -5.408127 -2.445438 -7.912733 -17.104370 -7.833928 5.037328 46.312309 41.733910 -68.148338 -0.012713 10.683430 -12.028036 0.769649 0.276684 -4.651239 8.492435 7.119010 20.715120 -30.654795 -30.472773 -73.023140 -5.845801 -12.261193 1.435727 -1.662518 -19.051796 11.707822 -10.416574 -9.505650 25.469286 15.565206 -0.256380 -6.396630 -0.000001 0.000001 -0.000297 -1.383878 16.826986 -18.625729 2.650360 7.345955 41.476826 -1.458874 -6.709891 -17.901810 -0.000005 0.000003 -0.000299
-41.263602 9.301819 9.686023 -13.651859 52.696098 -15.259826 9.985787 7.623681 30.033770 -0.000001 -0.000005 -12.161669 0.000002 -0.000000 -0.005904 0.000001 -0.000003 5.829912 0.000002 -0.000003 12.605160 -10.130612 0.232688 -12.635280 -5.181195 -2.057823 -7.662054 -16.658798 -7.879065 4.404068 46.063328 41.619434 -68.420639 -0.183896 10.920801 -11.750532 0.759574 0.194470 -4.454346 8.018486 6.826331 20.421476 -30.709032 -29.504578 -71.486298 -5.577474 -11.977909 1.110269 -0.609879 -17.925886 11.469673 -10.898080 -10.466706 26.736307 15.007242 -1.467633 -2.557750 -0.000002 0.000002 -0.000294 -2.328839 19.883795 -17.443365 1.134139 5.917336 36.341194 -0.393142 -6.246515 -17.568218 -0.000001 -0.000000 -0.000289
-41.139800 9.309600 9.830735 -14.711246 54.831890 -15.561464 9.841521 7.743260 29.001015 -0.000005 0.000005 -12.161670 0.000001 -0.000002 -0.005904 0.000002 -0.000007 5.829917 0.000002 -0.000002 12.605160 -9.525002 0.185693 -12.673029 -4.945610 -1.753515 -7.436847 -16.067781 -7.882843 3.684249 46.045326 40.981361 -67.766563 -0.333740 10.831800 -11.640946 0.766324 0.056735 -4.246651 7.500300 6.539093 20.134186 -31.040167 -28.373144 -69.779968 -5.443183 -11.458094 0.931940 0.351209 -16.440199 10.537763 -11.592822 -11.785091 29.725817 14.155728 -1.928914 0.786863 -0.000004 0.000003 -0.000290 -2.950454 21.622871 -16.658562 0.573320 5.676521 33.762604 2.312541 -3.556046 -17.227119 0.000007 0.000003 -0.000295
-41.003554 9.286519 9.977203 -16.152847 56.964687 -17.071505 9.887760 7.443352 28.793346 -0.000003 0.000005 -12.161667 -0.000000 0.000003 -0.005903 0.000003 -0.000002 5.829916 -0.000001 -0.000003 12.605157 -8.991484 0.194919 -12.746120 -4.716353 -1.421819 -7.381528 -15.492942 -8.030311 3.211112 46.429958 39.975235 -66.159447 -0.477250 10.528307 -11.744535 0.745003 -0.157404 -3.918283 7.016064 6.208416 19.768484 -31.138474 -27.415554 -68.541756 -4.977092 -11.045540 0.872499 1.073041 -14.837369 9.742173 -12.645968 -13.253563 34.417789 13.138838 -1.481271 3.882454 0.000003 -0.000000 -0.000304 -2.650459 21.399412 -15.367567 1.258416 6.730081 33.550663 4.911735 -2.159221 -18.597134 -0.000003 -0.000002 -0.000297
-40.856986 9.225226 10.120776 -17.510624 59.284683 -19.322828 9.708222 6.526296 29.384977 -0.000003 0.000003 -12.161666 0.000005 0.000002 -0.005901 -0.000003 -0.000002 5.829915 0.000003 -0.000007 12.605157 -8.531754 0.353613 -12.995839 -4.493324 -0.986058 -7.538436 -15.035521 -8.367111 3.191797 46.975910 38.889690 -64.016426 -0.581210 10.080791 -11.955670 0.757592 -0.196092 -3.414582 6.666363 5.792468 19.269367 -30.715942 -26.970730 -68.208000 -4.159356 -10.948313 0.664831 1.243580 -13.457774 9.007838 -14.087189 -14.439953 40.448105 11.723736 -0.121251 6.953055 0.000002 0.000002 -0.000285 -2.592058 19.281610 -13.235185 2.631624 6.941517 33.588291 8.179531 -2.308506 -19.935272 -0.000005 0.000002 -0.000293
-40.706790 9.131252 10.254590 -18.551607 62.328079 -21.830647 8.871812 4.739236 30.482889 -0.000003 0.000002 -12.161670 0.000000 -0.000007 -0.005903 0.000000 0.000002 5.829914 0.000000 -0.000005 12.605160 -8.008391 0.595540 -13.367747 -4.178443 -0.692405 -7.869278 -14.437541 -8.494878 3.792089 46.936340 37.870995 -62.021248 -0.797991 9.620556 -12.209992 0.910029 -0.123755 -2.919985 6.392201 5.329701 18.663616 -30.268198 -26.933382 -68.464516 -3.568610 -11.101077 0.464560 0.597448 -13.318689 8.242590 -15.861129 -14.470199 47.132767 9.862174 2.092089 10.578284 -0.000003 0.000002 -0.000294 -2.798021 18.858301 -10.612642 0.496033 2.036018 33.699356 10.710813 1.601136 -21.618561 0.000003 0.000007 -0.000300
-40.558272 9.024149 10.412258 -19.448330 65.881279 -24.887857 7.490804 2.657457 32.529823 0.000002 -0.000005 -12.161667 0.000000 -0.000003 -0.005902 0.000001 -0.000005 5.829916 0.000002 0.000002 12.605159 -7.114079 0.590426 -14.078258 -3.539828 -0.914102 -8.430749 -13.835093 -8.083938 4.913605 46.049816 36.682743 -60.513065 -1.094513 9.180113 -12.690520 1.302984 -0.116316 -2.420022 6.189911 4.717176 17.482178 -30.380411 -27.144011 -68.828018 -3.324887 -11.271873 0.381675 -0.582208 -14.858445 7.816780 -18.058832 -12.606042 53.645302 7.545973 5.290139 14.063251 0.000003 0.000002 -0.000295 -2.713865 17.530552 -8.015176 -1.678871 -2.960486 35.442745 11.075058 5.513439 -22.478989 -0.000000 0.000003 -0.000295
-40.416785 8.913315 10.548417 -18.516977 68.833908 -26.118458 5.571122 1.631210 34.449467 0.000000 -0.000003 -12.161673 -0.000001 0.000009 -0.005904 0.000003 0.000003 5.829911 0.000003 -0.000005 12.605164 -5.946880 0.363949 -14.859344 -2.656326 -1.270152 -8.324723 -13.744931 -8.306110 6.076546 45.381992 35.565174 -58.395863 -1.794600 8.795662 -13.072988 1.483609 -0.186488 -2.124068 6.548775 3.745607 16.151007 -31.235245 -27.482676 -69.036041 -2.774613 -11.456524 0.483342 -1.765643 -15.919240 6.886264 -19.874746 -9.243354 59.525291 6.255413 7.418071 15.799099 -0.000002 0.000002 -0.000292 -2.727248 15.972488 -6.977896 -1.989948 -2.493435 39.410343 11.360930 4.888440 -24.849365 0.000009 0.000003 -0.000296
-40.273428 8.818781 10.674050 -16.207239 72.096558 -24.974709 3.307781 0.205188 35.527641 -0.000004 0.000007 -12.161670 0.000001 -0.000000 -0.005904 0.000003 -0.000000 5.829916 -0.000001 -0.000002 12.605162 -5.236689 0.135192 -15.824235 -2.214045 -1.114329 -7.790009 -13.848240 -9.566373 7.422711 45.042210 34.972897 -55.855343 -4.097619 8.466319 -12.887503 1.326002 -0.360394 -2.101149 7.235966 2.871160 14.373693 -32.081631 -28.129333 -69.534233 -1.538334 -11.421988 0.730840 -3.119646 -15.660499 4.610891 -20.880985 -7.233315 65.530846 6.679140 6.790931 12.438963 0.000002 -0.000002 -0.000289 -3.644356 16.983185 -5.678125 -1.132784 -3.217815 41.798744 11.633011 2.183746 -27.509293 0.000004 0.000009 -0.000292
-40.120349 8.760853 10.787451 -17.115572 74.881683 -26.192566 2.432106 -1.230312 35.998264 -0.000002 0.000005 -12.161665 0.000001 -0.000000 -0.005904 0.000001 -0.000002 5.829915 0.000004 -0.000004 12.605159 -4.970078 -0.285258 -16.505217 -2.115834 -1.262393 -7.194023 -13.998803 -10.198875 9.295212 44.273556 34.815586 -54.621323 -8.182743 8.488893 -12.976789 1.356338 -0.754790 -2.176142 7.622925 1.927800 12.129527 -32.267052 -29.159178 -71.069267 0.026867 -11.380381 1.122633 -3.480992 -15.386222 1.526016 -21.964909 -5.819093 70.691956 6.904828 5.423875 8.330744 -0.000002 0.000003 -0.000292 -3.801693 19.062599 -4.129561 -0.512923 -5.837584 42.599838 11.990107 0.206196 -29.431389 0.000001 0.000003 -0.000288
-39.955409 8.729536 10.891666 -20.832851 76.892418 -29.736670 2.657063 -2.312112 36.014465 -0.000004 0.000003 -12.161667 0.000003 -0.000009 -0.005901 -0.000001 -0.000003 5.829913 0.000001 -0.000006 12.605154 -5.098259 -0.792945 -16.779957 -2.088402 -1.803700 -6.475837 -14.638081 -9.826205 11.448641 43.019367 35.078300 -55.365063 -10.874709 8.312183 -13.984056 1.210554 -1.321907 -2.359232 7.893802 0.744963 9.704828 -31.307610 -30.165134 -74.150261 0.915503 -11.634932 1.508051 -3.006416 -16.307177 -1.839015 -23.122341 -3.461261 73.677292 6.426223 4.074627 5.098388 -0.000002 -0.000000 -0.000295 -3.720376 19.675406 -3.186124 -0.289625 -8.400733 42.920292 12.025159 0.124331 -30.492455 0.000011 0.000003 -0.000295
-39.778132 8.724911 10.989880 -25.246374 78.819565 -34.236153 2.819251 -3.497836 36.100147 -0.000003 0.000004 -12.161670 -0.000000 -0.000003 -0.005906 0.000004 -0.000005 5.829917 -0.000003 0.000003 12.605161 -5.295683 -1.229837 -16.878450 -2.069768 -2.627736 -5.811775 -15.812049 -9.388272 13.939994 42.955036 35.541340 -56.210739 -9.794331 8.122377 -14.410933 1.205666 -1.874740 -2.825446 8.038795 -0.456038 7.516029 -29.094448 -30.977797 -78.691994 0.538058 -12.047363 1.888392 -2.254369 -17.422241 -4.611845 -23.886133 -1.370513 74.770027 5.117473 2.682837 1.718037 0.000000 0.000002 -0.000295 -3.238923 17.408031 -2.096009 -0.554926 -8.530473 43.080826 11.744131 0.452429 -30.948656 0.000005 0.000005 -0.000286
-39.584555 8.750628 11.084040 -31.439310 80.708252 -40.876106 2.713304 -5.223173 36.485584 -0.000001 -0.000001 -12.161665 0.000000 0.000003 -0.005907 0.000003 0.000004 5.829913 0.000001 -0.000009 12.605159 -5.457221 -1.268655 -17.034546 -2.127583 -3.263733 -5.496925 -17.322376 -9.858562 16.094193 44.257175 36.436169 -55.366337 -7.470191 8.119285 -14.479473 1.388401 -2.246926 -3.594289 8.189004 -0.938364 5.491299 -26.951576 -31.393660 -82.763542 -0.457586 -13.235991 1.761970 -1.558307 -17.856030 -6.716236 -23.970324 -0.354757 74.665367 3.283918 1.426422 -2.140522 0.000002 0.000003 -0.000294 -2.775063 14.447689 -0.094047 -0.180494 -7.722558 42.255383 11.301250 0.223056 -31.088966 0.000002 0.000008 -0.000283
-39.376227 8.800879 11.172809 -38.290039 81.837181 -47.984791 2.710897 -6.671485 36.654140 -0.000002 -0.000003 -12.161663 0.000003 0.000003 -0.005903 0.000001 0.000006 5.829911 0.000002 -0.000015 12.605158 -5.524038 -1.014910 -17.132463 -2.300666 -3.866917 -5.460991 -19.053406 -10.434837 18.012739 45.881775 37.802414 -54.018219 -6.399776 8.248555 -14.476236 1.742695 -2.574788 -4.325726 8.273991 -0.307660 3.484208 -24.840076 -31.999228 -86.714882 -1.223815 -14.339564 1.721739 -0.648983 -17.206600 -8.794535 -24.089565 -0.288807 73.366417 1.936530 0.717260 -5.616374 -0.000004 0.000002 -0.000289 -2.289793 12.684216 2.199941 0.457565 -7.438102 40.517559 10.713755 -0.192137 -30.822479 -0.000002 0.000003 -0.000302
-39.162856 8.863432 11.257533 -42.370213 82.018250 -51.324654 3.009733 -7.445264 35.834492 0.000001 -0.000002 -12.161671 0.000001 -0.000007 -0.005903 0.000001 0.000004 5.829916 0.000000 0.000003 12.605160 -5.544854 -0.495345 -17.169502 -2.516295 -4.413383 -5.593053 -20.535511 -10.186620 19.531670 46.803085 38.948883 -53.508541 -6.152545 8.123514 -14.426524 2.143737 -2.802290 -5.037573 8.193135 0.975760 1.928840 -23.536510 -32.667278 -89.989067 -1.569024 -15.091588 1.426888 0.721923 -15.345726 -11.643771 -24.417370 -1.054669 70.876526 1.969484 0.439185 -8.188445 -0.000002 -0.000002 -0.000294 -1.702448 12.305768 3.862754 0.933026 -7.609196 38.107975 10.039532 -0.505967 -30.018450 -0.000001 0.000004 -0.000289
-38.943980 8.939743 11.336006 -44.715298 81.929878 -52.485462 3.353875 -8.071568 34.497158 -0.000003 -0.000002 -12.161667 0.000000 0.000001 -0.005903 0.000003 -0.000004 5.829913 -0.000001 -0.000005 12.605156 -5.559885 0.143702 -17.146538 -2.671422 -4.889558 -5.711864 -21.700413 -9.240319 20.662039 47.276604 39.611305 -53.773140 -5.640309 7.927018 -14.355239 2.601450 -3.016615 -5.667559 8.013532 2.001755 1.062933 -23.546412 -33.026234 -92.465637 -1.482187 -15.143774 0.822751 2.052284 -12.871920 -14.375720 -24.592068 -2.702978 67.151199 2.806610 0.372209 -9.764833 -0.000001 0.000005 -0.000291 -1.066205 12.361510 5.425257 1.489985 -7.508125 35.139389 9.114804 -1.200438 -28.543020 0.000002 -0.000000 -0.000300
-38.714694 9.030996 11.413363 -46.644531 81.792595 -53.539368 3.640362 -8.840717 33.318352 -0.000004 0.000003 -12.161668 0.000002 -0.000009 -0.005905 0.000000 0.000008 5.829916 0.000002 -0.000006 12.605158 -5.683141 0.849321 -17.059902 -2.769974 -5.189785 -5.692286 -22.785969 -8.350745 21.463837 47.862919 40.121681 -54.066250 -4.711743 7.840036 -14.227170 2.994191 -3.174686 -6.084564 7.952214 2.502301 0.797501 -24.715443 -33.128498 -94.240028 -1.217902 -14.262065 0.030262 3.079759 -10.488670 -16.068766 -23.874601 -4.715482 62.138870 3.330741 0.345724 -10.984832 0.000003 0.000009 -0.000290 -0.288561 12.359791 7.377677 2.132821 -7.212062 32.058193 7.747574 -2.463356 -25.910151 0.000005 -0.000000 -0.000294
-38.474036 9.130441 11.494430 -47.895481 81.608383 -54.306904 3.804255 -9.643659 32.537769 -0.000003 -0.000002 -12.161664 0.000004 0.000002 -0.005906 -0.000001 -0.000003 5.829916 0.000002 -0.000004 12.605161 -5.919950 1.572635 -17.104706 -2.772240 -5.310264 -5.685172 -23.787092 -7.948795 21.872272 48.561954 40.685146 -53.993717 -3.733883 7.804803 -13.984227 3.300744 -3.132684 -6.320551 8.072930 3.045761 0.873188 -26.154581 -33.471363 -95.138672 -1.059914 -12.711349 -1.214186 4.045264 -8.775988 -16.501976 -21.712648 -6.000284 55.588039 3.054254 0.500734 -12.411534 0.000002 0.000003 -0.000293 0.607795 11.938186 9.216700 2.386610 -6.688282 29.926422 6.037616 -3.570217 -22.282272 -0.000006 0.000007 -0.000292
-38.226489 9.226481 11.583402 -47.304195 81.300171 -53.203571 3.889673 -10.065650 31.784983 0.000002 -0.000003 -12.161665 0.000000 0.000003 -0.005904 0.000002 -0.000000 5.829914 0.000003 -0.000003 12.605160 -6.172905 2.199089 -17.343937 -2.681158 -5.354947 -5.644153 -24.675680 -8.074758 21.938776 49.309551 41.376892 -53.649502 -3.117134 7.872574 -13.685805 3.532731 -2.972647 -6.412929 8.348145 3.908784 1.171872 -27.094143 -34.215916 -95.771400 -0.958964 -11.761997 -2.305891 5.582708 -8.475935 -15.937567 -18.681292 -4.883657 47.085896 2.773924 1.320591 -13.957150 0.000008 0.000002 -0.000288 1.441366 11.569330 10.348184 2.592699 -5.763871 28.956530 4.103914 -4.741953 -18.090786 -0.000003 -0.000001 -0.000295
-37.974665 9.307676 11.671347 -45.441517 81.137978 -50.546238 3.879566 -10.095573 30.820822 -0.000002 0.000007 -12.161668 0.000003 -0.000005 -0.005901 -0.000001 -0.000002 5.829916 -0.000004 0.000005 12.605153 -6.386269 2.518455 -17.769184 -2.528285 -5.360352 -5.508502 -25.171459 -8.508336 21.667624 49.703892 41.913162 -53.493473 -2.909891 8.005713 -13.396412 3.637836 -2.897961 -6.430491 8.700736 4.725536 1.687437 -27.167320 -34.912876 -96.399109 -0.642339 -12.174744 -2.784731 6.727773 -9.335171 -14.825740 -15.620921 -1.632371 37.984428 4.010923 3.218156 -15.529120 0.000002 -0.000005 -0.000295 1.887054 11.747019 10.631495 3.093317 -4.822744 29.105244 2.187824 -6.167212 -13.602809 -0.000004 0.000006 -0.000296
-37.722018 9.365100 11.754845 -42.497833 81.050278 -46.867954 3.839598 -9.623869 30.038305 0.000002 -0.000001 -12.161670 0.000003 -0.000002 -0.005905 0.000000 0.000009 5.829916 0.000001 -0.000009 12.605161 -6.532123 2.416271 -18.356434 -2.416083 -5.277164 -5.387111 -25.155813 -9.203177 21.292253 49.637470 42.084999 -53.559067 -2.694135 8.085257 -13.341819 3.601292 -2.920728 -6.506776 9.075900 5.025887 2.422945 -26.422523 -35.186077 -97.096573 -0.140590 -13.249166 -2.387480 6.088619 -8.414698 -14.050985 -12.599797 0.339720 31.324345 5.880181 5.982862 -16.413645 -0.000005 0.000002 -0.000296 2.322737 12.650802 10.028005 3.695023 -4.088005 31.083832 0.396944 -7.717750 -8.903095 0.000005 0.000003 -0.000294
-37.472277 9.385754 11.839063 -38.704945 81.141441 -42.681786 3.690439 -8.632917 29.558781 -0.000006 0.000004 -12.161666 0.000003 -0.000010 -0.005904 -0.000001 -0.000007 5.829914 0.000002 -0.000003 12.605158 -6.505448 1.816034 -18.899385 -2.433681 -5.059819 -5.131796 -24.508924 -10.243564 21.011337 49.274864 41.763111 -53.549458 -2.611949 8.028412 -13.587424 3.483381 -3.166507 -6.538830 9.223366 4.596846 3.231545 -25.517382 -34.902328 -97.129967 0.291658 -14.082393 -1.670212 5.554398 -7.478196 -13.821789 -11.053869 1.645889 27.639809 7.104787 8.909300 -16.961420 0.000000 -0.000001 -0.000287 2.642821 13.304972 8.437444 4.460114 -3.183230 35.470745 -1.387794 -9.177703 -4.254301 -0.000003 0.000009 -0.000290
-37.225993 9.364437 11.929035 -35.867863 81.645393 -40.028099 3.466470 -7.558369 29.662672 0.000000 0.000001 -12.161664 -0.000001 -0.000003 -0.005905 0.000001 -0.000001 5.829916 -0.000000 0.000002 12.605157 -6.090436 0.925947 -19.323696 -2.593835 -4.629645 -4.865318 -23.243994 -11.126370 20.866335 48.555401 40.977619 -53.851830 -3.096519 7.644857 -14.014008 3.296069 -3.467548 -6.678804 8.940611 3.527066 3.981501 -25.212296 -34.413109 -95.877022 0.548422 -14.350624 -0.887642 6.425250 -8.848886 -13.605871 -11.126119 4.126088 26.726713 7.782276 9.668798 -18.099510 0.000006 -0.000003 -0.000284 2.633147 12.747910 6.148713 5.573343 -2.115791 41.902802 -3.438705 -10.038051 0.219089 0.000003 0.000000 -0.000294
-36.980231 9.290021 12.026697 -35.473656 82.494179 -40.306210 3.365770 -6.604764 30.163574 -0.000002 -0.000001 -12.161667 0.000002 0.000011 -0.005904 0.000000 -0.000009 5.829913 0.000004 -0.000004 12.605162 -5.098621 -0.061871 -19.418802 -2.865627 -3.899222 -4.494030 -21.579592 -11.505064 20.583717 47.777901 39.748779 -54.491245 -3.882216 7.000638 -14.655653 2.971380 -3.730529 -6.824944 8.382067 2.043335 4.767952 -25.443377 -33.629662 -93.442802 0.444795 -14.080374 -0.128423 7.324563 -9.592113 -13.464512 -11.673146 4.576433 28.318497 7.406655 8.133737 -19.057489 -0.000001 0.000002 -0.000289 2.549845 11.701767 3.616385 6.969580 -1.857681 49.276432 -5.082642 -10.223936 4.264382 0.000000 0.000003 -0.000294
-36.727545 9.150087 12.128827 -37.149899 83.433319 -43.454491 3.355415 -5.521310 31.270235 -0.000001 -0.000002 -12.161664 0.000002 -0.000003 -0.005907 -0.000001 0.000004 5.829919 0.000003 -0.000017 12.605157 -3.786221 -1.223034 -18.792532 -3.168511 -3.230230 -3.977678 -19.855452 -11.246975 19.886099 47.415623 38.444477 -55.047340 -4.732793 6.351329 -15.738757 2.672130 -3.913071 -6.876529 7.817585 0.576929 5.812453 -25.996307 -32.864071 -90.554169 0.179611 -13.569678 0.761252 6.057117 -9.710051 -11.253973 -10.710075 2.691005 29.771196 4.872824 6.890900 -17.113789 -0.000007 0.000003 -0.000293 2.542527 10.958936 1.661736 8.633801 -2.263942 56.707623 -4.719429 -10.995543 8.073919 0.000001 0.000003 -0.000297
-36.516402 9.039203 12.317487 -32.936642 82.806740 -41.769119 3.763332 -3.094100 33.339928 -0.000001 -0.000008 -12.161671 -0.000001 -0.000000 -0.005902 0.000004 -0.000000 5.829916 -0.000000 -0.000001 12.605152 -3.034156 -1.922144 -17.532610 -3.549118 -2.721157 -3.298573 -18.307699 -10.116698 18.378365 47.718155 37.483177 -55.293007 -5.743016 6.047663 -17.045279 2.470508 -3.478417 -6.859553 7.272038 -0.329619 7.247182 -26.752045 -32.412292 -87.489723 -0.025133 -13.421222 1.717228 6.806576 -13.274717 -7.947175 -11.400893 7.139304 31.980253 4.034765 6.481953 -20.526039 0.000005 -0.000005 -0.000297 3.588104 12.540032 0.693830 10.782269 -3.216468 63.536114 -5.179223 -11.717820 10.409283 -0.000002 0.000003 -0.000295
-36.272929 8.901703 12.434647 -40.348717 82.093140 -50.862907 4.966936 -2.750077 35.150715 0.000000 0.000003 -12.161670 -0.000001 0.000003 -0.005907 0.000001 -0.000007 5.829918 0.000001 -0.000003 12.605159 -3.419879 -1.023623 -17.681400 -3.556527 -1.343990 -4.289364 -18.017647 -7.990264 17.203556 48.677483 36.907074 -55.517910 -7.130168 6.313141 -18.145498 1.776767 -1.626615 -7.311038 7.538502 0.587723 9.341850 -28.058586 -33.056885 -84.105652 -0.415966 -14.177704 2.868486 8.100328 -11.747987 -7.190207 -10.319529 7.826110 37.982319 2.970437 3.368394 -24.729519 0.000000 0.000003 -0.000291 5.173455 12.935526 -0.925403 14.520188 -3.609131 68.766678 -5.843000 -12.882588 8.727777 0.000000 0.000003 -0.000287
-36.011500 8.818537 12.514636 -53.072773 82.018623 -64.657578 6.949145 -2.353907 35.379379 -0.000001 0.000004 -12.161669 0.000001 -0.000004 -0.005902 0.000003 0.000008 5.829916 -0.000000 -0.000001 12.605160 -3.639408 -1.603911 -17.151787 -3.085988 -1.714723 -4.147546 -19.153870 -6.172920 14.797468 49.546127 37.001347 -55.659084 -8.914272 6.433669 -19.007248 0.835740 -1.923709 -6.225014 8.409713 3.402751 11.873991 -29.408258 -34.484650 -81.194450 -0.247405 -14.887723 3.302557 8.960157 -12.946115 -6.276033 -9.830549 7.829771 41.445679 2.340271 2.770569 -27.848486 -0.000003 0.000003 -0.000291 6.171940 12.397795 -3.225866 16.228676 -5.153895 72.951218 -4.554242 -12.752795 5.593753 0.000006 -0.000001 -0.000295
-35.746539 8.780081 12.589061 -54.273491 82.617355 -65.664246 7.097451 -1.363783 34.957333 -0.000004 0.000001 -12.161670 0.000005 0.000001 -0.005902 -0.000003 0.000009 5.829915 0.000004 -0.000009 12.605159 -3.566948 -1.602245 -17.134178 -2.966615 -1.562639 -4.558733 -19.798035 -5.715909 11.717564 49.743950 38.139736 -55.995331 -10.129515 6.968383 -19.267126 0.959916 -1.264034 -5.496729 8.569276 5.345889 14.701896 -31.203396 -35.209797 -78.886620 0.779566 -14.702790 2.984429 8.454588 -13.644634 -4.745422 -11.112503 6.137538 41.868843 1.715140 4.797314 -29.790861 0.000009 -0.000006 -0.000295 5.719081 13.300517 -7.275094 16.284285 -6.913214 76.376793 -2.274690 -12.722828 3.722182 -0.000011 0.000005 -0.000296
-35.475695 8.776686 12.655338 -57.973370 83.146423 -69.358063 7.440403 -0.171552 34.471092 -0.000004 0.000001 -12.161668 0.000003 -0.000001 -0.005903 0.000002 0.000002 5.829917 0.000000 -0.000003 12.605151 -3.081396 -1.966222 -16.400267 -3.009301 -1.674545 -4.875051 -19.935129 -6.199529 9.535881 49.333252 39.861290 -57.564724 -9.438684 8.424321 -18.850250 1.351370 -0.808794 -4.826739 8.843873 6.461293 17.491680 -33.011723 -35.187683 -76.948792 1.379803 -13.705475 2.638228 8.076262 -14.702331 -2.544883 -11.458038 6.071480 41.538177 1.694756 5.061582 -31.176502 0.000004 0.000001 -0.000292 5.364537 14.060534 -10.586939 15.590997 -8.283365 77.983269 -1.022897 -12.811772 2.728510 0.000005 0.000002 -0.000295
-35.199339 8.808453 12.695960 -65.601768 83.832039 -77.072227 7.562384 0.804420 34.228313 -0.000003 -0.000001 -12.161668 0.000005 -0.000007 -0.005904 -0.000003 0.000008 5.829915 0.000001 -0.000008 12.605160 -2.392721 -2.555192 -15.616044 -3.169924 -1.654098 -5.413661 -19.786972 -6.520578 8.353029 48.455685 41.236237 -60.711205 -8.577098 10.262611 -18.263338 1.593098 -0.255223 -4.586515 9.667362 6.909625 20.122412 -34.007324 -34.940121 -75.990067 1.440326 -13.024184 2.411343 7.249940 -14.538400 -0.114062 -10.561851 5.226181 40.749611 1.631271 4.068392 -31.773302 0.000000 -0.000002 -0.000298 4.448192 14.093401 -13.353083 14.777156 -8.993454 77.979492 -1.224186 -12.826131 1.296347 -0.000002 0.000004 -0.000294
-34.915499 8.875080 12.729758 -64.250465 84.155510 -75.918564 7.594264 2.635435 34.025257 0.000001 0.000001 -12.161662 0.000001 -0.000005 -0.005906 0.000000 0.000011 5.829912 0.000004 -0.000013 12.605157 -1.804559 -2.971498 -14.693165 -3.519107 -1.129073 -5.844678 -19.638277 -6.836720 7.822673 47.610897 42.285847 -64.342422 -8.288882 11.426096 -17.538836 1.615800 0.618123 -4.498036 11.043099 6.847877 22.666023 -34.131977 -34.794567 -75.964958 1.157338 -12.788139 2.177687 6.402018 -12.899921 3.390451 -10.052888 3.321754 38.362011 1.773243 3.953106 -30.921707 0.000001 0.000002 -0.000295 3.678889 14.297666 -15.479927 13.619030 -8.514845 76.781746 -1.743213 -12.699078 -0.635267 -0.000001 0.000003 -0.000291
-34.630362 8.967108 12.744912 -65.623146 84.746330 -76.965736 7.502439 4.299584 33.431313 -0.000001 0.000005 -12.161668 -0.000001 0.000004 -0.005905 0.000001 -0.000000 5.829916 0.000001 -0.000008 12.605159 -1.255241 -3.581345 -13.945429 -4.043413 -0.707026 -6.304484 -19.357634 -7.699644 7.621075 46.972504 43.352718 -67.468079 -7.439896 11.978035 -16.576876 1.619003 1.437989 -4.615623 12.567647 6.841865 24.591572 -33.968296 -34.994312 -75.830963 0.482554 -12.695011 2.031630 5.542717 -12.366532 6.393588 -9.636465 2.314922 35.171555 2.260519 4.006360 -28.339375 0.000005 -0.000002 -0.000295 3.021861 12.968201 -17.599926 11.717966 -6.575021 74.638672 -2.057225 -11.925763 -2.500810 0.000004 0.000002 -0.000298
-34.348918 9.078974 12.747918 -71.706970 85.340782 -82.012978 7.450008 5.584291 32.196323 -0.000004 0.000006 -12.161669 0.000006 -0.000018 -0.005904 -0.000001 0.000004 5.829915 -0.000001 0.000006 12.605158 -0.851605 -4.157154 -13.368462 -4.615536 -0.310702 -6.806378 -19.108681 -8.904474 7.774855 46.943115 44.368366 -69.611206 -5.903220 12.639627 -15.464370 1.517519 2.210280 -4.754193 14.109782 6.944074 25.859564 -34.344646 -35.331066 -74.935234 -0.257695 -12.854039 1.988770 4.806763 -12.360163 8.538730 -9.018931 1.965890 31.814827 2.905491 3.782622 -24.066849 0.000003 -0.000000 -0.000298 2.567729 10.803740 -19.685566 9.730998 -3.794509 70.896721 -2.320877 -10.845888 -3.832539 -0.000000 0.000004 -0.000295
-34.064131 9.208362 12.746709 -74.002296 85.578537 -83.173531 7.583151 7.244413 30.778172 -0.000003 -0.000000 -12.161667 0.000002 -0.000006 -0.005902 0.000000 0.000002 5.829912 0.000001 -0.000001 12.605158 -0.564034 -4.672160 -12.820725 -5.034438 0.010129 -7.002062 -19.015766 -10.119361 8.118127 47.171879 45.323048 -71.077911 -4.426281 13.041818 -14.293908 1.479078 2.691890 -4.798006 15.234655 6.711449 26.805325 -34.621277 -35.192204 -73.973038 -1.004078 -12.772850 2.140052 4.232182 -12.078586 10.630263 -8.322309 1.889684 28.442251 3.429138 3.347810 -18.424786 0.000002 0.000001 -0.000298 2.414654 9.221407 -20.979895 8.100891 -0.981870 65.333748 -2.775134 -9.660902 -4.677635 0.000004 0.000001 -0.000290
-33.773482 9.344440 12.735438 -73.472908 85.777939 -81.663071 7.602077 8.763858 29.509045 -0.000004 0.000005 -12.161674 0.000000 -0.000013 -0.005904 0.000004 -0.000002 5.829915 0.000000 -0.000002 12.605161 -0.516221 -4.879841 -12.436833 -5.367467 0.508014 -6.920294 -18.938740 -10.846586 8.486431 47.195526 45.954700 -72.345200 -3.376906 13.012345 -13.106122 1.429688 3.076039 -4.700865 15.859759 6.376836 27.423166 -34.615368 -34.608833 -72.977921 -1.748298 -12.481561 2.512022 3.816468 -11.320545 12.334595 -7.899620 1.358983 25.688345 3.586535 3.052883 -11.729829 0.000001 -0.000003 -0.000290 1.807738 8.722387 -21.192625 7.315702 1.370719 57.953403 -3.174601 -9.078180 -5.152106 -0.000006 -0.000001 -0.000294
-33.477774 9.471579 12.715000 -74.377235 86.028267 -81.467964 7.448475 9.892094 28.107927 0.000001 -0.000003 -12.161668 -0.000001 0.000005 -0.005904 -0.000001 0.000005 5.829915 0.000003 -0.000009 12.605158 -0.635361 -4.880311 -12.263807 -5.611221 1.078667 -6.689015 -18.805244 -10.850688 8.844453 47.058170 46.028595 -73.371010 -2.400071 12.732605 -11.904145 1.327520 3.182740 -4.337440 16.230543 6.457168 27.773386 -34.609276 -34.037579 -71.739777 -2.168123 -12.198768 3.003796 3.771925 -10.343274 13.431324 -7.882196 0.436347 23.460960 3.406556 2.762826 -4.469354 -0.000000 0.000004 -0.000298 0.460248 9.640027 -20.649237 6.824637 2.532324 49.277298 -3.463253 -9.441472 -5.964196 0.000001 0.000000 -0.000295
-33.174433 9.578013 12.692160 -78.570625 86.234024 -84.607170 7.243962 10.492319 26.733438 0.000000 -0.000002 -12.161666 0.000000 -0.000003 -0.005903 0.000001 0.000003 5.829911 0.000001 -0.000003 12.605161 -0.849214 -4.698043 -12.379444 -5.713884 1.566232 -6.465109 -18.692991 -10.172799 9.144919 46.575394 45.692341 -74.216629 -1.443675 12.415932 -10.802078 1.206094 3.097724 -3.924759 16.325830 6.729135 28.107500 -34.588200 -33.558231 -70.531967 -2.097972 -11.831932 3.335459 4.054642 -9.417688 14.053538 -8.047029 -0.452775 22.261841 3.093215 2.223806 2.457273 -0.000000 0.000003 -0.000294 -1.018548 11.743191 -19.342527 5.845823 1.921880 40.141075 -4.193040 -10.278150 -7.873485 0.000003 0.000003 -0.000290
-32.863318 9.651744 12.672747 -85.514847 86.111435 -90.845573 7.312400 10.724109 25.665564 -0.000004 0.000010 -12.161670 0.000002 -0.000015 -0.005903 0.000002 0.000009 5.829916 0.000001 -0.000016 12.605158 -0.987539 -4.483789 -12.687545 -5.608013 1.800294 -6.228725 -18.756153 -9.440857 9.311407 45.548157 45.390812 -74.859108 -0.968784 12.744323 -10.010907 1.239898 2.854222 -3.424907 15.861131 6.765525 28.212574 -34.421497 -32.928619 -69.697556 -1.580594 -11.189008 3.311452 4.583348 -8.594122 14.188149 -8.382430 -1.750299 22.824421 2.768859 2.137542 8.262668 -0.000004 -0.000001 -0.000291 -2.093595 14.499514 -17.499765 4.550567 -0.442194 31.681631 -5.083646 -11.008001 -10.432415 0.000004 0.000002 -0.000295
-32.552104 9.676476 12.659249 -95.078011 85.618896 -99.985100 7.492250 10.238750 24.907141 -0.000002 0.000007 -12.161665 0.000002 -0.000004 -0.005905 -0.000001 -0.000002 5.829914 0.000003 -0.000003 12.605161 -1.035683 -3.986313 -13.173723 -5.301366 2.059151 -6.032724 -18.975006 -9.127426 9.365872 44.024479 45.465820 -75.229454 -1.264331 14.047948 -9.529355 1.420538 2.653169 -2.938641 15.045563 6.709527 27.996840 -34.276100 -32.186127 -69.301933 -0.895310 -10.468662 2.980756 5.243874 -8.265638 13.537158 -9.215685 -3.436217 25.631393 3.016645 3.077507 12.412825 0.000005 -0.000000 -0.000291 -1.333655 14.892858 -16.002094 2.694872 -1.126034 25.952156 -5.863303 -11.191745 -12.886675 0.000003 0.000001 -0.000290
-32.245143 9.645638 12.652468 -101.426628 84.771080 -106.359840 7.841182 9.396922 24.666719 -0.000006 0.000001 -12.161668 0.000004 -0.000015 -0.005905 0.000001 -0.000008 5.829916 -0.000000 0.000010 12.605161 -0.939903 -3.280340 -13.758609 -4.885435 2.260130 -5.779627 -19.079067 -9.023132 9.442425 42.127346 45.732178 -75.414268 -1.885781 15.620216 -9.227253 1.661616 2.522818 -2.644723 14.209819 6.578825 27.602362 -34.072594 -31.474649 -69.416336 -0.576144 -10.295681 2.809838 6.076429 -8.184718 12.283816 -10.704690 -4.965328 30.452234 3.459031 4.905645 15.507815 -0.000002 0.000003 -0.000295 -0.501142 14.244919 -14.707578 1.921647 -1.249549 22.931551 -4.962411 -10.336678 -14.084813 0.000003 0.000005 -0.000294
-31.935290 9.563587 12.649760 -101.118446 83.831314 -106.998619 8.431785 8.571115 25.436432 -0.000003 0.000003 -12.161670 0.000003 -0.000008 -0.005901 -0.000002 0.000005 5.829915 0.000001 -0.000006 12.605157 -0.856898 -2.375366 -14.395110 -4.539504 2.394846 -5.793327 -18.674299 -8.446648 9.986417 39.891281 45.569683 -75.430641 -2.498230 16.731344 -9.229167 1.932336 2.530345 -2.542526 13.589643 6.543909 27.033030 -33.270947 -31.228827 -70.070847 -0.622919 -10.518849 2.840755 6.813944 -7.977320 11.230553 -12.707865 -6.019805 36.774063 4.309053 7.334074 17.794704 -0.000002 0.000005 -0.000295 -0.335313 14.173278 -13.081616 2.271093 -2.242604 23.066282 0.797013 -7.333519 -12.642685 0.000000 -0.000004 -0.000291
-31.624049 9.433664 12.644330 -97.418762 83.247742 -105.220154 8.840937 7.636310 27.304161 -0.000004 0.000003 -12.161664 0.000003 -0.000002 -0.005907 0.000002 -0.000009 5.829914 0.000001 -0.000000 12.605162 -0.980551 -1.125679 -15.059515 -4.395291 2.615611 -6.215322 -17.749594 -7.403323 10.972745 37.593853 44.751469 -74.949036 -3.196634 16.989250 -9.633743 2.139130 2.730017 -2.762980 13.296325 6.449367 26.335472 -32.621918 -31.176495 -70.613251 -0.797412 -10.831168 2.851955 6.877728 -7.727422 10.573101 -15.268422 -6.706203 44.209301 6.115899 9.975127 19.213177 0.000006 -0.000000 -0.000293 0.484490 14.442883 -11.441655 1.810848 -4.218899 26.660030 2.935353 -4.465585 -13.878901 -0.000002 0.000006 -0.000291
-31.367362 9.293315 12.578672 -102.687469 83.399689 -112.903305 8.123889 5.519064 29.536280 -0.000004 0.000009 -12.161665 0.000001 -0.000004 -0.005903 -0.000000 0.000003 5.829911 0.000001 -0.000009 12.605162 -1.183161 0.462875 -15.331902 -4.420619 2.690527 -6.630081 -16.458561 -6.544503 12.005823 35.942146 43.770031 -73.167358 -4.162490 16.835032 -10.451269 2.150615 2.845986 -2.649788 13.276330 6.336636 25.063643 -32.527691 -31.229418 -70.947334 -0.560158 -11.100029 2.846581 5.657282 -8.413790 9.864621 -19.022308 -7.321062 51.938229 9.000203 11.697737 18.854507 -0.000003 0.000001 -0.000292 1.504789 13.010129 -9.282794 0.547443 -5.837398 30.112782 3.524131 -1.713676 -12.978111 0.000002 0.000004 -0.000300
-31.081374 9.116631 12.533380 -114.078835 84.712685 -126.041946 5.789644 4.133402 31.342930 -0.000001 -0.000000 -12.161668 0.000004 -0.000012 -0.005902 0.000000 0.000010 5.829914 0.000005 -0.000006 12.605162 -0.997608 1.784817 -15.982117 -3.828433 1.939932 -7.208129 -15.786329 -6.331676 13.263520 35.571884 42.839470 -69.748840 -5.509633 16.869112 -11.430814 2.069942 2.813424 -2.581690 13.620485 5.623428 23.224718 -33.086334 -30.938759 -70.773285 -0.262262 -11.391212 2.782809 3.629413 -9.874999 8.549188 -23.450632 -6.291138 58.173363 10.686254 12.316010 15.724353 -0.000001 0.000001 -0.000290 0.090039 12.746593 -8.158773 -0.332261 -7.127578 35.234360 4.647624 0.217063 -15.380160 -0.000000 -0.000000 -0.000292
-30.793631 8.976880 12.490532 -140.816696 86.539886 -153.586441 2.573508 3.303226 32.232288 -0.000003 0.000006 -12.161664 0.000001 -0.000003 -0.005904 0.000004 -0.000007 5.829913 0.000001 -0.000000 12.605163 -1.275186 2.795495 -16.667833 -3.337463 1.432556 -7.088769 -15.718754 -7.344032 14.656843 35.783752 42.250935 -65.968506 -7.656238 16.521952 -12.255099 1.260576 2.205504 -2.961159 14.703208 4.992140 21.406000 -34.197842 -30.684652 -70.021362 0.807582 -11.166932 3.105814 0.452912 -11.060142 5.820446 -25.426846 -3.487606 63.665001 10.113714 11.004528 11.577411 0.000003 0.000003 -0.000292 -2.189952 15.137410 -7.407356 -0.692758 -8.408592 39.501385 5.561481 -0.202986 -18.828133 -0.000001 -0.000002 -0.000292
-30.502183 8.891150 12.461674 -148.430496 86.552353 -161.339172 1.773501 2.261704 32.400917 -0.000001 0.000003 -12.161667 0.000004 0.000000 -0.005907 0.000001 -0.000005 5.829914 0.000002 -0.000003 12.605164 -1.773110 3.457076 -16.962975 -3.261420 0.807292 -6.481812 -15.488418 -8.080008 16.033806 36.079880 41.341194 -62.949272 -9.901402 15.477965 -13.151551 0.965863 1.433697 -2.680133 15.133241 4.771210 18.364967 -35.243904 -30.709700 -69.244217 1.994053 -10.874367 3.367723 -0.330990 -11.453889 2.087747 -26.154762 -1.336635 68.723839 8.613191 9.003923 7.585712 -0.000009 -0.000000 -0.000290 -2.016343 17.599182 -5.771489 0.317080 -8.235861 40.913822 6.354685 -2.909746 -21.652719 0.000009 0.000001 -0.000293
-30.189131 8.833046 12.437995 -149.508087 86.042450 -161.668839 1.531016 0.999563 31.892698 -0.000000 -0.000006 -12.161666 0.000004 -0.000003 -0.005904 -0.000001 -0.000005 5.829916 0.000000 -0.000000 12.605156 -2.004565 3.929533 -16.992901 -3.165996 -0.430111 -6.188273 -15.619785 -8.152401 17.446804 37.116653 40.250504 -60.463730 -11.189036 14.046051 -14.303856 0.825399 0.291339 -3.013984 15.241458 4.585541 15.581227 -35.852051 -30.819248 -69.431732 2.409394 -11.291369 3.047964 -0.037308 -13.275754 -2.287660 -26.379271 1.447717 71.448059 6.682373 7.162596 4.102653 -0.000003 -0.000000 -0.000298 -2.035764 19.016499 -4.928946 1.495649 -8.768165 41.652256 6.637015 -4.122803 -24.015453 0.000005 0.000006 -0.000284
-29.884783 8.817726 12.420003 -153.168152 85.416786 -165.887497 1.063732 -0.760839 32.676098 -0.000002 -0.000006 -12.161670 0.000002 -0.000006 -0.005904 0.000000 0.000009 5.829913 0.000000 -0.000006 12.605155 -2.328214 4.549614 -16.814701 -3.089073 -1.643526 -6.004250 -16.361441 -8.034664 18.969616 38.778797 39.521481 -58.721870 -11.176320 12.602272 -15.023173 0.935498 -0.621834 -3.571608 14.841007 3.852926 13.268590 -35.327568 -30.698503 -71.467735 1.943960 -11.563224 2.878567 0.419282 -14.988503 -4.743735 -26.526382 3.356012 72.350800 4.353139 6.042182 0.586443 -0.000005 0.000005 -0.000297 -1.655006 18.024019 -2.971328 0.926443 -8.976501 42.501083 6.840914 -3.065685 -25.481911 0.000002 -0.000004 -0.000300
-29.568883 8.834096 12.403522 -156.099411 84.163399 -169.965836 0.586019 -3.246431 33.967056 -0.000002 0.000006 -12.161665 0.000000 0.000003 -0.005904 -0.000001 0.000002 5.829915 0.000005 -0.000010 12.605157 -2.807008 5.215196 -16.660576 -2.985220 -2.790101 -5.934092 -17.815117 -8.206994 20.727272 41.015457 39.490181 -57.265423 -10.452379 11.455928 -15.530237 1.339112 -1.515631 -4.363315 14.320583 3.190911 11.508103 -34.137321 -30.630045 -74.534592 1.247021 -11.472711 2.917047 0.967943 -15.616467 -6.343976 -26.313995 3.397389 72.625374 2.279767 5.399959 -2.626070 -0.000002 0.000003 -0.000293 -0.835864 15.559900 0.381069 0.677371 -7.994287 41.952900 6.854728 -2.617148 -26.318419 -0.000006 0.000004 -0.000290
-29.248086 8.874379 12.384712 -155.315948 83.190559 -169.733902 0.542955 -5.492564 34.668266 -0.000004 0.000005 -12.161667 0.000003 0.000000 -0.005903 0.000002 -0.000004 5.829916 0.000003 -0.000002 12.605160 -3.509094 5.839871 -16.624310 -3.056203 -3.801834 -5.917871 -19.750839 -8.693719 22.543083 43.178993 39.930080 -56.102634 -9.313643 10.386621 -15.846850 1.802227 -2.302373 -5.154508 13.846666 3.345301 9.912431 -33.382225 -31.238230 -77.285339 0.680978 -11.645665 2.597854 1.889729 -14.614981 -8.413204 -25.657766 1.976971 72.060638 1.357264 4.833360 -4.828738 -0.000001 0.000005 -0.000291 -0.170128 13.849432 3.693376 1.365662 -6.732872 40.214138 6.695323 -3.292215 -26.687357 -0.000005 0.000000 -0.000299
-28.931513 8.931202 12.367251 -151.044434 83.519402 -164.578720 0.978575 -6.353898 34.060352 -0.000000 0.000002 -12.161663 0.000000 0.000004 -0.005905 0.000001 0.000002 5.829916 0.000000 -0.000006 12.605160 -4.273098 6.317838 -16.801315 -3.170740 -4.742306 -5.987007 -21.827328 -9.254648 24.159977 44.915924 40.379799 -55.227921 -8.186945 9.440542 -15.896741 2.319037 -2.965325 -5.973452 13.329615 4.019359 8.379151 -32.973366 -32.272083 -79.698189 0.073084 -11.774074 2.183410 3.226178 -11.718972 -11.460793 -24.987246 -0.352487 70.202248 1.685622 4.537321 -6.429237 0.000003 0.000002 -0.000296 0.262035 14.015928 5.848914 2.133826 -5.882133 37.651134 6.142855 -4.270287 -26.007725 -0.000003 -0.000002 -0.000296
-28.616931 9.007937 12.335431 -148.586548 83.890900 -160.568604 1.337499 -7.011437 32.626572 0.000001 -0.000006 -12.161670 0.000001 0.000007 -0.005905 0.000001 -0.000004 5.829916 0.000001 -0.000004 12.605156 -4.799427 6.615304 -16.866138 -3.171227 -5.710654 -5.916026 -23.707962 -9.500828 25.552132 46.044617 40.470501 -54.799595 -7.528007 8.732047 -15.780211 2.867309 -3.662683 -6.586654 12.812783 4.533960 7.107709 -32.540051 -33.271034 -82.262253 -0.679552 -11.971567 1.685583 4.160030 -9.059269 -14.382009 -24.127977 -3.189053 66.370110 1.894801 4.511145 -7.327706 -0.000000 0.000005 -0.000292 0.414605 14.211405 7.619886 2.524419 -5.191893 34.651157 5.148303 -5.360975 -23.849438 0.000004 0.000001 -0.000289
-28.292491 9.109132 12.294485 -149.675354 83.902008 -160.566772 1.310227 -8.288713 31.476511 -0.000001 0.000001 -12.161665 0.000003 -0.000005 -0.005905 0.000002 0.000013 5.829914 0.000003 -0.000016 12.605162 -5.218901 7.135320 -16.795454 -3.124071 -6.220953 -5.710522 -25.260538 -9.620439 26.740494 46.459557 40.340240 -54.811253 -7.246093 8.027317 -15.527821 3.345849 -4.051186 -6.953090 12.412676 4.694120 6.209430 -32.048782 -33.707504 -84.590881 -1.440543 -12.234656 1.013731 4.631623 -7.664676 -15.946979 -22.726692 -5.859810 60.890625 1.532295 4.400066 -8.003696 -0.000003 0.000007 -0.000294 0.627317 13.796814 9.817190 2.712015 -4.301580 31.724880 3.637493 -6.737657 -20.117973 -0.000000 -0.000002 -0.000281
-27.954035 9.222312 12.260618 -149.744659 84.089149 -159.752274 1.357512 -9.233218 30.427162 -0.000001 0.000004 -12.161667 0.000001 -0.000000 -0.005902 -0.000001 0.000009 5.829912 0.000002 -0.000004 12.605158 -5.557283 7.567854 -16.661318 -3.029977 -6.564290 -5.435509 -26.541933 -10.008718 27.693001 46.584110 40.188847 -54.752571 -7.036631 7.393522 -15.067534 3.718627 -4.384912 -7.137224 12.157999 4.608126 5.632630 -31.371941 -34.073296 -86.917938 -1.990347 -12.374063 0.509735 5.302374 -7.002089 -16.296227 -20.344282 -7.752950 53.560444 1.104792 3.729808 -8.445159 -0.000007 0.000005 -0.000295 1.021006 13.523520 11.981122 2.926307 -3.136064 29.157372 1.688421 -8.410363 -15.186982 0.000001 0.000004 -0.000290
-27.603522 9.335797 12.238004 -146.392548 84.711205 -155.399185 1.608258 -9.573423 29.308168 0.000000 -0.000002 -12.161668 0.000003 -0.000002 -0.005903 -0.000002 0.000003 5.829916 0.000002 -0.000015 12.605154 -5.925095 7.962775 -16.663004 -2.969854 -6.709459 -5.291833 -27.394039 -10.575507 28.400093 46.614445 39.903778 -54.542088 -6.706960 6.984731 -14.477339 3.979327 -4.568834 -7.219243 11.988880 4.583986 5.259336 -30.824684 -34.495701 -88.683479 -2.390187 -12.473265 0.277932 6.856299 -7.265161 -15.577561 -17.085909 -7.668265 43.581295 0.875511 2.856825 -8.663982 0.000001 0.000001 -0.000289 1.478252 13.747460 13.770201 3.220436 -1.841627 26.898661 -0.693493 -10.174631 -9.204936 0.000003 -0.000002 -0.000296
-27.244698 9.438656 12.214166 -141.402817 85.444351 -149.254745 1.953529 -9.546561 28.145395 -0.000001 -0.000010 -12.161670 0.000003 0.000006 -0.005905 0.000000 -0.000009 5.829914 0.000001 -0.000003 12.605159 -6.322757 8.174203 -16.913528 -2.956174 -6.741942 -5.122877 -27.674562 -11.288406 28.699045 46.424259 39.496025 -54.416473 -6.348532 6.674407 -14.042499 4.132752 -4.754788 -7.267565 11.863309 4.656326 5.066392 -30.373869 -34.985317 -89.899857 -2.737178 -12.510406 0.352697 8.022872 -8.473015 -14.122244 -13.398717 -6.001787 32.796478 1.108280 3.596107 -9.227739 -0.000001 0.000006 -0.000287 1.760145 13.995638 15.109000 3.595367 -0.362146 24.996778 -3.354136 -11.875602 -2.318096 0.000009 0.000000 -0.000289
-26.882037 9.517991 12.175683 -141.642944 85.896591 -148.412094 2.130401 -9.601676 27.114140 -0.000002 0.000003 -12.161669 0.000001 -0.000006 -0.005903 0.000003 -0.000004 5.829911 -0.000000 -0.000006 12.605158 -6.589223 8.072950 -17.304956 -2.979292 -6.875815 -4.888743 -27.256392 -11.957730 28.558119 45.931381 39.003101 -54.555363 -6.211961 6.466196 -13.835566 4.197806 -5.107876 -7.210801 11.763267 4.617603 4.946321 -29.969767 -35.347393 -90.714172 -3.076420 -12.547537 0.644202 7.712576 -9.829540 -12.527869 -9.796204 -4.378503 22.802572 2.305907 6.133397 -9.569992 -0.000002 -0.000003 -0.000295 1.498364 13.674102 16.044102 4.192309 0.650852 23.832951 -6.294895 -12.981282 4.872469 -0.000001 0.000006 -0.000291
-26.517882 9.563269 12.131655 -147.097443 86.353363 -153.348389 1.999925 -9.509419 26.517523 -0.000002 -0.000003 -12.161666 0.000000 0.000000 -0.005904 0.000001 -0.000008 5.829916 0.000003 -0.000008 12.605158 -6.699134 7.763398 -17.526030 -2.982043 -6.969197 -4.533009 -26.334738 -12.430798 28.090727 45.209866 38.465355 -55.005959 -6.274079 6.387495 -13.764885 4.118169 -5.526995 -6.927599 11.797456 4.412894 4.933971 -29.772139 -35.558216 -91.091225 -3.469872 -12.575281 0.905279 6.487864 -10.893483 -11.145573 -7.076726 -2.806023 16.223171 4.124049 9.166868 -10.934946 0.000004 -0.000000 -0.000291 0.862434 13.064587 16.477282 4.871185 0.777549 24.479307 -9.259768 -13.201537 11.095394 -0.000003 0.000006 -0.000288
-26.154566 9.567412 12.091909 -159.282776 86.694588 -165.905426 1.558105 -9.305744 26.714741 -0.000003 0.000003 -12.161664 0.000002 0.000003 -0.005905 -0.000001 0.000008 5.829918 0.000000 -0.000008 12.605156 -6.780674 7.256167 -17.574135 -2.995026 -7.021338 -4.143762 -25.166435 -12.707595 27.364916 44.452595 37.991936 -55.578362 -6.243697 6.412268 -13.721106 3.817110 -5.924880 -6.535131 11.906108 3.964545 5.088542 -29.950865 -35.622471 -90.836006 -3.773193 -12.695751 0.978395 5.531130 -12.325768 -9.686641 -5.581799 -1.124813 12.893864 5.446445 10.241339 -12.551754 0.000000 0.000005 -0.000290 0.165878 12.137947 16.498217 5.378824 0.801969 27.583607 -11.583081 -13.256898 16.112455 -0.000003 0.000000 -0.000298
-25.795550 9.525597 12.063253 -176.693420 86.597511 175.841309 0.957846 -8.926569 27.486071 0.000003 -0.000002 -12.161669 0.000001 -0.000009 -0.005904 -0.000001 0.000016 5.829916 0.000003 -0.000014 12.605159 -6.765156 6.443247 -17.679926 -3.021435 -7.284588 -3.966854 -23.836435 -12.732015 26.393152 43.912998 37.612194 -55.969940 -6.070353 6.602957 -13.630701 3.434052 -6.362464 -6.379220 11.759453 3.304585 5.473622 -30.096634 -35.491390 -89.990967 -3.844219 -12.724196 0.957393 5.357656 -13.837468 -8.399612 -5.694577 0.587310 12.902178 3.865580 9.250158 -12.572903 0.000005 0.000003 -0.000287 -0.517756 10.994770 15.903030 6.186532 1.496273 32.741276 -13.208949 -14.298373 20.775486 -0.000002 0.000002 -0.000293
-25.442463 9.430906 12.048943 170.425751 86.181404 162.074646 0.513094 -8.271221 28.412142 -0.000002 -0.000001 -12.161669 0.000001 -0.000001 -0.005905 0.000002 -0.000006 5.829916 -0.000001 -0.000010 12.605155 -6.487877 5.462076 -17.857727 -3.067070 -7.679278 -3.981245 -22.391621 -12.429853 25.135788 43.656128 37.376438 -56.121925 -5.999117 6.883952 -13.606647 3.107090 -6.704028 -6.474055 11.176172 2.320408 6.118957 -29.874954 -34.951786 -88.821930 -3.784252 -12.581182 1.056406 6.209492 -15.457814 -7.848910 -7.317138 2.453624 16.034470 0.009577 8.430961 -12.564438 0.000003 -0.000005 -0.000288 -0.663353 10.349614 14.584153 7.739978 2.391589 39.217735 -14.637637 -16.608967 25.304924 -0.000002 0.000005 -0.000295
-25.097874 9.288039 12.052849 163.824432 86.266556 154.205811 0.559963 -6.841286 29.760090 -0.000004 0.000006 -12.161663 0.000000 0.000003 -0.005906 0.000002 -0.000002 5.829912 0.000002 -0.000015 12.605155 -5.752172 4.366855 -17.610926 -3.183260 -8.196221 -3.990025 -20.877108 -11.724235 23.442371 43.767914 37.295506 -56.030407 -6.218518 7.226871 -13.655589 2.787313 -7.026473 -6.600222 10.511880 1.383409 6.950541 -29.927086 -34.148472 -87.062256 -3.877117 -12.233805 1.346011 6.212802 -13.496292 -7.065355 -8.848738 3.009288 19.309175 0.360880 5.789469 -10.799151 -0.000005 0.000006 -0.000298 0.180933 11.199908 13.256127 9.886330 2.433657 46.076015 -16.324827 -18.700850 28.741611 -0.000005 0.000007 -0.000292
-24.772088 9.157049 12.121742 166.617325 86.862251 154.970779 1.331934 -5.519234 31.649744 -0.000002 -0.000002 -12.161668 0.000002 -0.000000 -0.005906 0.000002 0.000002 5.829918 0.000001 -0.000004 12.605161 -4.851867 3.669270 -16.936731 -3.499703 -8.487384 -3.487299 -19.362133 -10.323514 20.872854 44.411060 37.220314 -55.482059 -6.986467 7.552942 -13.777399 1.850494 -6.803746 -6.635203 10.284047 0.959119 8.360049 -31.247057 -33.396290 -84.017357 -4.619675 -12.033019 2.116897 6.110822 -12.057933 -5.303112 -7.878361 5.283164 25.470623 -2.648992 2.118082 -13.549481 -0.000001 0.000005 -0.000289 1.485044 12.175177 12.245249 13.170676 2.346412 52.662868 -18.695280 -17.217182 29.883116 -0.000005 0.000003 -0.000295
-24.426501 9.042389 12.136409 -145.237686 86.765953 -158.629990 4.532235 -5.029191 32.873138 -0.000003 0.000004 -12.161667 0.000003 0.000000 -0.005906 0.000000 -0.000002 5.829910 0.000002 -0.000003 12.605161 -4.323740 2.876506 -16.420958 -3.220101 -8.728710 -4.318452 -19.164566 -7.439052 18.742580 45.405464 36.712074 -54.139324 -8.556058 7.690404 -13.753776 0.097600 -6.748884 -5.512701 11.512018 3.148057 9.900597 -33.927086 -34.039429 -79.756920 -4.807478 -12.035330 2.986514 8.942148 -12.127477 -5.483452 -7.452670 7.262345 32.296616 -3.565979 -0.576191 -17.409994 -0.000008 -0.000002 -0.000295 4.080898 12.148996 10.391642 17.060328 2.224561 58.859810 -19.215309 -15.529482 25.821585 0.000003 0.000002 -0.000293
-24.071885 8.977830 12.144274 -125.522568 85.614250 -140.161911 6.596770 -4.824940 34.364193 -0.000002 -0.000001 -12.161663 0.000002 0.000012 -0.005906 0.000000 -0.000003 5.829915 0.000004 -0.000007 12.605162 -3.964062 1.924423 -16.779900 -3.000447 -8.482639 -5.218364 -18.964806 -5.056641 14.826219 45.614998 36.511414 -52.430687 -10.646774 8.236233 -12.741283 -0.407747 -6.578338 -4.716002 12.369337 6.300063 12.063859 -35.612083 -35.477551 -76.836258 -2.503278 -11.971017 2.603043 9.693858 -13.600656 -3.357377 -8.017900 5.026906 35.002724 -4.598574 1.927919 -20.970039 0.000002 0.000001 -0.000284 6.643879 10.923223 7.677817 18.000513 1.798064 64.960678 -16.950588 -14.531626 19.896654 0.000015 -0.000002 -0.000290
-23.721846 8.937836 12.167507 -121.158066 85.921967 -135.510117 6.824147 -3.282115 34.054569 -0.000003 0.000002 -12.161666 0.000000 -0.000003 -0.005904 0.000003 -0.000001 5.829914 -0.000002 -0.000007 12.605157 -3.149268 0.694974 -16.366161 -2.652891 -8.394599 -5.580973 -18.548973 -3.391284 10.438917 44.194653 37.482700 -51.656101 -12.807202 10.873484 -11.362089 0.131922 -6.204765 -4.052129 12.667781 7.656283 15.124017 -36.554733 -35.989586 -76.072807 -0.335513 -11.940413 1.784321 9.267316 -14.883203 -1.029793 -10.018079 2.511606 34.745983 -5.136509 6.168195 -23.160261 0.000000 -0.000000 -0.000290 7.496777 12.139475 3.695569 17.616844 -0.042818 69.483406 -13.123742 -13.850562 14.093832 0.000002 0.000004 -0.000290
-23.374396 8.924616 12.172427 -123.346603 85.606003 -137.125732 7.160275 -2.159096 33.539215 0.000000 0.000003 -12.161670 -0.000003 -0.000000 -0.005906 0.000004 0.000004 5.829916 0.000000 -0.000010 12.605158 -2.054497 -0.723279 -15.436943 -2.395415 -8.052964 -5.999651 -18.057337 -1.875847 7.614165 40.273815 39.594315 -54.499077 -13.943199 14.898417 -10.910379 0.685714 -5.441281 -3.556330 13.198162 7.954282 17.923277 -36.576908 -35.953411 -76.890907 -1.063969 -11.464259 1.506588 8.959611 -16.008154 0.035744 -9.580468 3.480114 35.309952 -4.964437 5.708533 -24.416853 0.000005 0.000007 -0.000288 8.070623 13.932903 -0.317446 16.386721 -2.619617 71.859482 -9.220602 -12.590687 9.414025 0.000007 0.000003 -0.000290
-23.025073 8.943617 12.154053 -125.084114 85.464989 -138.754578 7.637817 -0.646670 33.401451 -0.000004 0.000015 -12.161666 0.000004 -0.000007 -0.005907 0.000001 0.000001 5.829916 0.000003 -0.000001 12.605158 -0.996198 -2.459687 -14.412354 -2.736712 -7.222996 -6.269357 -17.598526 -0.081875 6.461901 34.915726 40.963409 -60.780350 -12.996326 18.467558 -10.520432 0.779203 -4.505122 -3.213034 14.816816 8.347178 20.479467 -36.687523 -36.506603 -77.691132 -2.532466 -11.924331 1.370224 8.396987 -15.146891 1.924938 -8.283173 3.461623 35.362030 -4.862761 4.006083 -24.651472 0.000007 0.000006 -0.000291 8.064204 15.300269 -3.511107 15.108968 -4.083981 72.420067 -6.186774 -11.228320 5.634072 0.000002 0.000001 -0.000298
-22.668732 8.991859 12.132793 -116.588463 85.984772 -130.510254 8.256702 1.857442 33.744858 -0.000001 0.000004 -12.161666 -0.000001 0.000002 -0.005902 0.000002 -0.000005 5.829916 0.000003 -0.000005 12.605161 -0.017332 -4.194877 -13.858616 -3.448999 -6.250704 -6.585330 -17.264017 0.999668 6.009192 32.234913 41.284317 -65.685852 -10.360683 20.013557 -9.436972 0.719554 -3.523123 -3.022159 17.211927 9.199756 22.880346 -36.448166 -37.632103 -78.426468 -3.602176 -12.725660 1.081015 7.825820 -13.180316 5.236240 -8.132267 1.799892 33.758820 -4.346069 4.446710 -23.602673 -0.000002 0.000002 -0.000301 8.060846 16.699209 -5.877293 13.777602 -4.192411 71.550529 -4.173368 -10.276016 2.063632 -0.000001 0.000006 -0.000294
-22.311724 9.066813 12.099387 -116.226051 86.254402 -130.140747 8.453899 3.665860 34.027393 -0.000001 0.000003 -12.161670 -0.000000 -0.000000 -0.005904 0.000003 -0.000001 5.829913 0.000000 0.000003 12.605158 0.910518 -5.692061 -13.994741 -4.102863 -5.265806 -7.050740 -17.128908 0.248862 5.768574 34.080635 42.114529 -66.595642 -8.246657 19.144075 -8.545342 0.671080 -2.571645 -3.046444 19.673885 10.095298 25.122200 -35.859390 -38.658909 -79.164711 -4.029203 -13.442168 0.778969 7.049854 -12.256851 8.237909 -8.063200 0.658211 31.676899 -3.550288 5.113216 -21.085413 -0.000001 0.000001 -0.000289 7.586068 16.544819 -8.224372 12.523973 -2.904988 69.343185 -2.892053 -9.866313 -1.128925 0.000000 0.000005 -0.000295
-21.960791 9.157817 12.059954 -124.347870 86.179764 -137.379852 8.437955 5.010624 33.384365 -0.000005 0.000006 -12.161670 0.000005 -0.000003 -0.005904 -0.000001 0.000002 5.829916 -0.000000 -0.000009 12.605160 1.672303 -7.117051 -14.327127 -4.603657 -4.577072 -7.415608 -17.246620 -1.285880 5.719081 39.227242 43.120373 -64.494583 -7.542327 17.277411 -8.569736 0.676815 -2.002815 -3.081797 21.418478 10.432730 27.096844 -34.995430 -38.940434 -79.962982 -3.496658 -13.917921 0.419294 6.289669 -12.050074 10.293429 -7.556784 0.397883 29.442976 -2.861959 4.868196 -17.285355 -0.000005 -0.000001 -0.000296 6.661010 14.934626 -11.203160 11.503497 -0.415346 65.768005 -2.704296 -9.695294 -2.986980 0.000001 0.000003 -0.000287
-21.612868 9.255554 12.015409 -134.311050 85.835518 -145.992432 8.416542 6.354041 32.086296 0.000001 -0.000008 -12.161669 -0.000000 -0.000000 -0.005901 0.000002 0.000001 5.829911 0.000003 -0.000009 12.605162 2.231937 -8.620211 -14.546017 -4.981220 -4.390686 -7.460155 -17.425179 -2.177019 5.908876 44.539768 43.458645 -62.280132 -6.756969 14.978638 -8.738952 0.767118 -2.058073 -2.942784 22.065084 10.296365 28.561537 -33.625496 -38.338364 -80.869682 -2.599072 -13.864935 0.038301 5.612195 -12.015735 12.004036 -7.190383 -0.119440 26.915474 -2.418491 4.732521 -12.446807 -0.000000 0.000008 -0.000286 5.645200 12.790001 -14.081900 10.824078 2.658358 60.635750 -3.398496 -9.709289 -3.647053 0.000001 0.000009 -0.000296
-21.260071 9.361374 11.963683 -144.046158 85.406029 -154.637833 8.262365 7.546364 30.884449 -0.000001 -0.000004 -12.161666 0.000001 -0.000005 -0.005904 -0.000001 -0.000000 5.829916 0.000001 -0.000001 12.605157 2.533568 -9.976420 -14.637033 -5.260464 -4.457461 -7.349524 -17.464371 -2.129928 6.290746 48.157242 43.248455 -61.432404 -5.136804 12.741821 -8.553835 0.910850 -2.364697 -2.662257 21.873127 10.134764 29.488914 -32.393288 -37.368847 -81.243088 -1.845528 -13.593558 -0.155434 5.024515 -11.850934 13.941344 -7.125070 -0.925521 24.247753 -2.136501 4.685471 -6.724005 0.000001 -0.000000 -0.000288 4.386131 11.405769 -15.754405 10.124676 5.354090 53.478874 -3.738349 -9.875182 -3.540692 -0.000002 0.000005 -0.000289
-20.898394 9.457262 11.901985 -154.109344 84.667923 -163.579529 7.800747 8.219332 29.396975 0.000001 -0.000002 -12.161665 0.000001 -0.000007 -0.005905 0.000000 0.000003 5.829916 -0.000000 -0.000003 12.605157 2.634384 -11.001001 -14.554667 -5.418674 -4.508874 -7.039629 -17.390131 -2.018240 6.646404 50.338963 43.134693 -61.319874 -3.302985 11.362107 -8.155308 1.084835 -2.744610 -2.118284 21.285759 10.271475 29.942060 -31.507095 -36.509426 -81.094978 -1.341160 -13.310973 0.061216 4.622505 -11.725354 15.563816 -7.190600 -1.807318 21.818634 -2.031872 4.548042 -0.525755 0.000001 0.000001 -0.000299 2.614879 10.968342 -16.352991 8.024379 5.669115 44.492153 -3.640022 -8.938807 -3.510012 0.000003 0.000009 -0.000299
-20.529524 9.535933 11.835100 -161.652985 83.700516 -169.860275 7.229993 8.498027 27.930319 -0.000004 0.000010 -12.161668 0.000001 0.000002 -0.005905 0.000001 -0.000005 5.829913 -0.000001 -0.000000 12.605159 2.693770 -11.734061 -14.785192 -5.498767 -4.553876 -6.794172 -17.398975 -2.515322 6.865771 51.622417 43.665554 -61.407341 -2.039859 11.012732 -7.665444 1.108937 -3.104698 -1.729837 20.578444 10.481067 30.076912 -30.569437 -35.876114 -81.049904 -1.078265 -13.131776 0.417344 4.494258 -11.401158 16.666744 -7.351123 -3.152596 19.985973 -2.058773 4.486498 5.626887 -0.000000 0.000004 -0.000294 0.330444 12.096753 -15.979260 5.531466 2.925425 34.339214 -3.974419 -8.189858 -4.308198 0.000009 -0.000002 -0.000294
-20.156989 9.586548 11.770042 -164.526199 82.988739 -171.365875 6.824308 8.699753 26.419748 -0.000002 -0.000000 -12.161667 0.000001 0.000002 -0.005903 0.000001 -0.000003 5.829914 0.000002 -0.000010 12.605157 2.750583 -12.071517 -15.190739 -5.561030 -4.407753 -6.559506 -17.524960 -3.434200 7.132955 52.250717 44.751968 -61.737164 -1.578816 11.383895 -7.232200 1.026176 -3.215132 -1.418718 19.660055 10.439508 29.976912 -29.559536 -35.342697 -81.326523 -1.061143 -13.275533 0.470494 4.608634 -10.842892 17.236126 -7.582622 -4.621296 19.198860 -2.057789 4.825438 11.059248 0.000000 0.000004 -0.000296 -1.190411 13.400169 -15.022047 3.901862 0.524311 24.601023 -5.327599 -9.795033 -5.901570 -0.000006 0.000012 -0.000297
-19.784216 9.600136 11.706498 -162.971680 82.652573 -168.995987 6.832896 8.799811 25.424757 0.000001 -0.000002 -12.161667 -0.000001 -0.000000 -0.005904 0.000002 -0.000003 5.829913 0.000002 0.000002 12.605156 2.780521 -11.971615 -15.522202 -5.579798 -4.004883 -6.381098 -17.732489 -4.123754 7.604004 52.453270 45.786964 -62.415928 -1.529826 11.907543 -7.022521 0.924767 -3.102040 -0.863637 18.431000 10.260316 29.403978 -28.680206 -34.856663 -81.786568 -1.406613 -13.499136 0.343511 4.672160 -10.387925 17.381657 -7.935114 -5.190093 20.510263 -1.552726 5.344975 14.890607 0.000003 -0.000001 -0.000296 -0.171424 12.368807 -14.032608 2.088402 0.573341 17.821054 -7.404611 -11.623588 -8.187014 -0.000006 0.000006 -0.000299
-19.408492 9.574583 11.635299 -158.463913 82.453865 -165.153641 7.325058 8.538700 25.902344 -0.000003 0.000002 -12.161668 0.000004 -0.000000 -0.005903 0.000002 -0.000002 5.829914 -0.000001 -0.000000 12.605159 2.784356 -11.518497 -15.794446 -5.454405 -3.547387 -6.323996 -18.050608 -4.383955 8.132424 52.984707 46.324291 -62.720337 -1.485513 12.160276 -7.058822 0.810883 -2.805092 -0.305288 17.155272 9.893049 28.395002 -28.381536 -34.465580 -81.975655 -2.113372 -13.535161 0.410314 4.718521 -10.214680 17.660679 -8.627566 -5.076298 24.349600 -0.756311 6.129362 17.601217 0.000001 0.000001 -0.000290 1.262915 10.650638 -12.340995 0.955994 0.687115 14.217410 -8.014740 -11.898309 -10.094419 0.000002 0.000012 -0.000295
-19.033974 9.501644 11.555685 -153.640060 82.624107 -161.751297 7.733119 8.228682 27.158178 -0.000001 -0.000007 -12.161667 0.000004 0.000009 -0.005905 0.000000 -0.000000 5.829913 0.000001 -0.000010 12.605162 2.803521 -10.806876 -16.072853 -5.130492 -3.100256 -6.223112 -18.423624 -4.572921 8.531434 54.440018 46.297836 -61.812565 -1.322336 11.995106 -7.285414 0.778426 -2.398499 0.043015 16.126558 9.625231 27.108429 -28.708576 -34.450138 -81.632233 -3.130725 -13.469625 0.697217 4.718077 -9.712089 17.586256 -9.994876 -5.546161 30.207235 -0.241456 8.077392 19.893023 0.000003 0.000000 -0.000290 0.409008 9.931586 -10.428286 2.229406 -0.366119 13.775720 -5.532679 -10.472449 -9.032215 -0.000002 -0.000000 -0.000293
-18.667994 9.374866 11.476817 -150.407654 82.895576 -159.879257 7.859383 7.781592 28.289932 -0.000002 -0.000000 -12.161670 0.000002 -0.000005 -0.005905 0.000001 0.000003 5.829919 -0.000000 -0.000005 12.605154 2.670894 -10.083220 -16.254288 -4.761074 -2.928372 -6.123286 -18.610525 -4.615671 9.011010 56.033535 45.690548 -60.088734 -0.925829 11.379615 -7.638650 0.903186 -1.978263 0.135243 15.132436 9.310599 25.684700 -29.679483 -34.654652 -80.727661 -4.390056 -13.432493 1.147056 4.501486 -9.078091 16.721874 -12.552616 -6.809866 37.370972 1.446202 11.026162 21.942574 0.000004 -0.000000 -0.000290 0.566663 12.574276 -10.642809 1.380729 -4.727568 19.546913 -3.014317 -7.215697 -7.963024 -0.000002 0.000012 -0.000302
-18.311802 9.209398 11.396003 -151.322693 82.604134 -162.947189 7.776674 6.407725 30.149382 -0.000004 0.000007 -12.161668 0.000002 -0.000005 -0.005905 0.000002 0.000003 5.829914 0.000002 -0.000009 12.605162 2.378845 -9.420077 -16.110493 -4.555470 -3.235812 -6.253909 -18.251541 -4.379191 9.812441 56.389473 44.631985 -58.495094 -0.297421 10.392521 -8.092455 1.024016 -1.947797 0.039522 14.073435 9.044875 24.121805 -31.111204 -34.761421 -79.442558 -5.338059 -13.233011 1.417515 3.762635 -9.489441 16.298435 -16.194641 -7.921782 44.911301 4.763372 13.194742 23.636812 0.000000 0.000003 -0.000295 2.600597 13.355481 -10.255718 -1.593651 -7.785133 26.224915 -0.873328 -4.559553 -7.900279 0.000010 0.000001 -0.000302
-17.976595 9.050862 11.323600 -158.817764 82.569267 -172.184235 6.577622 5.434589 31.476322 -0.000003 0.000008 -12.161670 0.000000 -0.000004 -0.005904 0.000000 -0.000001 5.829914 0.000000 0.000005 12.605158 2.498424 -8.940993 -15.891467 -3.944300 -4.263640 -6.382269 -17.801891 -4.435116 11.117412 55.761902 43.296387 -56.470215 0.325062 9.742913 -8.655430 1.305514 -2.316509 -0.357123 13.234634 8.358133 22.568644 -32.729050 -34.810116 -77.852821 -4.949689 -13.250440 1.202030 2.867848 -10.301889 15.315427 -20.961708 -7.786526 51.724937 7.559922 12.901099 22.682035 0.000009 -0.000000 -0.000293 1.528931 12.214032 -9.838125 -1.126907 -7.010399 33.068882 1.374938 -4.266615 -10.180137 -0.000001 0.000008 -0.000292
-17.622845 8.928847 11.269720 179.328644 83.451263 164.826309 3.268013 5.035991 32.940289 -0.000004 0.000012 -12.161670 0.000000 -0.000008 -0.005903 0.000001 -0.000004 5.829916 0.000001 -0.000005 12.605158 2.501570 -7.730618 -16.388235 -3.169010 -4.077521 -6.374842 -17.723558 -6.031531 12.476151 55.226490 42.047043 -53.616947 -0.706951 9.346139 -8.971360 1.454869 -2.179261 -0.757968 12.778881 7.683832 19.967836 -33.541859 -34.699825 -76.586548 -3.865877 -12.939747 1.019981 0.087468 -10.064755 13.262015 -23.994425 -5.758220 58.227554 7.417913 12.050103 18.154722 0.000001 -0.000002 -0.000292 -1.893813 16.695955 -9.389904 0.047201 -9.314532 38.832417 2.850797 -5.627414 -14.266891 0.000004 0.000004 -0.000289
-17.270875 8.855566 11.210452 176.826797 83.420486 161.683289 2.304237 3.636481 33.719074 -0.000003 -0.000001 -12.161666 0.000004 0.000006 -0.005907 -0.000002 -0.000013 5.829916 0.000003 0.000003 12.605160 2.097389 -6.773075 -16.702545 -3.005131 -3.872576 -6.179164 -17.398632 -7.033954 13.897199 54.661499 40.330151 -51.266064 -3.837495 8.614131 -9.672725 1.306568 -2.382586 -1.463298 12.632123 6.951459 17.388323 -33.467991 -34.434322 -76.168526 -3.234805 -13.062601 1.299800 -0.471790 -10.514088 10.386310 -25.748510 -3.668846 63.812069 5.840091 11.350124 13.455344 -0.000003 0.000004 -0.000296 -2.022931 18.091530 -7.889284 0.631994 -10.396497 41.726246 3.220884 -5.921518 -17.384663 -0.000002 0.000001 -0.000288
-16.931216 8.805736 11.138896 -179.951141 83.247124 165.488388 2.032624 1.563097 33.269196 -0.000001 0.000006 -12.161669 0.000001 -0.000006 -0.005905 -0.000001 -0.000003 5.829917 -0.000001 0.000004 12.605159 1.336391 -5.680215 -16.702112 -3.093165 -4.014491 -6.019278 -17.251572 -6.917988 15.035419 54.180141 38.332390 -49.615013 -6.576588 7.591002 -10.909643 0.967769 -2.747609 -2.323130 12.425816 6.051238 15.144195 -32.881287 -33.792789 -76.879684 -3.541888 -13.844644 1.644258 -0.220968 -12.283746 6.075574 -26.882475 -0.880619 67.660431 4.184849 10.742110 9.501273 -0.000007 0.000006 -0.000292 -2.006510 18.314672 -6.792484 1.404105 -10.527769 42.890572 3.957724 -6.046326 -19.866785 0.000001 0.000005 -0.000290
-16.592469 8.790652 11.080435 178.822723 83.538895 164.347626 1.515179 -0.070967 33.228973 -0.000002 -0.000001 -12.161670 0.000003 -0.000005 -0.005904 -0.000002 0.000006 5.829916 0.000002 -0.000003 12.605160 0.512127 -4.639301 -16.404367 -2.969406 -4.593092 -5.717284 -17.680822 -6.404890 16.140549 53.655006 36.995892 -49.107262 -6.954458 7.110729 -11.911203 1.009752 -3.052554 -2.947148 11.923486 4.805584 13.097186 -31.752361 -33.030964 -78.813484 -3.931793 -14.084236 1.799883 -0.085166 -13.286691 2.485837 -27.501152 1.160212 69.936111 2.587795 10.094070 5.821333 0.000003 -0.000000 -0.000290 -1.797897 17.049791 -5.350876 0.966696 -9.821876 44.137470 4.113366 -4.684862 -21.817207 -0.000004 0.000004 -0.000297
-16.247508 8.808986 11.031595 178.261215 83.441994 163.313782 1.108361 -1.794434 33.681862 -0.000003 0.000003 -12.161666 0.000004 -0.000002 -0.005902 -0.000000 0.000002 5.829913 0.000001 -0.000004 12.605159 -0.271212 -4.056053 -16.253719 -2.743993 -5.687346 -5.512064 -18.998898 -6.539964 17.583069 53.528416 37.281864 -49.091919 -5.959342 7.520274 -12.456504 1.437231 -3.722419 -3.578853 11.498479 4.230494 11.240451 -31.110153 -32.787796 -80.650078 -4.003876 -13.946626 1.520677 0.066388 -13.559510 -0.397749 -27.608974 1.690826 71.179085 1.236332 9.512693 2.127721 -0.000004 0.000009 -0.000292 -1.264866 15.102484 -2.498060 0.796442 -8.336679 43.794846 4.164053 -4.015089 -22.961781 0.000010 0.000001 -0.000294
-15.898160 8.859174 10.978148 179.305862 82.820999 163.733490 0.712432 -4.295907 34.381401 -0.000003 0.000003 -12.161666 0.000001 -0.000007 -0.005904 -0.000000 -0.000004 5.829913 0.000002 -0.000000 12.605161 -1.183032 -3.320876 -16.408167 -2.698928 -6.533599 -5.487813 -20.925953 -7.616849 19.071947 53.510311 38.892548 -49.057098 -4.836135 8.323427 -12.831389 1.849570 -4.247033 -4.287880 11.299958 4.749807 9.671207 -31.282864 -33.258728 -81.872169 -4.123181 -13.835732 1.126223 0.292369 -13.968074 -2.974056 -26.778629 1.509848 71.327477 0.178989 8.479026 -1.408892 -0.000004 0.000003 -0.000297 -0.995973 13.297008 0.795203 1.289265 -7.204807 42.695385 3.887030 -4.154487 -23.428831 -0.000010 0.000003 -0.000309
-15.553542 8.925535 10.940480 -176.985214 83.282478 168.172318 1.034073 -5.692060 33.807476 -0.000001 0.000009 -12.161665 0.000000 -0.000000 -0.005905 0.000002 0.000003 5.829913 0.000003 -0.000011 12.605159 -1.921434 -2.684137 -16.670698 -2.712691 -7.373914 -5.501005 -22.690866 -8.615224 20.419140 53.103027 40.490665 -49.498272 -3.756408 9.098529 -12.940598 2.310275 -4.794717 -4.893482 11.206305 5.574975 8.484084 -31.437551 -33.918526 -83.313812 -4.417766 -13.605453 0.772586 1.572504 -12.997104 -6.642982 -25.361845 0.585290 70.259483 -0.376861 7.147585 -4.206750 -0.000001 0.000012 -0.000284 -0.502899 13.307811 2.737941 1.797478 -7.027349 41.152355 3.088188 -4.527680 -22.565962 -0.000003 0.000004 -0.000302
-15.215403 9.013987 10.909541 -172.784790 84.087654 173.749329 1.460785 -6.426774 32.656906 0.000000 -0.000007 -12.161667 0.000000 0.000001 -0.005904 0.000002 -0.000003 5.829917 0.000000 0.000001 12.605158 -2.316991 -2.238465 -16.945341 -2.629456 -8.246738 -5.566836 -23.941330 -8.906650 21.704073 52.333759 41.280460 -50.545933 -3.018714 9.527975 -13.006866 2.820431 -5.393510 -5.438597 11.164511 6.024458 7.694479 -31.275911 -34.344238 -85.164688 -4.582770 -13.411324 0.232795 2.921843 -11.192525 -10.354594 -24.076136 -1.353335 67.737640 -0.403456 6.266129 -6.035489 0.000001 0.000003 -0.000290 0.058264 13.842409 4.054114 2.117779 -6.869614 39.463100 2.023970 -5.075917 -20.330114 -0.000002 0.000001 -0.000296
-14.871701 9.126656 10.874885 -170.653305 84.487076 176.838654 1.575630 -7.281707 31.779949 -0.000003 0.000005 -12.161670 0.000001 -0.000004 -0.005902 0.000003 -0.000001 5.829914 0.000003 -0.000007 12.605164 -2.491119 -1.984767 -17.046200 -2.511334 -8.997173 -5.496154 -24.815006 -8.917824 23.067392 51.453690 41.494884 -51.788528 -2.811115 9.394161 -13.188837 3.249019 -5.924611 -5.742605 11.138812 6.085430 7.103952 -30.902317 -34.568192 -87.011436 -4.725875 -13.263863 -0.355629 3.704232 -10.033927 -12.818746 -22.918943 -3.785047 63.422699 -0.096971 5.824985 -7.340926 -0.000006 0.000003 -0.000299 0.621251 13.583672 5.920345 2.412509 -5.838791 37.611095 0.732284 -6.125260 -16.936525 0.000000 0.000003 -0.000300
-14.516195 9.251430 10.841104 -169.548645 84.953018 178.484909 1.588280 -7.911023 31.112932 0.000000 0.000001 -12.161666 -0.000002 0.000001 -0.005906 0.000004 0.000003 5.829916 -0.000002 0.000004 12.605162 -2.579037 -1.838876 -16.933975 -2.472146 -9.505649 -5.256582 -25.477755 -9.202254 24.518831 50.754944 41.515079 -52.739975 -2.963686 8.987762 -13.357066 3.526406 -6.316725 -5.776719 11.119469 6.043039 6.619181 -30.419867 -34.760986 -88.530121 -5.042362 -13.195258 -0.714300 4.353561 -9.614240 -13.841605 -21.307518 -6.141680 57.134251 0.072559 5.449716 -8.420116 0.000001 0.000005 -0.000292 1.183095 13.435988 8.260383 2.765976 -4.649781 35.608578 -0.852430 -7.449255 -12.476764 0.000001 0.000005 -0.000295
-14.151860 9.371673 10.809340 -167.307434 85.622078 -178.553955 1.747051 -8.193957 30.105026 -0.000004 0.000011 -12.161672 -0.000001 -0.000007 -0.005906 0.000003 -0.000019 5.829917 0.000003 -0.000006 12.605157 -2.644610 -1.733603 -16.629297 -2.531740 -9.841313 -4.888560 -26.034239 -9.856750 25.885838 50.435425 41.539776 -53.189438 -3.288527 8.637218 -13.331620 3.678532 -6.591370 -5.648817 11.061054 6.029187 6.350138 -29.883434 -35.011032 -89.657234 -5.537911 -13.322078 -0.757592 5.197571 -9.664959 -13.920288 -18.594151 -7.860913 48.843697 0.133190 4.985853 -9.526535 -0.000008 0.000002 -0.000296 1.649466 13.643060 10.200179 3.250375 -3.726470 33.731205 -2.749028 -8.730554 -6.937646 0.000005 -0.000001 -0.000300
-13.781710 9.476845 10.779435 -164.958298 86.363525 -174.975952 1.968264 -8.195123 28.517359 -0.000006 0.000012 -12.161665 0.000002 -0.000015 -0.005904 0.000003 -0.000005 5.829913 -0.000003 -0.000002 12.605162 -2.715971 -1.687340 -16.219221 -2.592918 -10.105266 -4.470054 -26.486572 -10.652500 27.099699 50.262566 41.590626 -53.429470 -3.444582 8.339962 -13.258113 3.779109 -6.805309 -5.399030 10.955315 5.943341 6.275442 -29.207401 -35.214863 -90.560631 -6.083812 -13.556229 -0.647827 6.457647 -11.001827 -13.387789 -14.977817 -7.302222 38.646652 0.466121 5.119649 -11.453377 0.000006 0.000004 -0.000293 1.635697 13.581331 11.107284 3.918030 -2.715060 32.318768 -4.945419 -9.679614 -0.403489 0.000004 -0.000002 -0.000294
-13.408751 9.561322 10.747422 -168.255020 86.868935 -176.874664 1.953499 -8.137444 26.840153 -0.000003 -0.000000 -12.161670 0.000000 -0.000007 -0.005904 0.000003 -0.000003 5.829916 0.000001 0.000002 12.605156 -2.768682 -1.828247 -15.978602 -2.600516 -10.391319 -4.175829 -26.707615 -11.331751 28.180975 49.941555 41.560738 -53.783752 -3.266471 8.093344 -13.461010 3.863346 -7.095093 -5.162986 10.825500 5.669731 6.325702 -28.576746 -35.267185 -91.090370 -6.477728 -13.793038 -0.725436 6.975557 -12.931946 -12.286829 -11.137264 -5.090461 28.045782 1.701097 6.711033 -13.510674 -0.000005 0.000004 -0.000295 0.998399 12.768359 11.219843 4.622413 -1.326356 31.654737 -7.171953 -10.291201 6.592990 -0.000003 0.000006 -0.000294
-13.036532 9.616444 10.712679 177.989716 87.040848 170.363602 1.445057 -8.107065 25.745386 -0.000003 0.000003 -12.161667 0.000002 0.000001 -0.005903 0.000001 0.000002 5.829914 -0.000002 0.000000 12.605161 -2.719952 -2.076046 -16.065369 -2.543447 -10.558187 -4.041883 -26.642611 -11.867471 29.038307 49.417137 41.416752 -54.335960 -2.874462 7.862327 -13.855663 3.927907 -7.430413 -4.995940 10.651811 5.203996 6.395915 -28.378784 -35.185631 -90.889252 -6.649016 -13.879097 -0.878019 5.776210 -13.525407 -10.966091 -7.797947 -3.319592 19.181494 4.389031 9.360773 -14.594777 0.000005 0.000001 -0.000293 0.034458 11.716537 11.216169 5.410589 0.124835 31.941936 -9.542917 -10.959565 13.373630 -0.000003 0.000007 -0.000294
-12.662654 9.631798 10.681882 158.955917 86.833374 151.344833 0.501392 -7.989576 25.655201 -0.000006 0.000005 -12.161670 0.000006 -0.000006 -0.005903 0.000000 0.000009 5.829912 0.000001 0.000001 12.605159 -2.561288 -2.326452 -16.245056 -2.511764 -10.555745 -3.820162 -26.310217 -12.283139 29.485540 48.873947 41.272415 -54.938824 -2.684229 7.676675 -14.337242 3.893889 -7.696724 -4.746033 10.491065 4.503961 6.444303 -28.645763 -34.940720 -89.959320 -6.648980 -13.625696 -0.969389 3.979135 -13.261143 -9.382445 -5.448104 -1.998401 13.452333 5.970042 11.187730 -15.560711 0.000003 0.000002 -0.000291 -0.509565 11.274734 11.546427 6.070210 0.941515 33.757404 -12.214389 -11.820396 19.573576 0.000009 -0.000004 -0.000294
-12.282565 9.604072 10.658411 147.552231 86.244118 138.774307 -0.336370 -7.776887 26.817677 -0.000001 0.000003 -12.161670 0.000002 -0.000008 -0.005902 -0.000001 -0.000004 5.829916 0.000001 0.000008 12.605153 -2.395058 -2.748431 -16.454210 -2.607288 -10.581146 -3.607662 -25.672016 -12.570465 29.353548 48.387371 41.106045 -55.449749 -2.916015 7.659061 -14.840082 3.639621 -8.027997 -4.610828 10.334904 3.674448 6.575368 -29.208881 -34.547745 -88.381683 -6.560953 -13.355340 -1.087122 3.093819 -13.192435 -7.232643 -4.418186 -0.318480 11.508211 6.970311 10.683957 -17.160936 -0.000001 0.000006 -0.000290 -0.381067 11.110206 12.345147 6.917946 1.426269 37.287724 -14.617687 -13.234523 25.010818 -0.000009 0.000007 -0.000295
-11.905903 9.523723 10.646643 145.071640 85.825050 134.702408 -0.633397 -7.636430 28.308350 -0.000002 0.000008 -12.161670 0.000002 -0.000003 -0.005904 0.000000 -0.000003 5.829915 0.000000 -0.000003 12.605156 -2.349745 -3.038328 -16.478008 -2.785891 -10.430697 -3.585897 -24.947866 -12.628714 28.780586 48.044819 40.890251 -55.679947 -3.316010 7.813780 -15.059179 3.235437 -8.066591 -4.542005 9.883071 2.667495 6.950451 -29.502163 -33.906799 -86.537666 -6.412920 -13.230796 -1.189364 3.628441 -13.480646 -5.659110 -5.239432 0.609544 12.639375 7.187406 11.208084 -17.086945 0.000005 -0.000000 -0.000292 0.561034 11.367338 12.784352 7.863815 1.142242 41.850849 -16.666298 -14.552835 29.708483 -0.000007 0.000005 -0.000296
-11.539764 9.396025 10.642645 148.098831 85.540688 136.514999 -0.412071 -7.307020 29.462933 -0.000003 0.000002 -12.161669 0.000002 0.000001 -0.005904 0.000002 -0.000003 5.829912 0.000000 -0.000000 12.605163 -2.129471 -3.483607 -16.394173 -2.812819 -10.545815 -3.913602 -24.337511 -12.390687 27.877779 48.210690 40.602955 -55.385643 -3.277493 7.853879 -15.111162 2.995426 -8.207650 -4.859539 9.186059 1.591434 7.754104 -29.264059 -32.992397 -84.820076 -6.218894 -13.058669 -1.190552 4.723031 -13.964619 -5.235449 -6.577950 0.863421 17.190088 2.548572 11.045761 -17.324366 0.000002 0.000007 -0.000294 1.729313 11.559460 12.039651 9.298720 0.360107 47.432404 -18.857134 -15.321320 33.563709 -0.000003 0.000002 -0.000291
-11.189719 9.242407 10.652643 152.815201 85.834213 140.102982 0.462360 -6.069685 30.669350 -0.000002 0.000003 -12.161667 0.000003 0.000005 -0.005907 0.000000 -0.000004 5.829917 0.000000 0.000005 12.605154 -1.613691 -4.261432 -16.150251 -2.616987 -11.022065 -4.468124 -24.028578 -12.156829 26.695299 49.473839 40.187855 -54.148945 -2.980040 7.953683 -15.067788 2.967362 -8.663193 -5.365003 8.440394 0.969770 8.735063 -29.129084 -32.252575 -82.847679 -5.990776 -12.935491 -0.963511 5.451202 -12.557968 -4.651929 -7.175416 2.884247 20.729113 1.685632 7.306316 -14.352523 -0.000003 0.000005 -0.000295 3.052645 11.895944 10.585851 11.394302 -0.360602 53.204704 -21.135090 -13.189865 35.192219 -0.000007 0.000005 -0.000296
-10.868272 9.088199 10.708534 166.426849 86.157944 152.148987 1.810971 -5.307383 31.939341 -0.000001 -0.000002 -12.161665 0.000001 -0.000004 -0.005905 0.000001 0.000000 5.829914 -0.000000 -0.000003 12.605160 -1.317678 -4.517061 -15.675563 -2.355118 -11.051105 -4.324739 -23.832581 -12.203846 24.912922 51.496357 39.548866 -51.931667 -2.351517 7.984758 -14.684875 2.389611 -8.722220 -5.488997 8.101613 1.168069 10.086625 -29.478796 -31.815090 -80.232185 -5.975160 -13.260301 -0.366208 7.218843 -12.666768 -3.421095 -6.926133 6.664099 26.471388 -1.456305 2.461883 -15.986679 -0.000002 0.000003 -0.000295 4.331872 11.508735 9.103910 14.733330 -0.371733 58.884071 -21.569109 -12.849394 32.541256 -0.000007 0.000009 -0.000295
-10.534192 8.953505 10.716081 -155.385605 85.758224 -170.844009 4.735870 -5.638802 33.355946 -0.000000 0.000003 -12.161664 0.000000 -0.000006 -0.005905 0.000001 -0.000001 5.829916 -0.000001 0.000003 12.605163 -1.354799 -4.285664 -16.259340 -1.733355 -10.617462 -5.164305 -23.801825 -11.718336 22.645277 53.377766 38.344795 -49.378906 -1.900863 7.860025 -13.627267 1.421987 -8.185783 -5.182356 8.470335 3.076486 11.133683 -30.053759 -32.161907 -77.321007 -5.939195 -13.906219 0.692483 10.353670 -13.416419 -4.788996 -6.702525 8.050935 34.288242 -3.756271 0.257537 -18.753897 0.000003 0.000003 -0.000290 6.361460 10.542373 6.758533 17.531403 -1.266793 63.961472 -19.766148 -14.683682 28.538780 -0.000003 0.000007 -0.000293
-10.197153 8.878413 10.710861 -150.657562 85.507347 -167.193497 5.714665 -4.777175 34.657112 -0.000002 -0.000006 -12.161666 0.000005 -0.000002 -0.005903 -0.000001 0.000003 5.829916 0.000001 -0.000004 12.605162 -1.003916 -4.725044 -16.715044 -1.994831 -10.436912 -5.202588 -22.390669 -10.994582 19.362942 53.910198 37.280872 -48.205837 -2.669353 8.036281 -13.244317 1.293347 -7.928687 -4.775330 8.148510 5.004036 12.843686 -29.507254 -32.766048 -76.105789 -5.073667 -14.695481 1.545038 10.674508 -12.947734 -3.619325 -8.721746 4.788093 38.138878 -4.498834 2.878545 -22.048733 -0.000002 0.000004 -0.000295 7.344333 9.420685 4.203209 17.623358 -1.791690 68.696121 -16.345753 -16.969051 24.112558 0.000000 0.000007 -0.000295
-9.847644 8.833772 10.711196 -154.348557 86.606392 -170.651260 5.605784 -2.651541 34.771652 -0.000003 0.000002 -12.161666 0.000002 0.000003 -0.005900 -0.000000 -0.000004 5.829915 0.000003 0.000008 12.605159 -0.503692 -4.862822 -16.867874 -1.989108 -9.899782 -5.477949 -20.701601 -8.974392 16.506218 53.027199 36.665752 -49.635792 -3.514385 8.926634 -13.506300 1.430642 -7.182496 -4.401618 7.912496 5.914313 14.712818 -28.806839 -32.778542 -76.473000 -4.503594 -15.478784 1.856772 10.048360 -13.110517 -1.866940 -10.849881 3.139369 39.023014 -4.989134 5.718101 -24.550838 -0.000005 0.000004 -0.000284 7.130097 11.070305 0.765730 17.527615 -3.286380 71.808800 -13.445836 -18.548321 19.802441 -0.000003 0.000005 -0.000293
-9.506238 8.828566 10.698242 -159.417435 86.871750 -175.818268 5.658349 -1.126409 35.004486 -0.000001 0.000008 -12.161666 0.000003 -0.000009 -0.005904 0.000000 -0.000001 5.829916 0.000002 -0.000006 12.605156 -0.095724 -5.138008 -16.473175 -2.009576 -9.066031 -5.990982 -19.409945 -6.814210 14.723612 51.531120 36.605648 -53.024780 -1.983137 9.763390 -12.773355 1.329361 -6.178197 -3.959647 8.378913 6.237023 16.472189 -28.468384 -32.748981 -77.640068 -5.561120 -15.432830 2.091216 9.306122 -13.967222 -0.028726 -10.597003 4.340897 39.950428 -5.029464 5.066724 -26.543146 -0.000001 0.000001 -0.000293 6.726515 12.822115 -2.097706 17.704752 -4.934770 72.914871 -11.568945 -18.990702 16.034222 -0.000003 0.000002 -0.000293
-9.161627 8.857522 10.670765 -166.166183 87.204811 177.220734 5.912853 0.497567 35.285583 -0.000001 0.000007 -12.161670 0.000001 -0.000002 -0.005904 0.000002 0.000003 5.829916 0.000001 -0.000006 12.605159 0.057761 -5.534136 -15.894801 -2.405314 -7.963018 -6.724822 -18.841002 -5.993881 13.568274 51.074059 37.294285 -55.744614 0.536820 10.721491 -11.451591 1.007667 -5.134269 -3.740165 9.785797 7.212767 18.418627 -29.352840 -33.578209 -78.148277 -7.375387 -15.355886 2.320946 8.117602 -13.422925 2.634954 -9.380203 4.590899 39.653267 -5.042665 3.810454 -27.430647 0.000005 0.000003 -0.000295 6.035564 13.780602 -4.652557 17.707537 -5.190230 72.953560 -10.091733 -18.385662 12.235655 -0.000002 0.000004 -0.000296
-8.816393 8.918610 10.643449 -171.747498 87.928307 171.601822 6.493134 2.823445 35.438473 -0.000001 -0.000003 -12.161671 0.000001 -0.000001 -0.005901 0.000001 0.000002 5.829912 0.000003 -0.000006 12.605165 0.304558 -6.223459 -15.350681 -2.909563 -7.315612 -7.249976 -18.714224 -6.713544 12.358963 51.824131 39.022747 -56.908558 2.105933 11.541728 -10.250029 0.840521 -4.433003 -3.583244 11.608752 8.714963 20.217270 -30.565125 -34.878319 -77.944626 -8.598213 -15.323866 2.595490 7.029607 -12.244718 5.916465 -8.836586 3.485616 37.940098 -4.930530 4.107793 -27.268194 -0.000003 0.000004 -0.000292 5.553536 14.107184 -7.175475 16.517262 -4.149557 72.191177 -8.152603 -16.549139 8.373430 -0.000003 0.000003 -0.000292
-8.475500 9.001600 10.605105 -178.393326 87.589294 165.883942 6.741200 4.087992 34.601109 0.000001 -0.000009 -12.161670 0.000002 0.000003 -0.005903 0.000002 0.000008 5.829913 0.000002 -0.000013 12.605162 0.531575 -6.794672 -14.943563 -3.403430 -6.625731 -7.707141 -18.633076 -7.657720 11.365746 52.567799 40.969208 -58.087257 2.991107 12.128836 -9.345432 0.752137 -3.766844 -3.570463 13.398683 10.003382 21.865946 -31.111298 -35.903488 -77.912743 -8.670279 -15.294643 2.697816 5.922720 -12.129045 8.202469 -8.503042 2.302720 35.591656 -4.340747 5.204312 -25.534033 -0.000000 0.000003 -0.000292 4.754260 12.891338 -10.481771 14.704277 -2.320395 70.631004 -5.907692 -14.273326 4.704165 0.000002 0.000007 -0.000292
-8.138914 9.104682 10.570430 -177.632935 87.130646 168.176071 7.107523 5.162336 33.118145 -0.000004 0.000003 -12.161666 0.000005 -0.000002 -0.005903 -0.000001 -0.000013 5.829914 0.000000 0.000003 12.605162 0.707879 -7.349035 -14.555748 -3.854571 -5.987702 -8.089768 -18.465748 -7.838932 10.625829 52.820133 42.301693 -59.985542 3.714392 12.564173 -8.583649 0.712910 -3.278621 -3.625665 14.626277 10.393776 23.368345 -30.751179 -36.038307 -78.598999 -8.157563 -15.386336 2.609610 5.119645 -12.213177 9.945099 -7.872252 1.544262 32.933475 -3.562982 6.137094 -22.035810 0.000002 -0.000002 -0.000293 4.115436 11.478456 -13.775020 12.371881 -0.112183 66.881813 -4.373448 -11.586416 2.623667 -0.000003 0.000003 -0.000293
-7.797848 9.228348 10.535982 -176.151215 87.080338 170.870010 7.521943 6.490788 31.835184 -0.000004 0.000009 -12.161663 0.000000 -0.000006 -0.005903 0.000003 0.000007 5.829916 0.000003 -0.000011 12.605161 0.906748 -7.860750 -14.025310 -4.222488 -5.422357 -8.134142 -18.315485 -7.379437 9.914222 52.621048 43.154442 -62.305096 3.914384 12.640560 -8.136871 0.690508 -2.963569 -3.580834 15.290777 10.227172 24.574862 -29.657160 -35.561741 -79.733490 -7.635641 -15.465806 2.498895 4.354866 -11.976081 11.951657 -7.218451 0.838565 30.306297 -2.877125 6.959029 -16.965445 0.000001 -0.000004 -0.000291 3.484329 10.791716 -15.803735 10.687405 1.776532 61.615452 -4.362244 -9.689031 0.824339 0.000004 0.000002 -0.000295
-7.450642 9.360682 10.489624 -177.130569 87.062889 170.901291 7.755583 7.785027 30.637293 -0.000000 -0.000005 -12.161672 0.000000 0.000008 -0.005903 0.000002 -0.000009 5.829914 -0.000003 0.000001 12.605161 1.162318 -8.405561 -13.416864 -4.465387 -5.037965 -7.920696 -18.272415 -6.760489 9.216307 52.397522 43.784214 -64.280128 3.786636 12.490862 -7.923738 0.693848 -2.877624 -3.433095 15.751374 10.155188 25.405306 -28.569881 -35.118977 -80.545815 -7.257360 -15.603337 2.335038 3.536711 -12.025511 13.896257 -6.982886 0.250254 27.862459 -2.191307 8.092241 -10.625631 -0.000004 0.000004 -0.000296 2.374095 10.838251 -16.631281 9.497808 3.635876 53.789848 -4.881429 -8.929306 -0.043914 -0.000006 0.000010 -0.000290
-7.096901 9.487535 10.427451 179.046097 86.602058 168.222641 7.675285 8.719986 29.120815 -0.000005 0.000011 -12.161668 0.000002 -0.000007 -0.005906 0.000004 -0.000010 5.829913 -0.000000 0.000003 12.605164 1.457399 -9.094892 -12.760756 -4.608292 -4.946572 -7.586952 -18.343361 -6.412251 8.656099 52.469017 44.359348 -65.394676 3.767188 12.383818 -7.623930 0.776444 -3.078108 -3.087475 16.044201 10.261086 25.817713 -27.905159 -34.923203 -80.794785 -6.979175 -15.768603 2.151245 2.744450 -12.586831 15.269055 -7.231672 -0.369741 25.734112 -1.289306 9.520537 -3.334254 0.000003 0.000003 -0.000291 0.954242 11.130253 -16.549789 8.074706 5.116723 44.736744 -5.420276 -9.465351 -1.146480 -0.000001 0.000004 -0.000295
-6.735714 9.597319 10.359428 177.580978 85.955093 168.039520 7.573676 9.337321 27.472216 -0.000002 0.000003 -12.161670 0.000003 -0.000009 -0.005903 -0.000000 -0.000000 5.829915 0.000003 -0.000002 12.605160 1.694680 -9.781700 -12.308371 -4.728364 -4.967137 -7.301790 -18.478703 -6.563141 8.245035 52.774773 45.038158 -65.661568 3.778018 12.435519 -7.182770 0.842937 -3.382725 -2.658695 16.094732 10.263154 25.836693 -27.588274 -34.789268 -80.748764 -6.796171 -15.733867 1.942482 2.318554 -12.954878 15.912667 -7.614356 -1.292907 24.444941 -0.270169 10.845822 4.135159 -0.000002 0.000004 -0.000291 -0.597777 12.704965 -15.473010 5.847296 4.442630 34.434338 -6.910801 -10.499479 -2.857348 0.000000 0.000007 -0.000291
-6.367376 9.676467 10.301077 -178.161835 85.814880 173.519211 7.816679 9.991454 26.012066 -0.000004 0.000007 -12.161668 0.000001 -0.000012 -0.005904 -0.000001 0.000015 5.829916 0.000006 -0.000009 12.605158 1.816559 -10.188819 -12.218725 -4.799038 -4.791893 -7.012974 -18.639427 -6.897309 7.902303 53.071281 45.630314 -65.613892 3.803388 12.578476 -6.717376 0.854191 -3.554011 -2.290201 15.956923 10.021941 25.608450 -27.610315 -34.597374 -80.566246 -6.672211 -15.494457 1.711187 2.742080 -12.118871 16.047682 -8.177567 -2.788976 24.243885 1.257184 11.872759 11.134241 0.000003 0.000001 -0.000295 -1.348307 15.527088 -13.641932 3.605778 2.037894 24.196716 -8.993711 -12.426384 -5.607546 -0.000004 0.000005 -0.000297
-5.994655 9.713067 10.250675 -168.622345 85.749695 -176.480255 8.439843 10.244093 25.387053 -0.000001 0.000002 -12.161665 -0.000001 -0.000005 -0.005904 0.000000 0.000010 5.829914 0.000003 -0.000009 12.605165 1.858587 -10.263203 -12.448871 -4.778636 -4.456141 -6.717661 -18.820559 -6.988235 7.668727 53.438255 45.895088 -65.404648 3.723440 12.676534 -6.454025 0.830917 -3.638927 -2.026665 15.709000 9.687733 25.260107 -27.872913 -34.411072 -80.351669 -6.653203 -15.125471 1.522735 3.484278 -10.786521 16.185537 -8.759627 -4.064241 25.800362 2.993553 12.545249 16.692255 0.000003 0.000000 -0.000288 0.158352 15.841394 -11.839076 1.091245 0.760328 16.827257 -9.771025 -13.584492 -8.315543 -0.000004 0.000006 -0.000294
-5.614698 9.701101 10.198582 -159.665604 85.333138 -168.235504 9.163462 9.823024 25.856289 -0.000007 0.000007 -12.161668 0.000003 0.000007 -0.005905 0.000000 -0.000007 5.829915 0.000003 -0.000000 12.605158 1.864632 -10.100903 -12.881538 -4.594217 -4.258846 -6.425649 -18.983677 -6.627374 7.599984 54.022858 45.730869 -64.907074 3.531204 12.611135 -6.435694 0.897483 -3.695052 -1.692411 15.330488 9.374466 24.746054 -28.319384 -34.372089 -80.107414 -6.712572 -14.725133 1.401113 3.926333 -10.199633 16.421349 -9.536350 -4.319669 29.538813 4.580872 13.289249 20.883610 -0.000007 0.000005 -0.000291 2.177415 13.379188 -9.987454 -0.718332 0.738543 12.920869 -9.003488 -12.171501 -10.875116 -0.000002 -0.000003 -0.000288
-5.232213 9.631011 10.140729 -153.214905 85.004051 -163.175110 9.664940 9.041256 27.041761 -0.000001 -0.000003 -12.161670 0.000001 0.000002 -0.005903 0.000000 0.000003 5.829914 0.000001 -0.000010 12.605157 1.824205 -9.569365 -13.557013 -4.289144 -4.225700 -6.308215 -18.991829 -6.039457 7.731059 54.822338 45.248528 -63.847515 3.440008 12.350138 -6.639832 1.091275 -3.622746 -1.379548 14.834616 9.153132 24.124435 -28.909698 -34.494671 -79.796761 -6.816247 -14.319671 1.313918 4.139406 -9.918547 16.257946 -11.082431 -4.471997 35.194195 6.333462 15.152995 23.960884 -0.000004 0.000004 -0.000297 1.598197 12.587487 -7.621665 0.224974 -1.382483 11.659530 -8.207884 -10.318757 -12.742956 0.000008 0.000006 -0.000288
-4.857910 9.500446 10.078914 -150.133026 84.838821 -161.483170 9.609364 8.047441 28.318398 -0.000004 -0.000000 -12.161665 0.000004 -0.000005 -0.005903 -0.000002 -0.000000 5.829915 0.000003 -0.000009 12.605162 1.790883 -8.730480 -14.328045 -3.861952 -4.334017 -6.623621 -18.737724 -5.427983 8.315723 55.523560 44.493526 -62.280117 3.602473 11.873452 -6.961055 1.419089 -3.649298 -1.264780 14.263032 9.061470 23.615952 -29.537024 -34.619034 -79.487640 -6.910169 -13.954711 1.209739 3.969761 -9.720499 15.405034 -13.470164 -4.881776 42.004131 9.549819 16.965906 25.767403 -0.000003 0.000000 -0.000291 0.529518 11.756257 -6.727601 1.429473 -3.142580 15.445440 -4.939363 -8.510299 -11.396132 0.000002 -0.000001 -0.000289
-4.498371 9.337789 10.014366 -152.892044 84.299995 -166.163330 8.988870 6.326829 30.154074 0.000002 0.000008 -12.161665 0.000002 -0.000006 -0.005905 -0.000002 0.000005 5.829914 0.000004 -0.000005 12.605161 1.827794 -7.791444 -14.806335 -3.368472 -4.779716 -7.148906 -18.173117 -4.957224 9.277678 55.688221 43.532391 -60.472801 3.874511 11.413470 -7.400123 1.863534 -3.829983 -1.413263 13.502674 8.774238 23.167246 -30.063074 -34.515678 -79.156456 -6.800285 -13.694908 0.996644 3.190072 -10.007892 14.679198 -16.596872 -5.531105 49.334152 12.478436 16.727472 25.017410 -0.000003 0.000001 -0.000293 1.450012 11.841133 -7.413634 -0.632317 -6.816415 22.559565 -2.812134 -5.331231 -10.962334 0.000003 0.000007 -0.000291
-4.194635 9.180119 9.953144 -159.841568 83.645905 -175.111099 7.717431 4.678448 32.062630 -0.000003 0.000001 -12.161665 0.000004 -0.000003 -0.005905 0.000001 -0.000007 5.829916 0.000001 -0.000006 12.605163 2.184272 -7.039279 -14.772240 -2.563452 -5.874863 -7.562438 -17.468962 -4.691575 10.714058 54.798801 42.329247 -58.730453 4.060455 11.261715 -7.917932 2.370153 -4.316145 -1.499636 12.540066 7.992001 22.199991 -30.522924 -33.960724 -78.455490 -6.346723 -13.443072 0.736182 2.278340 -10.413272 13.866842 -20.812832 -6.180765 56.209442 13.020129 16.617052 20.900381 0.000003 0.000002 -0.000294 1.936441 9.150530 -6.943903 -2.011406 -6.176962 28.779556 -0.768251 -3.419969 -9.837408 0.000007 0.000003 -0.000293
-3.847337 9.028762 9.903185 174.922852 83.652794 158.160019 4.156577 3.980443 33.465305 0.000001 -0.000000 -12.161667 0.000000 0.000006 -0.005906 0.000000 0.000002 5.829916 0.000001 -0.000003 12.605158 2.413711 -5.989373 -14.440787 -1.470690 -6.502081 -6.942338 -17.281237 -5.684018 12.181933 53.462605 41.011929 -56.465820 3.378941 11.089528 -8.435785 2.561069 -4.205030 -1.098286 11.708179 6.599010 20.060579 -31.775482 -32.936096 -76.388123 -5.569689 -12.893797 1.095546 -0.565095 -10.690228 12.011057 -24.063332 -4.370658 62.072269 11.248044 15.740870 16.537607 -0.000001 0.000006 -0.000292 -1.597297 14.094127 -6.750542 -1.229734 -8.860487 35.987453 2.175032 -4.738898 -13.182289 0.000004 -0.000003 -0.000289
-3.499584 8.940086 9.865062 168.219360 83.787285 150.286346 2.845684 2.951096 35.318909 -0.000002 0.000003 -12.161668 0.000003 -0.000004 -0.005904 -0.000001 0.000008 5.829914 0.000005 0.000001 12.605159 2.070605 -4.762944 -14.778582 -1.184878 -6.253963 -6.749488 -17.036131 -7.768399 14.043058 52.665955 39.581078 -53.744053 1.129369 10.573271 -9.172215 2.396293 -4.308255 -1.405847 11.473825 5.734509 16.930304 -33.700829 -32.074081 -73.545013 -4.305112 -11.996481 1.716184 -1.895752 -10.425805 9.500860 -24.956438 -2.489840 67.318176 8.392713 13.922747 12.409560 0.000009 -0.000003 -0.000295 -1.601341 17.600271 -5.400123 -0.599807 -10.258286 40.304779 3.351876 -6.387825 -16.830732 0.000000 0.000015 -0.000300
-3.140821 8.881300 9.806455 173.932831 83.596695 156.569870 2.736122 1.107893 34.750423 0.000000 0.000002 -12.161668 -0.000000 0.000003 -0.005904 0.000002 0.000005 5.829916 0.000000 -0.000014 12.605156 1.380340 -3.641866 -14.288869 -1.203130 -6.415173 -6.122200 -16.979349 -9.061013 16.266939 53.233040 37.366100 -50.897316 -0.878246 9.567245 -10.157675 1.877628 -4.777982 -1.527181 11.687221 4.605627 13.956200 -35.422462 -31.579407 -71.925888 -2.257248 -12.099445 1.466956 -1.922331 -12.360457 5.313507 -25.458393 0.097370 70.565468 6.306467 12.404747 8.948283 0.000002 -0.000002 -0.000295 -1.142756 18.939005 -4.208691 0.793282 -10.499709 41.550419 4.127404 -8.040722 -19.706167 0.000006 0.000005 -0.000289
-2.793321 8.860986 9.759270 172.168625 83.942688 154.958572 2.200129 0.038994 34.557861 -0.000003 0.000003 -12.161664 -0.000001 0.000003 -0.005904 0.000003 -0.000002 5.829913 0.000003 -0.000006 12.605161 0.804790 -2.490287 -13.337955 -1.121293 -7.213715 -5.465395 -17.747751 -9.934228 18.155819 55.636536 34.905499 -47.662853 -1.114164 7.683384 -11.315650 1.545936 -5.433934 -1.950870 11.721364 3.061908 11.671006 -35.773361 -31.381428 -73.131042 -1.792133 -12.161900 1.082660 -2.229253 -14.234980 1.705618 -26.177355 2.653972 71.916664 4.320876 11.366068 5.609367 0.000005 0.000001 -0.000291 -1.041336 18.986334 -2.776256 0.846968 -10.409454 42.819324 4.669602 -7.360035 -21.942942 0.000006 -0.000001 -0.000293
-2.441677 8.878049 9.725419 171.795410 83.823563 154.065048 1.452543 -1.599298 35.093967 -0.000003 -0.000001 -12.161670 0.000002 -0.000007 -0.005907 0.000002 0.000008 5.829917 -0.000001 -0.000011 12.605157 0.327533 -1.296521 -12.449641 -0.799924 -8.178333 -5.296689 -19.290300 -10.380401 20.403271 58.068207 33.320892 -45.871986 -0.264462 6.592081 -12.288837 2.037795 -6.031922 -2.760819 11.301393 1.981954 9.587758 -35.272621 -31.562506 -75.852379 -3.331715 -11.728464 1.019145 -2.294379 -15.492442 -0.720402 -26.439188 3.615176 72.037659 2.368582 10.385051 2.401021 -0.000004 0.000005 -0.000293 -0.381877 16.633108 -0.365141 -0.026108 -9.112325 43.419449 4.710775 -5.979012 -23.388447 0.000006 0.000004 -0.000288
-2.083480 8.928615 9.688873 174.280930 82.934593 155.750900 0.788839 -4.313343 35.741135 -0.000005 0.000003 -12.161667 0.000001 -0.000002 -0.005904 0.000001 0.000010 5.829914 0.000001 -0.000018 12.605162 -0.432941 -0.011033 -11.566697 -0.900984 -8.928130 -5.142318 -21.331203 -11.487678 22.762856 58.991722 33.854980 -45.741299 0.562003 6.411407 -12.704357 2.497171 -6.441932 -3.383029 11.067800 2.110177 7.143135 -35.327766 -32.467831 -78.122162 -4.528305 -11.743313 1.030607 -2.315884 -16.107018 -2.796260 -25.616755 3.024426 71.740196 0.915429 8.901521 -0.581417 0.000002 0.000002 -0.000292 0.011874 13.438047 3.065857 0.230210 -6.958588 42.447910 4.595517 -5.867567 -24.235071 0.000002 0.000003 -0.000298
-1.728252 8.997638 9.666025 175.997696 83.338387 157.922928 0.838910 -5.662600 35.313087 -0.000003 0.000006 -12.161670 0.000002 -0.000008 -0.005902 -0.000000 -0.000004 5.829912 0.000003 0.000006 12.605157 -1.062438 1.098461 -10.874803 -1.089204 -9.674024 -5.050354 -23.544250 -12.762799 24.721207 58.886318 35.197975 -46.427708 1.310891 5.639845 -12.759029 2.815423 -6.929184 -4.022216 11.056590 3.126510 4.764374 -35.391079 -33.932770 -80.344727 -5.169901 -11.689974 0.812896 -1.386696 -14.755963 -5.869498 -24.569021 1.242659 70.379875 0.398889 7.497881 -2.905751 0.000003 0.000007 -0.000290 0.287990 12.383642 5.674511 1.217750 -5.248816 40.346203 4.064084 -6.653716 -24.029308 -0.000006 0.000001 -0.000302
-1.381688 9.086071 9.648990 176.537384 84.624878 160.002777 1.211047 -5.975749 33.859749 -0.000003 -0.000001 -12.161666 0.000006 -0.000011 -0.005903 0.000000 0.000004 5.829914 -0.000001 -0.000007 12.605162 -1.371207 2.097301 -10.207670 -1.172839 -10.345374 -4.915934 -25.732538 -13.402515 26.360146 59.501987 35.810909 -46.843033 1.609405 4.818616 -12.772291 3.120868 -7.550290 -4.672102 11.090286 4.096190 2.938203 -35.610054 -35.081955 -82.716362 -5.870646 -11.343946 0.319274 -0.094653 -12.247197 -9.434978 -23.956930 -1.551229 67.565826 0.644780 6.795125 -4.751280 -0.000007 0.000002 -0.000299 0.440544 12.863137 7.442469 2.085800 -4.433836 37.653564 2.891104 -7.500671 -22.153526 0.000001 0.000001 -0.000291
-1.034845 9.197802 9.629169 175.792480 85.584297 160.774078 1.318554 -6.406490 32.154873 -0.000003 0.000008 -12.161665 0.000003 -0.000003 -0.005904 -0.000000 -0.000006 5.829915 0.000003 0.000002 12.605161 -1.347759 3.067180 -9.251765 -1.126596 -10.899213 -4.575802 -27.553410 -13.375290 27.770208 60.209320 35.826141 -47.208664 1.473744 3.782653 -12.700676 3.430225 -8.159376 -4.909549 11.171054 4.627335 1.542354 -36.357487 -35.697433 -84.763405 -6.671803 -10.649791 -0.376204 0.780923 -10.416166 -12.022862 -23.319208 -4.832730 62.952625 0.788837 6.544313 -5.587100 0.000006 0.000002 -0.000294 0.604205 12.977061 9.128791 2.425130 -3.688640 35.146820 1.242959 -8.282354 -18.700064 -0.000003 0.000008 -0.000290
-0.678709 9.323554 9.610145 173.244949 86.054794 159.341446 1.160808 -7.167776 30.628450 -0.000001 0.000000 -12.161670 0.000002 0.000003 -0.005901 -0.000001 -0.000003 5.829914 0.000003 -0.000004 12.605160 -1.215143 4.011923 -8.106599 -1.056292 -11.325400 -4.078600 -28.911652 -13.044046 28.659750 60.571438 35.406109 -47.475845 1.312897 2.586286 -12.434254 3.661547 -8.715791 -4.951878 11.169924 5.020789 0.623075 -37.416172 -36.069046 -86.031837 -7.170635 -9.703473 -1.171444 1.483543 -10.074849 -13.278628 -21.656181 -7.539814 56.314304 0.994189 5.902197 -6.904171 0.000007 0.000002 -0.000296 0.808313 12.504950 10.963916 2.660238 -2.462741 33.086533 -0.757100 -9.438595 -14.180548 -0.000001 0.000007 -0.000285
-0.309747 9.447086 9.599623 170.245682 86.615463 157.435791 1.094688 -7.891793 28.994553 -0.000006 0.000006 -12.161668 0.000003 -0.000005 -0.005902 -0.000000 -0.000005 5.829913 0.000005 -0.000006 12.605157 -1.163979 5.026464 -6.924322 -1.020207 -11.511978 -3.555412 -29.978617 -12.748604 29.091208 60.805882 34.722645 -47.309673 1.350364 1.676458 -12.017717 3.804309 -9.064855 -4.791524 11.029860 5.655488 0.058997 -38.163223 -36.455685 -86.677803 -6.849269 -8.716623 -1.809449 2.492970 -10.631513 -13.367428 -18.361742 -8.912336 47.432106 0.786894 4.935524 -7.880969 0.000005 0.000005 -0.000284 1.141065 12.396867 12.671013 3.110147 -1.192187 31.132494 -3.133678 -10.975939 -8.753673 0.000000 0.000010 -0.000290
0.069264 9.556794 9.596154 168.279388 87.498291 156.732727 1.427565 -8.171288 27.313553 0.000000 0.000000 -12.161668 0.000002 -0.000004 -0.005907 0.000000 -0.000002 5.829916 0.000001 0.000001 12.605158 -1.228614 5.821578 -6.085163 -1.016706 -11.653404 -3.269366 -30.750505 -12.652967 29.251562 60.917610 33.943184 -46.721142 1.428781 1.215436 -11.659409 3.871476 -9.323840 -4.622654 10.827010 6.183566 -0.192258 -37.938129 -36.640884 -87.508026 -5.818345 -8.210697 -2.027126 4.220282 -12.244687 -12.436769 -14.186118 -7.516916 36.713223 0.888391 4.731075 -9.502953 0.000003 -0.000002 -0.000299 1.544090 12.775234 13.927706 3.749795 -0.099765 29.493610 -5.540946 -12.420172 -2.563993 -0.000002 0.000005 -0.000290
0.452259 9.639751 9.588499 166.509064 88.343651 156.480667 1.986716 -8.075690 25.512138 -0.000003 0.000014 -12.161666 0.000002 -0.000007 -0.005906 0.000003 -0.000002 5.829917 -0.000002 -0.000008 12.605160 -1.256594 6.185621 -5.664570 -1.013479 -11.920033 -3.081157 -31.020924 -12.573368 29.169306 60.674427 33.179996 -46.291309 1.098328 0.886515 -11.366630 3.912157 -9.702157 -4.486201 10.613607 6.361241 -0.083651 -36.596462 -36.447083 -88.852066 -4.887945 -8.284925 -1.893825 4.946386 -13.859808 -10.955785 -9.792765 -5.045907 26.139811 1.928130 6.427166 -11.433967 0.000001 -0.000001 -0.000293 1.546486 12.713563 14.500925 4.597439 1.201787 28.414713 -7.932935 -13.340897 3.802242 0.000003 0.000002 -0.000295
0.835010 9.686481 9.570895 152.695053 88.588745 143.807144 2.062160 -8.105390 24.061365 -0.000003 0.000007 -12.161668 0.000002 -0.000003 -0.005905 0.000002 -0.000001 5.829915 -0.000000 -0.000005 12.605157 -1.228797 6.276958 -5.436295 -0.989208 -12.078693 -2.777784 -30.801228 -12.527248 28.937267 60.073940 32.638691 -46.336582 0.454165 0.506802 -11.158407 3.876643 -10.011883 -4.180385 10.393187 6.128242 0.268803 -34.944355 -35.915894 -90.046021 -4.554808 -8.745829 -1.563575 3.916855 -13.859991 -9.804726 -6.430812 -4.406948 18.036156 4.557218 9.323767 -12.426210 -0.000004 0.000001 -0.000295 0.936783 11.827805 14.775297 5.467300 2.311785 28.465784 -10.205545 -13.536631 9.487222 -0.000009 0.000013 -0.000292
1.220227 9.691257 9.550324 130.105087 88.016823 121.138252 1.344262 -8.122590 23.760300 0.000000 0.000007 -12.161665 0.000000 -0.000012 -0.005903 0.000003 0.000001 5.829913 0.000000 0.000001 12.605162 -1.128060 6.079288 -5.222024 -1.013981 -12.178961 -2.339872 -30.123713 -12.623908 28.588123 59.451374 32.320259 -46.579144 -0.211544 0.403138 -11.147781 3.667685 -10.217707 -3.751473 10.216406 5.573250 0.821175 -33.739441 -35.268841 -90.369240 -4.673204 -9.176828 -1.189167 2.462202 -14.507662 -8.018065 -4.491679 -3.708936 12.743566 6.820529 10.728248 -13.589532 -0.000003 0.000003 -0.000293 -0.102574 10.749837 15.271948 6.382318 2.688941 30.455547 -12.220366 -13.346889 13.968742 -0.000002 0.000007 -0.000289
1.600700 9.642104 9.539771 116.742744 87.189377 106.855209 0.480586 -7.593904 24.418667 -0.000003 0.000011 -12.161665 0.000000 -0.000005 -0.005904 0.000001 -0.000007 5.829915 0.000000 -0.000001 12.605156 -0.956566 5.462975 -5.198496 -1.086571 -12.385265 -2.092043 -29.144770 -12.869347 28.197098 58.866463 32.181965 -46.920609 -0.537519 0.622102 -11.172581 3.378107 -10.481681 -3.466327 10.000866 5.033925 1.551987 -33.098454 -34.698715 -89.529686 -4.849176 -9.430811 -0.934171 1.638699 -15.105935 -5.999361 -3.810669 -2.737641 11.106367 6.899885 10.119354 -15.092920 0.000002 -0.000002 -0.000297 -0.995550 9.767766 15.437187 7.288805 3.077934 34.697365 -13.372375 -13.596045 17.377741 0.000010 0.000001 -0.000290
1.969170 9.534867 9.543853 110.004761 86.510468 99.100830 -0.007844 -6.698775 25.401606 -0.000003 -0.000006 -12.161667 0.000000 -0.000003 -0.005904 0.000003 -0.000000 5.829916 -0.000001 -0.000010 12.605157 -0.833683 4.572942 -5.514128 -1.227890 -12.613819 -2.169974 -28.050489 -13.211718 27.761723 58.225868 32.365089 -47.381176 -0.483273 1.048646 -11.127353 3.124048 -10.664153 -3.478642 9.520324 4.477647 2.537310 -32.613815 -34.070396 -87.975533 -4.863245 -9.584284 -0.758496 2.187128 -15.760978 -4.938400 -5.017118 -1.398571 12.977115 2.605470 9.644159 -14.857173 -0.000004 -0.000002 -0.000290 -1.053768 9.726830 14.875957 8.722515 3.373698 40.511642 -14.078323 -15.331716 20.290253 0.000002 -0.000000 -0.000297
2.319847 9.386780 9.556076 109.200127 86.064377 97.039810 -0.159483 -5.827919 27.005016 -0.000003 0.000010 -12.161670 0.000001 0.000003 -0.005902 0.000001 -0.000005 5.829913 -0.000002 0.000002 12.605159 -0.709174 3.569352 -6.075027 -1.294341 -12.508060 -2.543698 -26.938837 -13.787039 27.238771 57.615551 32.854767 -47.970562 -0.481350 1.732532 -11.036106 2.954737 -10.661187 -3.868824 8.856313 3.794024 3.886937 -32.172829 -33.318291 -86.177193 -4.660379 -9.604730 -0.498232 2.877131 -16.917450 -4.667339 -6.763635 1.827174 17.312334 1.922082 8.361087 -14.962958 0.000003 0.000007 -0.000293 -0.331843 10.313927 14.052538 11.050345 3.394045 47.145847 -15.283958 -17.259130 22.482687 -0.000005 0.000004 -0.000298
2.604333 9.236251 9.611793 112.476807 86.334511 98.180779 0.190707 -5.200014 30.048264 -0.000000 0.000004 -12.161665 0.000001 -0.000003 -0.005907 0.000001 -0.000003 5.829912 0.000000 -0.000009 12.605160 -0.453261 2.850061 -6.917592 -1.078220 -12.140386 -3.017538 -25.569351 -14.244077 26.027046 57.060341 33.396053 -48.569611 -0.771810 2.619363 -11.029158 2.671776 -10.164639 -4.632388 8.316970 3.058414 5.586136 -32.095932 -32.519855 -84.030693 -4.405994 -9.569839 -0.181320 2.340858 -15.712810 -3.257006 -6.412157 4.235245 23.200039 2.158193 4.177039 -14.662833 0.000003 0.000001 -0.000289 1.031283 10.643918 13.551829 14.501277 3.408620 53.844589 -16.797556 -16.991579 21.171041 -0.000005 0.000004 -0.000296
2.924800 9.078037 9.645192 152.828278 88.389420 136.695160 2.347641 -5.939590 32.178711 -0.000002 0.000001 -12.161669 0.000001 0.000001 -0.005903 0.000001 -0.000007 5.829912 0.000001 -0.000004 12.605164 -0.061567 3.283801 -7.512208 -0.478101 -11.277717 -3.419044 -24.454079 -13.546098 24.229898 56.937138 33.155937 -48.347466 -1.300294 3.017548 -11.092097 1.649961 -8.838147 -4.439266 8.431296 3.259872 7.319661 -33.183586 -31.779013 -80.380432 -4.030643 -9.657827 0.304755 4.993754 -14.492926 -3.905288 -5.792655 4.660466 31.740549 -1.202228 0.997573 -16.264160 -0.000006 0.000007 -0.000288 3.344316 10.078114 12.220654 18.249586 2.741761 59.859600 -16.558784 -16.440741 18.124525 0.000002 0.000005 -0.000292
3.238960 8.959729 9.688030 -123.059944 87.667625 -140.403549 5.025643 -5.772809 34.402233 -0.000001 -0.000001 -12.161670 0.000001 -0.000001 -0.005904 -0.000000 0.000010 5.829916 0.000002 -0.000012 12.605155 0.773473 2.603820 -9.127756 -0.262219 -11.163873 -4.417885 -22.828638 -12.803506 21.173239 57.167454 32.229977 -47.183952 -3.187019 2.710393 -11.560348 1.453014 -8.725716 -4.653796 8.525364 5.195889 8.822877 -35.001713 -31.749479 -75.619919 -2.330847 -9.017706 1.125583 7.480699 -16.582174 -3.969791 -6.545158 4.638495 37.550247 -2.972387 2.053802 -20.418163 0.000004 0.000001 -0.000294 6.611168 8.716660 9.625775 18.861355 1.697262 65.839600 -14.597751 -16.052546 15.039061 0.000002 0.000002 -0.000291
3.553014 8.882984 9.726817 -132.967026 87.896805 -150.659897 4.836693 -4.708628 34.892445 -0.000003 0.000005 -12.161669 0.000000 -0.000002 -0.005905 0.000001 0.000002 5.829915 -0.000001 -0.000004 12.605159 1.643842 1.459602 -9.551790 -0.323557 -11.150548 -4.538687 -21.133705 -12.210478 18.297636 57.484787 32.559170 -46.455700 -7.247567 2.775139 -13.368755 1.600639 -8.311108 -4.341452 8.309586 5.590619 10.441111 -36.793308 -31.112864 -71.332375 1.931258 -8.004890 2.041368 6.752884 -16.903603 -2.190691 -9.306684 1.514090 39.243336 -3.687510 5.827749 -23.308298 0.000001 0.000003 -0.000293 6.769979 9.302231 6.313443 19.203018 -0.070902 70.332176 -12.360723 -17.233168 12.633965 0.000014 -0.000001 -0.000292
3.864919 8.830511 9.759480 -145.356979 87.722816 -162.308105 4.963561 -3.273358 34.426380 -0.000001 -0.000001 -12.161666 0.000003 0.000000 -0.005904 -0.000000 -0.000003 5.829916 0.000000 0.000006 12.605159 2.345965 -0.087146 -9.368040 -0.147255 -10.719194 -5.183310 -19.804752 -11.518240 16.676373 57.270626 34.088783 -47.927528 -10.359078 3.459631 -14.780098 1.429196 -8.106744 -4.308431 8.668329 4.324585 11.704189 -38.628159 -29.764179 -68.280785 7.995925 -6.596152 2.817543 6.589460 -18.492682 -1.073675 -10.669562 1.919783 40.071609 -3.873598 6.668556 -25.905024 -0.000003 0.000005 -0.000295 6.731618 11.007890 2.087072 19.347307 -2.608545 72.906754 -10.583105 -18.880785 10.252408 -0.000006 0.000007 -0.000291
4.179291 8.820049 9.763080 -156.515945 86.753334 -173.389526 4.973856 -2.627054 34.395340 -0.000002 0.000004 -12.161667 0.000000 0.000002 -0.005901 0.000001 -0.000002 5.829915 0.000002 -0.000003 12.605161 2.869716 -1.406968 -8.639483 -0.293992 -9.845460 -5.768484 -18.454449 -9.948240 15.305296 55.417683 35.197155 -51.871132 -9.831167 4.763274 -15.036793 1.082049 -7.623731 -4.230258 9.586840 2.740859 13.289687 -40.156345 -28.807077 -66.834702 12.439102 -5.312232 3.008172 6.244417 -18.118172 0.180964 -9.544874 2.457245 41.254158 -3.771658 3.935920 -27.547132 0.000004 0.000001 -0.000288 6.296084 11.430210 -1.286008 19.086876 -4.124743 74.186417 -8.866636 -19.656088 6.835063 0.000003 0.000005 -0.000291
4.525641 8.841188 9.774656 -152.403259 87.385887 -169.827759 5.109050 -0.464027 35.023376 0.000000 0.000000 -12.161667 0.000002 -0.000004 -0.005904 -0.000000 0.000008 5.829915 0.000003 -0.000008 12.605159 3.461795 -2.384026 -8.073923 -0.399643 -9.166382 -6.069788 -17.543407 -8.931293 13.574409 53.782097 37.127674 -55.469704 -8.429625 6.734416 -14.655621 1.138810 -6.892114 -4.143917 10.858776 2.067253 15.253380 -41.159870 -28.930828 -66.420692 12.775843 -5.025513 2.843374 5.740362 -15.550983 3.304979 -8.584115 1.299974 40.982643 -3.632575 2.544057 -28.352850 0.000000 -0.000001 -0.000295 6.257650 12.575481 -3.604900 17.566078 -4.516240 74.564667 -6.941784 -18.435678 2.829029 -0.000001 0.000005 -0.000294
4.859990 8.894435 9.779056 -153.526077 87.861282 -171.160889 5.296699 1.844262 35.461910 -0.000005 0.000011 -12.161670 0.000003 -0.000014 -0.005902 0.000000 0.000009 5.829915 0.000004 -0.000007 12.605159 4.027367 -3.880857 -8.034849 -0.704766 -8.861856 -6.485490 -17.013805 -9.134569 12.274364 52.486713 39.789444 -58.520664 -7.114730 9.257960 -14.125196 1.385694 -6.500131 -4.268320 12.386432 2.381026 16.979912 -41.251705 -30.117214 -66.411278 10.821878 -4.961154 2.695028 5.094602 -14.127562 6.735332 -8.653564 -0.327858 39.239399 -3.383644 3.086298 -28.001019 -0.000002 0.000001 -0.000291 5.715148 13.088895 -6.070587 15.395493 -3.975915 73.699432 -5.149363 -15.754755 -0.175550 0.000003 0.000002 -0.000296
5.187557 8.966262 9.766553 -166.272278 87.427551 177.215714 5.347731 3.297880 34.577209 -0.000001 -0.000003 -12.161669 0.000002 0.000004 -0.005904 0.000000 -0.000002 5.829916 -0.000002 0.000002 12.605162 4.328269 -5.563596 -8.232143 -1.301040 -8.294960 -7.090628 -16.796263 -9.741819 11.687160 51.105427 42.296673 -61.850521 -5.817407 11.714828 -13.362747 1.342767 -6.144824 -4.454967 13.978711 2.747159 18.331734 -40.818172 -31.508312 -66.726845 9.179143 -5.143078 2.408668 4.410286 -14.011177 8.661493 -8.689493 -1.271004 37.092003 -2.752134 3.828631 -26.067886 0.000001 -0.000002 -0.000296 4.292069 12.269103 -9.525036 13.828920 -2.377795 71.205727 -4.089665 -13.049007 -1.824259 -0.000001 -0.000001 -0.000293
5.512130 9.057734 9.749109 -170.462967 87.044945 174.620117 5.566497 4.686911 33.147202 -0.000005 -0.000002 -12.161667 0.000004 -0.000002 -0.005906 0.000000 -0.000000 5.829919 0.000001 -0.000006 12.605159 4.482800 -6.987044 -8.362960 -1.945425 -7.727087 -7.462027 -16.674784 -9.718260 11.332747 49.556126 44.285770 -65.622116 -4.530481 13.282144 -12.458304 1.138891 -5.747706 -4.500684 15.278281 2.713402 19.516909 -40.202805 -32.412357 -67.431648 8.332226 -5.692400 1.981041 3.898447 -13.992086 10.026749 -7.984793 -1.346414 35.061440 -2.074970 3.842433 -22.747950 -0.000008 0.000002 -0.000295 3.078417 11.025758 -12.800410 13.128198 0.204234 67.131187 -3.654981 -11.086663 -2.934416 -0.000002 0.000009 -0.000291
5.844017 9.170391 9.726384 -171.037888 86.985001 175.145935 5.725629 6.101025 32.089931 0.000000 -0.000002 -12.161670 0.000001 0.000004 -0.005905 0.000000 0.000003 5.829916 0.000005 -0.000004 12.605159 4.560088 -8.013811 -8.303576 -2.458332 -7.238643 -7.531232 -16.553219 -9.148932 10.916145 48.700993 45.204529 -68.505463 -2.991752 13.951320 -11.759376 0.982376 -5.354352 -4.339864 16.272547 2.737419 20.702412 -39.219418 -33.016159 -68.427834 7.848138 -6.070119 1.621302 3.336179 -13.815565 11.805083 -7.409095 -1.631973 33.090488 -1.523369 4.189779 -18.261444 0.000002 -0.000000 -0.000297 2.148655 10.368051 -14.732695 12.821016 2.859899 61.648823 -3.515075 -9.933146 -4.063201 0.000003 -0.000003 -0.000300
6.183693 9.287270 9.692611 -175.938934 86.696190 171.230026 5.492775 7.298727 31.050764 -0.000003 0.000008 -12.161663 0.000003 -0.000002 -0.005906 0.000001 -0.000007 5.829915 -0.000000 -0.000000 12.605161 4.576180 -8.984653 -8.104023 -2.898918 -6.895101 -7.474363 -16.433239 -8.756088 10.483831 49.007492 45.825657 -69.838409 -1.775533 13.650644 -11.060149 0.961377 -5.295208 -4.062158 16.920084 3.060001 21.843464 -37.977474 -33.423855 -69.451111 7.579049 -6.331928 1.493239 2.382125 -14.188458 13.656253 -7.259098 -2.149249 31.036386 -1.029816 5.287666 -12.808479 -0.000003 0.000007 -0.000295 0.910994 10.178650 -15.582192 11.789865 5.406069 53.827244 -3.184500 -9.057986 -4.119763 -0.000004 0.000005 -0.000301
6.529408 9.392143 9.654580 177.790741 86.188538 166.234253 4.988454 8.312455 29.724735 0.000002 -0.000009 -12.161671 -0.000000 0.000008 -0.005902 0.000001 -0.000001 5.829913 0.000002 -0.000015 12.605163 4.564569 -9.957002 -7.859504 -3.196723 -6.856287 -7.427339 -16.506222 -8.706527 10.098297 50.436302 46.312023 -69.557106 -0.825938 12.903145 -10.346412 1.033920 -5.552762 -3.785085 17.201231 3.626534 22.827291 -36.701248 -33.585548 -70.328018 7.390033 -6.723013 1.650544 1.491074 -14.803408 14.871145 -7.571678 -2.851474 29.278053 -0.500247 6.806004 -6.478143 -0.000001 0.000002 -0.000289 -0.712086 10.423317 -15.568513 9.604152 6.876942 44.564106 -2.958001 -8.276232 -4.219985 0.000003 -0.000000 -0.000289
6.881423 9.479134 9.622379 175.083984 85.919899 164.999786 4.573117 9.216573 28.303856 -0.000001 -0.000003 -12.161669 -0.000001 0.000005 -0.005905 0.000004 -0.000003 5.829912 -0.000002 -0.000002 12.605162 4.531898 -10.649574 -7.726092 -3.356548 -6.659903 -7.502066 -16.769474 -9.023602 9.926364 52.551781 46.810040 -68.247589 -0.229707 12.056071 -9.514277 1.105966 -5.816865 -3.565178 17.192074 4.378650 23.594646 -35.463184 -33.548176 -71.024590 7.062787 -7.072205 1.981433 1.263219 -14.854605 15.391983 -8.269310 -3.843164 28.208725 0.223050 8.230384 0.310431 0.000002 -0.000001 -0.000292 -2.192560 11.909797 -14.816526 6.404948 6.210982 34.335091 -3.566185 -8.214359 -4.776439 0.000001 0.000009 -0.000296
7.240211 9.540668 9.597381 179.346283 85.969978 170.464523 4.600962 9.700841 26.983624 -0.000001 0.000009 -12.161666 0.000000 -0.000013 -0.005904 0.000001 0.000005 5.829916 0.000004 -0.000003 12.605160 4.231336 -10.819960 -7.523538 -3.493385 -6.400543 -7.410679 -16.881767 -8.733109 9.648045 54.260487 46.822414 -67.112297 0.463110 10.985113 -8.619698 1.086430 -5.837144 -3.206090 16.848215 5.084890 24.226534 -34.410229 -33.224781 -71.545288 6.600697 -7.185503 2.328909 1.857174 -14.045768 15.377931 -9.112807 -4.800761 28.454712 1.319681 9.093513 6.995479 0.000000 -0.000000 -0.000290 -2.355947 14.045859 -13.695242 3.235291 4.041935 25.113464 -5.677073 -9.707794 -6.261497 0.000009 0.000006 -0.000291
7.601664 9.565684 9.571063 -169.395859 85.688210 -177.927811 5.264271 9.555597 26.463364 0.000001 0.000001 -12.161670 0.000003 -0.000000 -0.005904 0.000000 -0.000003 5.829915 0.000001 -0.000006 12.605157 3.660937 -10.801932 -7.410743 -3.467863 -6.256678 -7.010379 -16.960983 -8.075680 8.709835 55.486134 46.174721 -66.156975 1.477211 9.940809 -7.813718 1.063225 -5.978517 -2.954691 16.081394 5.605359 24.768478 -33.657154 -32.606640 -71.874413 6.125903 -7.017253 2.711108 2.759031 -13.107978 15.152906 -10.006848 -5.510365 30.727427 2.875580 9.757822 12.945507 -0.000005 0.000004 -0.000290 -0.744954 14.231141 -12.734715 0.799002 2.872307 19.204771 -8.064366 -12.505198 -8.601301 -0.000003 0.000008 -0.000292
7.969334 9.547108 9.538102 -157.840408 84.872177 -167.007706 6.270389 8.577304 26.712416 -0.000002 -0.000004 -12.161670 0.000003 -0.000000 -0.005906 0.000002 0.000004 5.829918 0.000001 0.000001 12.605159 2.833921 -10.407645 -7.221727 -3.215028 -6.340459 -6.761015 -17.173878 -7.597134 7.617660 56.989799 45.410812 -64.200104 2.615725 9.512646 -7.230631 1.132818 -6.112907 -2.636250 14.975899 6.147799 25.126900 -33.221043 -31.967028 -71.986610 5.721125 -6.658812 3.207759 3.685862 -12.259666 14.810712 -11.145786 -6.261068 35.146889 4.334711 10.931733 18.095423 -0.000001 0.000004 -0.000290 0.438460 12.564303 -11.622788 0.159137 2.471735 15.851484 -8.355639 -13.864567 -9.739850 -0.000010 0.000012 -0.000297
8.343541 9.478699 9.502613 -148.240952 84.261024 -158.887863 7.267497 7.541328 27.851702 -0.000001 -0.000005 -12.161668 0.000001 -0.000005 -0.005902 0.000001 -0.000003 5.829913 -0.000001 0.000010 12.605162 2.000985 -9.643247 -7.162570 -2.806768 -6.483005 -6.787359 -17.201214 -7.549326 6.863249 57.662003 44.787136 -62.193375 3.718762 9.547038 -6.705757 1.390133 -6.225972 -2.478817 13.713081 6.756648 25.281729 -33.056091 -31.525784 -71.875542 5.361888 -6.303978 3.580419 4.278445 -11.595746 14.428075 -12.533329 -6.328497 41.199379 4.702984 13.202627 21.885141 0.000003 -0.000001 -0.000292 0.608984 11.194856 -9.879031 0.769905 1.452766 16.020035 -4.537577 -12.179054 -9.050873 0.000005 0.000002 -0.000292
8.713912 9.331451 9.461716 -141.133209 84.190964 -153.834808 7.757857 6.769226 29.596067 0.000001 -0.000002 -12.161665 -0.000002 0.000001 -0.005902 0.000002 -0.000000 5.829915 0.000001 -0.000003 12.605157 1.318239 -8.584652 -7.033648 -2.343037 -6.693685 -7.063671 -16.825977 -7.071052 6.846491 56.563450 44.049564 -61.471451 4.378725 9.743087 -6.355645 1.848634 -6.291193 -2.386282 12.358081 7.167497 25.136831 -33.126686 -31.221502 -71.631470 5.138080 -6.204387 3.595252 4.203417 -11.103534 14.019190 -14.254940 -5.494574 48.172783 6.204388 14.741802 23.877295 0.000009 0.000003 -0.000293 0.457973 10.964951 -9.164566 1.207118 -1.333340 21.513308 -0.539156 -7.932796 -9.046102 -0.000007 0.000013 -0.000291
9.075703 9.185192 9.399154 -145.792404 83.699272 -160.853210 7.097661 4.925312 31.502838 -0.000002 0.000002 -12.161665 0.000001 0.000004 -0.005903 -0.000000 -0.000007 5.829911 0.000003 0.000001 12.605163 0.880309 -7.267146 -6.382532 -1.830989 -6.979013 -7.846766 -16.151213 -6.060695 7.994372 54.466015 43.029938 -61.334770 4.451476 9.813564 -6.431117 2.270016 -6.342420 -2.234749 11.032562 7.222195 24.564905 -33.350853 -30.904900 -71.334351 5.277113 -6.294568 3.376278 2.990672 -11.485734 13.407606 -17.013929 -5.035525 55.442009 8.641195 13.178358 22.982079 -0.000005 0.000002 -0.000297 1.375606 10.032172 -8.824685 -0.816402 -5.426052 28.172640 0.632871 -3.122971 -9.777864 -0.000001 -0.000000 -0.000291
9.428684 9.035896 9.355871 -159.719208 84.053734 -176.574966 4.799596 4.066354 32.802944 -0.000004 -0.000004 -12.161669 0.000001 -0.000009 -0.005905 0.000002 0.000003 5.829915 0.000001 0.000008 12.605159 1.149662 -5.902304 -5.561183 -0.884702 -7.671542 -8.150005 -15.532462 -5.565206 9.512297 53.427521 41.587334 -59.618797 4.350759 9.840451 -6.851985 2.773383 -6.280621 -1.465805 9.888205 6.466826 22.904938 -33.913242 -30.345213 -70.843208 5.686722 -6.535873 3.140679 1.137321 -11.507134 12.220572 -21.094088 -4.357274 61.642513 9.839702 11.982515 18.813591 -0.000008 0.000005 -0.000291 -0.249096 10.873121 -7.595013 -1.402795 -7.607426 33.922840 2.013488 -1.284938 -10.337115 0.000007 0.000003 -0.000290
9.793852 8.930027 9.293485 174.945953 84.618904 156.489014 1.893198 3.437547 34.718002 -0.000002 -0.000002 -12.161667 0.000001 -0.000004 -0.005903 0.000001 -0.000003 5.829911 0.000004 -0.000004 12.605158 0.640425 -4.252364 -5.702643 -0.458116 -7.307086 -7.882043 -15.594201 -7.043058 10.548934 54.495876 39.891994 -55.524395 3.330195 9.354832 -7.557031 2.299464 -5.504832 -1.433927 9.816478 5.088787 20.507401 -34.903126 -29.648376 -69.825089 6.263648 -7.015624 3.014743 -1.981380 -11.284488 10.159912 -23.381741 -1.842040 67.052391 8.699266 10.714195 14.155670 0.000002 -0.000002 -0.000294 -2.461620 14.704011 -6.036290 -0.636920 -8.231264 38.996246 4.054569 -2.983016 -14.732170 0.000006 -0.000002 -0.000291
10.144285 8.855213 9.242907 175.749847 85.482346 157.483871 2.089035 3.228052 34.578259 -0.000004 0.000002 -12.161665 0.000001 -0.000005 -0.005905 0.000002 0.000005 5.829913 0.000000 -0.000009 12.605163 -0.430167 -3.372401 -5.752139 -0.706702 -7.358601 -7.556091 -15.592878 -8.578742 12.189210 55.931671 37.708172 -51.266846 1.088082 8.293087 -8.777911 1.513930 -5.995423 -1.508574 10.474955 4.666714 17.787378 -35.073402 -29.510122 -68.994179 6.731738 -7.964270 2.962870 -2.197657 -11.026304 5.941258 -24.331358 0.525475 71.462303 6.526732 9.900436 9.989480 0.000009 -0.000002 -0.000293 -2.013163 16.973951 -5.286220 0.641384 -8.579662 41.962746 4.376316 -4.317522 -18.338482 0.000009 0.000009 -0.000293
10.483268 8.809455 9.194119 175.765106 86.130058 158.270599 2.095690 2.822776 33.882179 -0.000002 0.000008 -12.161666 0.000003 -0.000003 -0.005905 -0.000003 -0.000008 5.829914 0.000004 0.000004 12.605162 -1.386589 -2.262697 -5.582187 -0.953117 -7.875011 -7.572865 -15.804988 -8.742148 13.950500 56.699188 35.075882 -48.346649 -0.575701 7.056585 -10.220147 0.983993 -6.826319 -2.031399 10.752551 4.679533 15.679659 -34.296352 -29.627989 -69.661003 6.865975 -9.352779 2.702218 -2.333416 -12.533503 1.355350 -24.421211 4.085463 73.639305 4.266552 9.163795 6.188557 0.000001 -0.000002 -0.000293 -2.170967 18.353518 -4.541521 2.107451 -8.673872 43.306885 4.578324 -5.220051 -20.928715 0.000005 0.000008 -0.000294
10.824891 8.795219 9.162826 176.201492 86.313263 158.654510 1.803512 1.629243 33.855671 -0.000002 -0.000004 -12.161664 0.000003 0.000004 -0.005905 0.000000 -0.000002 5.829916 0.000003 0.000002 12.605157 -1.980323 -0.850456 -5.136561 -1.041598 -8.500236 -7.625238 -16.465181 -7.965921 15.769529 56.546715 33.295250 -47.323204 -0.795054 6.155568 -11.097440 1.068561 -7.366066 -2.537968 10.002467 4.233912 14.090954 -32.533112 -29.225269 -72.527573 6.219062 -9.770244 2.076855 -2.068308 -14.714137 -1.884893 -24.564774 7.195951 73.855034 2.393671 8.653106 2.823088 -0.000003 -0.000000 -0.000290 -1.811063 17.208700 -3.292018 1.296546 -8.463790 45.280735 4.693082 -3.543609 -23.085867 0.000001 0.000008 -0.000300
11.176770 8.809052 9.138441 -179.122498 85.152245 162.595123 1.215798 -0.967412 34.190948 -0.000001 0.000003 -12.161667 0.000001 -0.000001 -0.005901 0.000002 -0.000006 5.829913 0.000002 -0.000003 12.605159 -2.482940 0.492531 -4.602868 -0.880690 -9.069194 -7.395420 -18.169323 -7.742286 17.672331 56.531132 33.310356 -46.998096 0.076566 6.196408 -11.359344 1.647566 -7.722663 -2.748246 8.926032 4.153778 12.498752 -30.966097 -28.685760 -75.982193 5.020342 -9.377031 1.217023 -1.650955 -16.624958 -3.883386 -24.692949 8.303085 72.950813 1.337971 8.288259 0.177181 -0.000001 0.000002 -0.000298 -1.161979 14.514864 -0.620439 0.631254 -7.609347 45.704098 4.729587 -2.518112 -24.424904 0.000003 0.000001 -0.000298
11.532996 8.849169 9.119512 -173.987549 83.955711 166.970673 1.119933 -3.497759 34.838554 -0.000002 -0.000003 -12.161667 0.000001 -0.000001 -0.005907 0.000002 -0.000005 5.829916 0.000000 -0.000003 12.605160 -3.196416 1.477920 -4.486956 -0.883298 -9.631643 -7.448699 -20.730413 -8.550838 19.517746 56.944778 34.623226 -46.387985 1.556617 6.777447 -11.322204 2.028983 -8.238782 -3.109092 8.146340 5.559788 10.863603 -30.375717 -29.011877 -78.736595 3.837059 -9.195766 0.425160 -0.992824 -16.784063 -5.664064 -24.478586 7.390085 71.541840 1.006577 8.017194 -1.858739 0.000002 -0.000000 -0.000295 -0.513488 12.630421 2.642969 1.161237 -6.750298 44.994640 4.565335 -2.978533 -25.318920 -0.000002 0.000009 -0.000289
11.882648 8.902120 9.113678 -168.095627 84.084702 173.334198 1.570637 -4.543241 34.453094 -0.000004 0.000006 -12.161666 0.000001 -0.000003 -0.005904 0.000001 -0.000002 5.829914 0.000000 -0.000001 12.605163 -3.595850 2.313263 -4.441299 -0.983669 -10.238717 -7.778752 -22.953960 -9.115803 21.025255 57.145523 35.792702 -45.915150 2.344388 7.182202 -11.133352 2.342858 -8.752737 -3.555476 7.662621 7.814284 9.494383 -30.021193 -29.906124 -81.225212 2.798315 -9.168760 -0.288547 0.374906 -14.411507 -8.449068 -24.061602 4.949589 69.442841 1.054313 7.827741 -3.484823 -0.000002 0.000003 -0.000287 0.384345 12.740086 4.838210 1.714562 -6.514202 43.816013 4.105417 -3.763416 -25.374969 -0.000010 0.000009 -0.000296
12.226484 8.970835 9.105437 -161.870117 84.591469 -179.363785 1.943529 -4.897911 33.342731 -0.000002 0.000009 -12.161661 0.000002 -0.000005 -0.005905 -0.000002 -0.000005 5.829916 0.000004 -0.000009 12.605159 -3.569854 2.952644 -4.125100 -1.055786 -10.977723 -7.934353 -24.163755 -8.819245 21.921013 56.645767 36.260117 -46.245926 2.094453 7.104369 -11.022817 2.678834 -9.224521 -3.812624 7.322654 9.578951 8.398017 -29.478561 -30.275999 -83.801949 2.068303 -9.309004 -0.909225 1.604403 -11.406127 -11.206168 -23.408995 1.865131 66.033264 1.210940 7.569677 -4.651942 0.000001 0.000003 -0.000290 1.407298 13.613119 6.660351 1.885025 -6.653656 42.199013 3.317538 -4.581081 -24.163269 -0.000011 0.000006 -0.000295
12.574371 9.056282 9.090552 -158.135132 84.831764 -174.764114 1.913897 -5.417380 32.175987 -0.000001 -0.000005 -12.161669 0.000001 -0.000003 -0.005905 -0.000000 0.000004 5.829913 0.000004 -0.000005 12.605162 -3.468793 3.517904 -3.514056 -1.123962 -11.562443 -7.770731 -24.709970 -8.214817 22.445614 55.964504 36.284069 -47.020798 1.665935 6.849578 -10.920156 2.879230 -9.455691 -3.815547 7.039663 10.494455 7.550357 -28.632137 -29.931019 -86.228012 1.783180 -9.517778 -1.379829 2.344513 -9.282685 -12.917042 -22.286213 -1.054547 60.851967 1.347045 7.109112 -5.447988 -0.000001 -0.000002 -0.000296 2.365482 13.620084 8.717603 2.009818 -5.878983 40.576599 2.276686 -5.875305 -21.880190 0.000001 -0.000004 -0.000291
12.931356 9.150350 9.074239 -156.974823 84.877838 -172.967453 1.713374 -6.023494 31.081978 -0.000001 -0.000001 -12.161665 0.000002 -0.000003 -0.005902 0.000001 0.000001 5.829913 0.000001 -0.000007 12.605155 -3.500919 3.949110 -2.768553 -1.260478 -11.932388 -7.510823 -24.981075 -7.985826 22.799011 55.550991 36.195602 -47.540207 1.567870 6.602376 -10.723831 2.962784 -9.553030 -3.779557 6.779395 10.962648 7.022318 -27.667927 -29.310207 -88.042580 1.849680 -9.649188 -1.664830 2.751652 -8.135068 -13.469759 -20.315121 -3.477761 53.846554 1.366656 6.414986 -6.021649 0.000001 0.000012 -0.000291 3.080244 13.031400 10.904539 2.275738 -4.610441 38.916092 0.971472 -7.405873 -18.582685 -0.000002 0.000009 -0.000299
13.295562 9.239425 9.063261 -155.274902 85.073631 -170.445312 1.702889 -6.313539 29.794546 -0.000003 -0.000000 -12.161670 0.000000 -0.000004 -0.005903 0.000002 -0.000008 5.829918 0.000002 0.000005 12.605158 -3.770305 4.245707 -2.057168 -1.490356 -12.230017 -7.261242 -25.171877 -8.145198 22.927256 55.466984 36.220116 -47.666428 1.771570 6.448720 -10.406964 2.956680 -9.692458 -3.840223 6.634510 11.174764 6.904787 -26.779600 -28.578789 -89.162033 1.984509 -9.624771 -1.807590 3.112466 -7.392624 -13.257672 -17.231180 -5.226891 45.110786 1.207894 5.581235 -6.489672 0.000004 0.000002 -0.000297 3.593418 12.665645 12.797429 2.693331 -3.511832 37.229389 -0.500757 -8.793572 -14.564473 0.000010 0.000001 -0.000290
13.665291 9.313780 9.056389 -152.495728 85.458733 -166.546860 1.870667 -6.288415 28.234175 -0.000001 0.000001 -12.161666 0.000003 -0.000009 -0.005903 0.000001 -0.000003 5.829915 0.000002 -0.000001 12.605159 -4.254334 4.496396 -1.468531 -1.745748 -12.386005 -6.981581 -25.358515 -8.468170 22.850698 55.466171 36.465553 -47.723980 1.965638 6.439401 -10.152109 2.918805 -9.845283 -3.893014 6.614667 11.230925 7.091478 -26.103428 -27.841162 -89.592155 1.898451 -9.457872 -1.783190 3.582825 -7.464839 -12.401361 -13.193668 -4.922511 34.826977 0.724129 5.263739 -7.287710 0.000007 0.000001 -0.000290 3.791370 12.529687 14.231684 3.401481 -2.499032 35.664467 -2.099546 -10.005817 -10.146109 -0.000002 0.000001 -0.000295
14.039083 9.367522 9.044713 -151.739014 85.635559 -164.658493 2.049344 -6.265772 26.813332 -0.000001 -0.000002 -12.161670 0.000001 -0.000002 -0.005903 0.000002 0.000001 5.829916 0.000001 -0.000005 12.605153 -4.848237 4.593111 -1.291712 -1.999189 -12.516274 -6.733188 -25.412527 -8.753613 22.562513 55.274342 36.873604 -48.048771 2.096013 6.546958 -9.952352 2.845476 -10.021890 -3.962440 6.664253 11.027953 7.414016 -25.727558 -27.181992 -89.418884 1.561110 -9.307094 -1.479930 3.961202 -9.305061 -10.727377 -9.597280 -1.913636 24.028561 0.685653 6.483232 -8.669158 0.000003 0.000001 -0.000288 3.488098 12.014834 15.278621 4.340922 -1.495172 34.559624 -3.501292 -10.806758 -5.602942 0.000004 -0.000004 -0.000295
14.410446 9.390355 9.021754 -156.292679 85.415466 -168.437515 1.987123 -6.417621 25.917871 -0.000001 0.000004 -12.161666 0.000001 -0.000003 -0.005906 0.000001 0.000005 5.829918 0.000004 -0.000008 12.605158 -5.352085 4.503842 -1.523444 -2.253456 -12.646222 -6.465453 -25.236740 -8.993935 22.089722 54.774242 37.405590 -48.749020 2.247019 6.796551 -9.716360 2.732230 -10.226582 -4.035954 6.732583 10.602928 7.732090 -25.496910 -26.650303 -88.783363 1.016054 -9.208827 -1.004354 2.452059 -10.470827 -9.026205 -6.423492 0.014583 15.431836 1.386382 8.983414 -10.573401 -0.000000 0.000003 -0.000289 2.745162 11.154644 16.150846 5.330231 -0.946930 34.327286 -4.469840 -10.947318 -1.418611 0.000001 0.000001 -0.000290
14.773679 9.371081 8.991122 -165.249390 84.724556 -177.327255 1.502314 -6.751525 25.877090 -0.000001 0.000002 -12.161664 0.000001 -0.000012 -0.005904 0.000001 0.000009 5.829912 0.000001 -0.000008 12.605161 -5.761941 4.280920 -2.059262 -2.496994 -12.675817 -6.109863 -24.776487 -9.215689 21.484869 53.953545 37.975399 -49.835941 2.399747 7.212884 -9.438647 2.525145 -10.408852 -3.992985 6.863798 10.087927 7.979002 -25.433821 -26.343292 -87.850395 0.363854 -9.383400 -0.559927 -0.354597 -10.871582 -7.840453 -3.245076 0.543527 10.782001 1.041543 9.519980 -12.390501 -0.000002 -0.000001 -0.000296 1.881053 10.324779 16.832304 6.269702 -1.119632 35.852936 -5.129554 -10.626394 1.982734 -0.000007 0.000005 -0.000295
15.126543 9.311111 8.969309 -172.589478 83.832962 174.620621 0.986107 -6.826690 26.793184 -0.000005 0.000005 -12.161669 0.000000 -0.000004 -0.005903 0.000004 -0.000001 5.829918 0.000003 -0.000004 12.605157 -6.329933 3.887674 -2.997787 -2.758129 -12.664040 -5.824663 -24.079144 -9.279621 20.806881 52.991158 38.392635 -51.133976 2.380482 7.649090 -9.249522 2.152586 -10.454464 -3.706272 7.065039 9.475789 8.080697 -25.631880 -26.342270 -86.724190 -0.278845 -9.861730 -0.404801 -1.366157 -12.384890 -6.700101 -2.419500 2.283829 10.032964 2.847741 8.054057 -12.979115 0.000002 0.000004 -0.000286 1.305457 9.690273 16.976665 7.273924 -1.290436 39.812241 -5.647752 -10.267217 4.850743 0.000009 -0.000002 -0.000288
15.467501 9.211470 8.970113 -175.166016 83.196571 171.211807 1.095621 -6.084421 27.920677 -0.000003 0.000005 -12.161664 0.000000 -0.000004 -0.005903 0.000001 0.000004 5.829916 0.000004 -0.000005 12.605149 -7.040980 3.158622 -4.597980 -2.870547 -12.728348 -5.774000 -23.520144 -9.208466 20.219309 52.333042 38.541950 -52.198563 2.274006 7.879786 -9.235769 1.632023 -10.503463 -3.642443 7.168815 8.555676 8.484608 -25.820351 -26.312218 -85.362053 -0.932229 -10.351259 -0.535006 0.480281 -14.691145 -6.383475 -4.983419 5.929969 13.355694 5.999852 8.194562 -11.303236 0.000002 -0.000003 -0.000297 1.411055 9.579798 16.027325 8.881835 -1.079307 45.775127 -5.767192 -10.541607 7.333249 -0.000008 0.000010 -0.000291
15.792100 9.078575 8.986032 -173.585876 82.741661 171.621368 1.844236 -4.692071 29.523907 -0.000004 0.000003 -12.161667 0.000005 -0.000008 -0.005905 -0.000001 -0.000001 5.829915 0.000002 -0.000000 12.605160 -7.566158 2.154180 -6.505612 -2.795357 -12.748922 -6.006617 -23.198227 -9.174450 19.685574 52.524750 38.220959 -52.379997 2.304226 7.850536 -9.409541 1.288090 -10.716845 -3.850365 6.694082 7.433123 9.086094 -25.379404 -25.788034 -83.858116 -1.702710 -10.649635 -0.608877 2.198089 -15.866963 -6.917361 -6.821260 9.277352 18.576031 7.367355 6.142717 -10.142512 0.000000 -0.000000 -0.000286 2.272054 9.983060 14.599154 11.379234 -1.047548 52.686924 -5.719457 -11.462462 9.607508 -0.000003 0.000006 -0.000286
16.073237 8.937796 9.050619 -165.100525 82.001442 178.169998 3.430347 -3.954665 31.611683 0.000001 -0.000002 -12.161666 0.000001 -0.000001 -0.005905 0.000000 -0.000003 5.829916 -0.000001 -0.000005 12.605162 -8.100753 1.720861 -8.237161 -2.616696 -12.210135 -6.169420 -23.025536 -8.858900 18.738134 53.392822 37.191383 -51.375885 2.216900 7.516421 -9.702788 0.898862 -10.256044 -3.705205 6.019071 7.000576 9.732085 -24.197664 -25.295731 -81.932701 -2.544832 -11.157354 -1.265798 1.770455 -11.574673 -7.212850 -5.424604 5.705000 27.173176 6.366406 4.966653 -9.844749 0.000001 0.000005 -0.000288 3.604004 10.021772 13.307552 15.284466 -1.109716 59.412933 -6.697126 -11.679967 8.778039 0.000002 0.000004 -0.000293
16.375926 8.816969 9.068635 -145.402435 79.412582 -163.418579 7.718944 -4.631607 33.169720 -0.000001 0.000012 -12.161665 0.000001 -0.000006 -0.005907 0.000000 -0.000000 5.829915 0.000004 0.000007 12.605162 -8.655687 1.290536 -10.157802 -2.062073 -11.456559 -6.677288 -23.554216 -8.356442 16.632740 54.382584 35.594666 -49.349319 1.198196 7.158658 -10.047651 0.127533 -9.803916 -3.563468 5.512791 7.844307 10.301936 -22.086088 -25.337797 -79.593483 -1.381449 -12.363619 -4.152859 6.104866 -13.132846 -8.433728 -5.992290 4.957564 34.850513 2.791594 5.103684 -13.381324 -0.000007 0.000006 -0.000287 6.268906 8.577226 10.605689 18.825655 -1.820260 65.321884 -5.144111 -11.145705 4.871838 -0.000002 0.000006 -0.000293
16.678817 8.757609 9.082299 -147.807953 77.741455 -166.887222 8.430326 -4.258544 34.420261 -0.000006 0.000010 -12.161674 0.000001 -0.000008 -0.005902 0.000000 -0.000005 5.829916 0.000001 -0.000002 12.605158 -8.464252 0.496914 -10.985231 -2.006104 -11.327414 -6.310497 -23.965334 -8.437901 13.507876 54.394447 35.483982 -47.445427 -1.251118 7.415230 -10.859607 -0.027445 -9.729439 -3.080139 4.351149 7.704082 11.221398 -19.276941 -24.770800 -78.342094 2.653792 -14.014024 -8.246886 6.805728 -16.413391 -7.369135 -7.769376 5.489741 38.154873 1.587543 6.459610 -16.568216 0.000001 -0.000003 -0.000289 6.939444 7.110560 7.533737 19.135180 -2.662551 70.870827 -1.820345 -10.023641 1.519980 0.000009 0.000003 -0.000290
16.976873 8.726916 9.109381 -151.362122 76.607033 -169.840286 8.386606 -3.043825 34.045273 -0.000001 0.000003 -12.161667 0.000004 -0.000000 -0.005902 -0.000000 -0.000003 5.829916 -0.000001 -0.000002 12.605159 -8.169498 0.306183 -11.010199 -1.707232 -10.898751 -5.885645 -24.410221 -7.931678 10.221156 52.680252 36.512459 -47.828911 -3.949675 9.074658 -12.285439 0.080053 -9.044836 -2.785507 3.367223 6.601018 12.336182 -17.049856 -23.638929 -78.134239 5.615830 -15.336602 -11.094534 6.249034 -17.128353 -6.204178 -9.594982 3.202209 39.436848 1.381393 8.763457 -18.839483 0.000007 0.000005 -0.000294 6.948173 8.782427 3.190780 19.747030 -5.081888 74.024986 0.068303 -9.755648 -0.984952 0.000001 0.000005 -0.000298
17.268529 8.734078 9.105703 -154.421234 74.582878 -172.504547 8.396368 -2.335955 33.689754 -0.000001 -0.000002 -12.161671 0.000001 0.000002 -0.005901 0.000002 -0.000005 5.829916 0.000003 -0.000002 12.605154 -7.645744 0.291162 -10.631070 -1.579420 -10.246545 -5.959896 -24.616547 -6.239522 7.796184 49.513222 37.343430 -51.141190 -4.508926 10.772867 -12.854577 0.232195 -8.261404 -2.594226 3.392094 6.815770 13.624844 -15.858565 -23.956717 -78.590500 4.912400 -15.927257 -12.293436 6.170757 -19.694014 -5.517356 -9.639598 4.664509 41.132442 1.497341 7.734073 -21.158867 -0.000001 0.000003 -0.000284 6.312347 11.153737 -0.797747 20.570789 -8.343358 74.978409 0.448223 -10.380374 -3.253829 0.000000 0.000003 -0.000291
17.558965 8.769423 9.077200 -156.618896 73.165390 -174.873108 8.586974 -0.836999 33.710606 -0.000004 -0.000000 -12.161669 0.000004 -0.000003 -0.005905 -0.000001 0.000005 5.829913 0.000002 0.000007 12.605160 -7.027573 0.117196 -9.990174 -2.083146 -9.790170 -6.096291 -24.708931 -4.508542 5.942695 46.760506 38.081593 -55.184284 -3.984631 12.072124 -12.768354 0.305359 -7.677629 -2.391923 4.477463 8.170097 15.361220 -16.467388 -25.601337 -79.193199 2.903909 -17.019245 -12.793111 5.247719 -18.592718 -3.783970 -9.004882 2.941418 42.337502 1.651285 6.536699 -22.651556 0.000004 0.000004 -0.000290 5.251468 12.942864 -3.946036 20.245872 -10.035680 75.148926 0.675047 -11.311964 -5.551688 -0.000002 0.000007 -0.000291
17.872219 8.831581 9.045487 -156.880554 73.277542 -176.227905 9.234303 2.255754 34.837189 -0.000002 -0.000000 -12.161664 0.000001 -0.000000 -0.005905 0.000001 -0.000009 5.829914 -0.000001 0.000007 12.605159 -6.587151 -0.332403 -9.501898 -2.717998 -9.284068 -6.431022 -25.177351 -4.234600 4.496942 45.700066 39.363884 -57.972015 -3.805171 12.795927 -12.679379 0.315075 -7.165185 -2.350345 6.148493 9.070828 17.225292 -17.341419 -27.182529 -80.103264 2.164371 -17.297251 -12.899532 4.256068 -16.680807 0.068461 -8.889037 0.698898 41.807278 1.786926 6.503265 -23.230679 0.000002 0.000003 -0.000285 4.892458 14.666658 -5.894753 17.899462 -9.958902 75.054825 0.728457 -11.333768 -7.605114 -0.000003 0.000003 -0.000296
18.165777 8.905384 8.996103 -158.592300 72.340401 -178.127304 9.631163 4.339085 34.941654 -0.000002 0.000005 -12.161664 0.000003 -0.000010 -0.005903 0.000000 0.000014 5.829912 0.000003 -0.000010 12.605159 -6.542295 -0.882027 -9.066733 -3.361770 -8.639413 -6.799082 -25.976192 -4.841342 3.351595 45.874187 40.873100 -59.827629 -3.837089 13.127062 -12.473855 0.112859 -6.612786 -2.325189 7.790391 9.264348 18.881456 -17.788395 -28.099581 -81.160660 2.726116 -16.654186 -12.826104 3.442998 -16.325188 3.225918 -9.101428 -1.118933 40.335724 2.243411 7.006727 -22.740158 -0.000002 0.000005 -0.000290 4.020928 14.051317 -8.467269 14.773293 -8.157730 74.043625 0.587425 -10.495590 -9.342329 0.000002 0.000003 -0.000289
18.447196 8.983897 8.941230 -160.388138 70.753357 -178.925659 9.826932 5.758496 33.756969 -0.000001 0.000003 -12.161670 0.000003 0.000002 -0.005902 -0.000003 -0.000002 5.829916 0.000000 -0.000002 12.605154 -6.767799 -1.228280 -8.632441 -3.915508 -7.918905 -7.045900 -26.793995 -5.433515 2.300010 46.265358 42.119415 -61.559601 -3.698372 13.477846 -12.134229 -0.159195 -6.025952 -2.345042 9.120493 9.272002 20.333500 -18.345480 -28.387527 -81.825333 3.361995 -16.160606 -12.659671 3.089138 -16.527248 5.029996 -9.066271 -2.338368 38.674969 2.970064 7.042084 -21.322430 -0.000007 0.000005 -0.000292 2.977171 12.209398 -11.736476 11.794449 -5.245554 71.517479 0.765509 -9.055942 -10.754615 0.000002 0.000002 -0.000295
18.726995 9.077520 8.888957 -161.085281 69.528183 -178.780762 10.179285 7.441012 32.644829 -0.000003 0.000003 -12.161667 0.000004 0.000002 -0.005905 0.000002 -0.000000 5.829916 -0.000001 -0.000002 12.605162 -6.976611 -1.455004 -8.112655 -4.397521 -7.296941 -7.072769 -27.264494 -5.621714 1.263342 46.044395 42.873058 -63.674637 -3.517610 13.779308 -11.663434 -0.351447 -5.584008 -2.322091 10.225405 9.521587 21.574265 -18.992607 -28.441435 -82.038963 3.395627 -15.885929 -11.957555 3.142536 -16.104170 6.919520 -8.878932 -3.621176 36.960464 3.654676 6.808991 -19.184275 0.000002 -0.000000 -0.000298 2.440051 10.686481 -14.212682 9.392270 -1.960145 67.267944 0.752299 -7.063158 -11.598743 0.000003 0.000007 -0.000294
19.008520 9.180506 8.827401 -161.828537 68.352089 -179.092651 10.395967 9.002192 31.822367 -0.000006 0.000012 -12.161664 0.000002 -0.000005 -0.005903 0.000001 -0.000002 5.829916 0.000004 -0.000000 12.605157 -7.103384 -1.632260 -7.473952 -4.796278 -6.786336 -6.973951 -27.294056 -5.490927 0.321837 45.233154 43.252377 -66.010864 -3.275240 13.928459 -11.074899 -0.468643 -5.294856 -2.238542 11.173990 10.100110 22.617783 -19.402832 -28.547052 -81.948402 3.051915 -15.593643 -10.803516 3.189357 -15.374129 9.215368 -8.858653 -5.334790 35.211483 4.230452 6.702978 -16.316395 0.000006 -0.000002 -0.000291 1.823050 10.164518 -15.381774 8.075038 1.131645 61.000080 0.578418 -5.340025 -11.780350 -0.000001 0.000007 -0.000292
19.291234 9.278573 8.754293 -163.135284 66.980820 -179.804977 10.225229 10.303340 30.768353 0.000002 -0.000007 -12.161671 0.000003 0.000002 -0.005904 0.000001 -0.000005 5.829915 -0.000003 -0.000005 12.605162 -7.151405 -1.834959 -6.772295 -5.096630 -6.430737 -6.785355 -26.932623 -5.223573 -0.481397 44.503555 43.439606 -68.061409 -2.896838 14.023805 -10.348504 -0.554806 -5.176946 -2.124308 11.865257 10.744565 23.453777 -19.568123 -28.570381 -81.635841 2.791448 -15.390453 -10.027922 3.288131 -14.858935 11.191887 -9.143340 -7.079072 33.634735 4.808395 6.633486 -12.628646 -0.000004 -0.000003 -0.000294 0.740061 10.586862 -15.619567 7.183667 4.055948 52.952965 0.472910 -4.569297 -11.540530 -0.000005 0.000005 -0.000288
19.574769 9.362588 8.675918 -164.360519 65.468132 179.946350 9.805914 11.291253 29.310896 -0.000002 -0.000000 -12.161671 0.000001 -0.000002 -0.005900 -0.000001 -0.000002 5.829913 0.000000 -0.000009 12.605155 -7.212387 -1.948176 -6.140489 -5.287368 -6.107035 -6.588427 -26.342369 -5.045521 -1.168011 44.288219 43.706123 -69.454834 -2.345660 13.969573 -9.496435 -0.689071 -5.024411 -2.017366 12.132199 11.124642 24.058569 -19.705589 -28.335188 -81.194527 2.785401 -15.266247 -9.829743 3.591411 -14.522758 12.227357 -9.538406 -8.474097 32.772514 5.167442 6.316273 -8.387870 0.000009 -0.000006 -0.000299 -0.428022 11.836309 -15.304442 5.671923 6.738977 43.731869 0.077445 -5.316092 -11.264566 -0.000002 0.000007 -0.000298
19.862712 9.428894 8.597102 -164.534531 64.221298 -179.056107 9.526392 12.187778 27.659332 -0.000003 -0.000000 -12.161664 0.000003 0.000002 -0.005902 0.000000 -0.000002 5.829913 0.000003 -0.000012 12.605158 -7.362149 -1.811256 -5.768664 -5.348424 -5.596673 -6.399084 -25.603453 -5.118027 -1.784010 44.774269 44.102554 -69.962021 -1.705470 13.807042 -8.641859 -0.874113 -4.649766 -1.920907 12.005730 11.206033 24.357811 -19.873043 -27.860104 -80.679688 2.897332 -14.912189 -9.867785 4.351356 -13.662821 12.179182 -9.853890 -9.730160 33.236755 5.251063 5.845150 -2.825229 -0.000002 0.000009 -0.000293 -1.474203 14.820017 -14.288279 3.031923 7.362418 33.837116 -1.025063 -6.801291 -11.637693 0.000007 -0.000005 -0.000292
20.153501 9.472061 8.514019 -163.369644 63.196468 -177.021332 9.768712 12.755762 26.211849 -0.000003 0.000005 -12.161666 0.000000 -0.000009 -0.005903 0.000004 0.000002 5.829913 0.000001 -0.000002 12.605158 -7.755661 -1.330126 -5.682507 -5.379377 -4.749893 -6.190835 -24.818466 -5.199071 -2.258141 45.714912 44.428890 -69.856850 -1.056202 13.468431 -7.918633 -1.196713 -4.044198 -1.811573 11.687105 11.166503 24.368937 -20.142252 -27.254700 -80.111809 2.894315 -14.485618 -9.771589 5.358401 -12.102111 11.517585 -10.549429 -11.961822 35.302250 5.666887 6.468309 3.195076 -0.000003 0.000005 -0.000293 -1.659954 18.843906 -12.843272 0.141640 5.615305 24.943899 -3.028378 -8.035429 -12.692783 -0.000001 0.000007 -0.000298
20.440616 9.483704 8.416869 -161.660797 61.702999 -175.390427 10.561282 12.452877 25.524303 -0.000005 0.000005 -12.161669 0.000001 -0.000005 -0.005902 0.000003 -0.000002 5.829915 0.000000 -0.000005 12.605158 -8.338711 -0.712904 -5.727046 -5.410800 -3.964139 -5.858732 -24.068920 -5.000562 -2.682248 46.821457 44.542759 -69.417770 -0.328019 12.826436 -7.347026 -1.564910 -3.499435 -1.674563 11.099055 11.384352 24.175436 -20.230738 -26.825235 -79.523628 2.753767 -14.173921 -9.538692 5.967315 -11.431689 10.777852 -11.887530 -14.208570 39.289593 6.501023 8.529487 9.348181 0.000005 -0.000000 -0.000293 -0.648676 20.395060 -11.571698 -1.583048 4.393187 19.174215 -4.221575 -8.495729 -13.609110 0.000007 -0.000000 -0.000294
20.726762 9.456752 8.307208 -160.033554 59.998215 -174.787842 11.595182 11.554894 25.773575 -0.000002 0.000007 -12.161670 0.000003 -0.000002 -0.005904 -0.000001 -0.000003 5.829916 0.000003 -0.000003 12.605159 -8.964728 0.035411 -5.946980 -5.392350 -3.399373 -5.649540 -23.418058 -4.484188 -3.042935 47.962845 44.473671 -68.676559 0.464045 11.999629 -6.892427 -1.792507 -3.077950 -1.552621 10.172533 11.954370 23.761610 -20.057497 -26.639788 -78.984619 2.522499 -14.047383 -9.400114 6.010087 -12.088655 9.871928 -13.825556 -14.935877 45.016125 7.985477 11.375019 16.686161 0.000000 0.000002 -0.000297 -1.426492 20.639242 -10.331004 -0.334041 2.487652 15.767929 -0.509725 -7.378241 -13.233397 0.000004 0.000003 -0.000298
21.012678 9.382156 8.190850 -158.714462 58.676426 -175.157181 12.496991 10.468160 26.825256 -0.000004 0.000005 -12.161664 0.000003 -0.000007 -0.005903 0.000002 -0.000000 5.829912 0.000001 -0.000000 12.605162 -9.691684 1.131233 -6.405838 -5.372092 -3.011124 -5.458285 -22.707876 -3.872457 -3.617028 48.886848 44.602200 -67.534431 0.921753 11.267083 -6.735138 -1.853728 -2.625204 -1.527011 9.080793 12.623116 23.434202 -19.705631 -26.468018 -78.954636 2.037556 -14.294704 -9.349433 5.543983 -12.978420 8.752228 -16.076691 -14.274023 51.639000 9.681222 13.940478 23.184298 -0.000001 0.000005 -0.000294 -2.771729 21.006096 -8.954502 1.442165 -1.241783 15.906696 8.289529 -4.117465 -10.190634 0.000007 -0.000003 -0.000301
21.295761 9.273327 8.081498 -157.905289 57.974087 -176.848251 13.033062 9.326118 28.884012 -0.000004 -0.000005 -12.161666 0.000003 0.000002 -0.005904 0.000000 0.000005 5.829916 0.000002 -0.000010 12.605157 -10.635956 2.715899 -7.002450 -5.230373 -2.638748 -5.442460 -21.869820 -3.241534 -4.199400 48.760937 45.451511 -66.211494 0.676977 10.797606 -7.027096 -1.815435 -2.103814 -1.286584 7.687115 13.780111 23.115166 -18.551483 -26.182138 -79.869141 0.525944 -15.164338 -9.218419 4.589305 -13.187477 8.046208 -18.302198 -13.166261 58.808865 11.348085 16.003469 27.267138 -0.000005 0.000001 -0.000294 -0.830377 18.320143 -7.942478 0.230691 -3.531421 20.691175 11.209028 -0.193080 -7.240222 0.000000 -0.000000 -0.000289
21.524669 9.140337 7.967616 -159.023697 56.218033 179.292877 12.139528 6.705933 31.116222 -0.000001 -0.000002 -12.161663 0.000002 -0.000005 -0.005903 0.000001 -0.000002 5.829912 0.000003 -0.000003 12.605160 -11.740218 4.964346 -7.573153 -4.712363 -2.507849 -5.718700 -21.772161 -1.363597 -4.603117 47.417454 46.300766 -65.795341 0.650056 11.235790 -7.461792 -1.624585 -1.046979 -0.771483 6.190691 14.591496 23.011580 -16.789518 -25.460922 -81.822556 -1.138783 -16.812286 -9.250808 2.703711 -14.165219 7.431940 -21.326113 -11.612869 66.059441 13.685913 15.440948 25.590794 0.000000 -0.000000 -0.000292 0.771120 13.336481 -7.536059 -1.876133 -5.012445 27.481445 11.343300 4.492240 -5.447204 -0.000004 0.000003 -0.000286
21.759012 8.990335 7.847684 -163.124420 54.985931 173.927658 9.626117 6.204392 32.818340 -0.000003 0.000005 -12.161661 0.000003 -0.000005 -0.005907 -0.000002 0.000003 5.829918 0.000002 -0.000003 12.605157 -12.505168 6.327585 -8.544740 -3.681250 -3.714504 -5.556062 -22.260069 1.051249 -5.174585 45.320110 46.179012 -65.169998 1.031148 12.961629 -8.147865 -1.210726 -0.924183 -0.802841 4.798528 14.265175 22.913956 -15.030053 -23.987902 -83.195930 -0.575244 -17.981573 -10.156943 0.314253 -14.337141 5.912366 -23.610220 -8.859000 70.911972 14.262026 13.286505 20.610233 -0.000003 0.000001 -0.000292 -0.443119 11.138376 -8.663573 -2.260384 -3.788659 35.545967 11.173603 5.136291 -7.992165 0.000000 0.000005 -0.000288
21.981994 8.917090 7.728571 -165.885895 54.951427 169.434814 8.271022 5.586352 36.002205 0.000001 -0.000002 -12.161666 0.000002 -0.000009 -0.005903 0.000001 0.000002 5.829916 0.000003 -0.000000 12.605153 -14.504908 8.250596 -10.711689 -4.270247 -1.785115 -6.203956 -22.412300 1.321894 -4.567447 43.240414 45.917980 -63.876846 -0.163759 13.793665 -8.606296 -1.918656 0.122426 -1.714423 4.620558 15.027655 21.642006 -13.709959 -23.691515 -83.154106 1.281618 -18.187357 -10.845385 -1.734876 -12.405882 3.543123 -23.569708 -5.853252 75.345490 13.124240 11.084868 16.073969 -0.000004 0.000006 -0.000293 -1.434953 13.559384 -7.432572 -1.016363 -3.479972 40.490673 12.051639 3.107415 -11.441406 -0.000003 0.000007 -0.000293
22.169755 8.860179 7.587351 -167.685562 53.330647 168.836807 7.381107 5.201398 35.397797 -0.000004 -0.000000 -12.161665 0.000004 0.000002 -0.005901 -0.000001 0.000005 5.829912 0.000004 -0.000010 12.605160 -16.200882 8.824555 -11.795970 -4.815097 -1.579722 -6.179971 -22.715763 2.771062 -3.524328 42.402069 44.702484 -62.184025 -1.688393 13.618855 -9.729548 -2.480239 -0.085663 -2.157363 4.499563 15.629736 20.586763 -12.886839 -23.675337 -84.154358 1.418720 -19.135155 -10.136997 -2.506035 -12.757236 -2.049573 -23.477362 -2.695174 78.056358 11.154035 10.656575 12.290326 0.000003 0.000002 -0.000288 -3.369983 16.725891 -6.947595 0.652687 -6.786357 41.808395 11.796223 1.615274 -14.088726 -0.000001 0.000009 -0.000288
22.386169 8.855246 7.460059 -168.491806 52.475063 168.302017 7.085307 5.671949 35.505714 -0.000005 0.000002 -12.161666 0.000002 -0.000002 -0.005907 0.000002 -0.000000 5.829917 0.000003 -0.000007 12.605158 -17.478968 9.439248 -12.060210 -4.955595 -1.811919 -6.309551 -23.288708 4.580211 -2.146208 42.676060 42.904716 -60.329655 -1.943120 13.104692 -10.711193 -2.573977 -0.122491 -2.489277 3.965427 14.214499 19.756510 -12.122658 -22.514996 -86.831093 0.120117 -19.650320 -9.126617 -2.203655 -13.703401 -5.915250 -23.579462 0.917521 77.757332 8.648465 10.902801 8.140409 -0.000005 0.000005 -0.000297 -4.268729 18.211426 -6.000751 1.956112 -8.374715 42.617596 11.459048 0.772747 -15.765762 -0.000003 0.000010 -0.000289
22.593740 8.875207 7.347328 -169.124741 50.279114 167.784576 6.710427 5.161979 35.200222 -0.000003 0.000002 -12.161664 0.000001 -0.000007 -0.005905 0.000001 0.000003 5.829918 0.000003 -0.000000 12.605158 -18.249496 9.965039 -11.542431 -4.972602 -2.083486 -6.398838 -24.095716 4.966435 0.052480 43.165943 42.533718 -58.781464 -2.187238 12.624144 -11.195381 -2.351431 -0.145300 -2.580345 4.262568 13.640724 19.022690 -12.468267 -23.142729 -89.123528 -1.087109 -19.671873 -8.102277 -1.329329 -15.586282 -8.454050 -24.355270 3.584189 75.231209 7.168515 10.925969 3.764829 0.000000 -0.000000 -0.000294 -4.664776 16.290615 -5.681363 1.154196 -9.247181 44.610279 11.106256 1.895611 -16.746777 -0.000006 0.000005 -0.000293
22.807187 8.913124 7.243841 -169.351852 47.166759 167.543594 6.768090 4.100433 34.824753 -0.000003 -0.000000 -12.161663 0.000000 -0.000003 -0.005904 0.000000 0.000007 5.829916 0.000005 -0.000002 12.605158 -18.985979 10.099918 -10.959127 -5.176769 -2.646263 -6.433622 -25.101557 4.158525 2.792169 44.343636 42.964436 -57.074543 -2.031250 12.215546 -11.311614 -2.041231 -0.314202 -2.686309 4.738940 14.013783 18.213379 -13.663054 -25.253946 -90.680351 -1.875560 -19.591612 -7.053802 -0.249284 -16.691900 -10.193234 -25.182306 4.206876 71.700066 6.651409 10.301723 -0.110732 -0.000002 -0.000001 -0.000296 -4.425970 12.452686 -5.044312 0.444569 -8.412788 46.060982 10.626484 1.905046 -17.425022 0.000006 -0.000002 -0.000294
23.020120 8.969397 7.141944 -169.587051 44.137245 167.371536 6.922135 3.316062 34.549667 -0.000003 -0.000000 -12.161669 0.000000 0.000010 -0.005906 0.000001 0.000003 5.829916 0.000004 -0.000000 12.605159 -19.761145 10.103710 -10.683899 -5.471721 -3.125390 -6.472000 -26.256458 2.758929 5.905530 45.939034 43.431568 -55.497322 -1.402522 11.508648 -11.069323 -1.706945 -0.513644 -3.026032 5.044074 13.922294 17.542950 -15.077022 -27.060688 -92.207695 -2.458371 -19.264956 -6.211516 0.464713 -16.537178 -11.234655 -25.374859 3.243364 67.119263 6.243763 9.112084 -2.746972 -0.000002 0.000006 -0.000300 -4.317204 10.014909 -4.085103 1.067458 -7.463534 46.485569 10.219994 -0.005450 -17.864916 -0.000002 0.000010 -0.000291
23.225669 9.030875 7.035330 -170.164856 40.947449 167.657944 6.617102 2.736280 33.677441 -0.000001 -0.000002 -12.161667 0.000003 -0.000002 -0.005904 0.000002 0.000005 5.829915 0.000000 -0.000003 12.605161 -20.252155 10.144654 -10.594297 -5.552635 -3.551902 -6.481319 -27.414463 1.333233 9.096840 47.636463 43.486420 -53.980400 -1.136487 10.730702 -10.812624 -1.221385 -0.720501 -3.430063 5.137826 13.109298 17.076395 -16.478186 -28.279097 -93.935318 -2.847059 -18.551985 -5.588881 0.862543 -15.606127 -12.243526 -24.943264 1.199211 61.602913 5.632932 7.948706 -4.711852 0.000003 -0.000005 -0.000294 -4.650837 9.098198 -3.584436 1.557259 -8.164780 46.581951 9.792781 -1.812100 -17.910782 0.000000 0.000007 -0.000296
23.427190 9.096907 6.923012 -170.680023 37.553997 168.240982 6.325046 2.328301 32.468979 -0.000003 -0.000002 -12.161668 0.000003 0.000003 -0.005903 -0.000001 0.000005 5.829915 0.000005 -0.000007 12.605157 -20.465080 10.066067 -10.406491 -5.513447 -4.214526 -6.305947 -28.386780 0.085094 12.005961 49.006374 43.045254 -52.465023 -1.061810 9.883734 -10.639601 -0.741450 -1.144842 -3.565210 5.250417 12.313413 16.503462 -18.235895 -29.574593 -95.174934 -3.091167 -17.562000 -5.248040 0.711963 -14.686541 -12.536805 -23.056152 -0.764447 54.902641 5.004823 7.245190 -6.788877 -0.000002 0.000002 -0.000298 -4.901698 8.847733 -3.224464 1.502723 -9.950063 46.494305 9.429995 -3.166258 -17.334854 0.000003 0.000009 -0.000284
23.630216 9.163848 6.804761 -171.003845 34.106812 168.842072 6.217534 1.925318 31.298574 -0.000001 -0.000000 -12.161667 0.000002 -0.000000 -0.005905 0.000000 -0.000002 5.829917 0.000003 -0.000000 12.605153 -20.589111 9.966249 -10.167760 -5.545078 -4.846760 -6.051589 -28.978867 -0.831688 14.541965 49.488514 42.111595 -51.307682 -0.964914 9.011932 -10.607775 -0.434515 -1.610856 -3.493796 5.489967 11.765885 15.891141 -20.473677 -31.055290 -95.643799 -3.343693 -16.500948 -5.187964 0.723450 -14.545591 -11.744249 -19.689217 -0.554036 46.496456 4.446566 6.444444 -9.260622 -0.000003 -0.000005 -0.000294 -4.875954 8.710577 -2.993943 1.476459 -11.663161 46.727837 9.087100 -4.730838 -16.549414 0.000004 -0.000002 -0.000298
23.836370 9.223488 6.683193 -171.100372 30.934179 169.466904 6.313290 1.753127 30.294874 -0.000004 0.000003 -12.161670 0.000002 -0.000009 -0.005904 -0.000001 0.000003 5.829916 0.000004 -0.000003 12.605156 -20.584599 9.875542 -9.988758 -5.591239 -5.301253 -5.740391 -29.231035 -1.593325 16.605272 49.300896 40.996674 -50.562874 -1.175057 8.335125 -10.462994 -0.207807 -1.985503 -3.485734 5.785881 11.439360 15.457529 -22.820580 -32.554764 -95.473167 -3.699932 -15.352679 -5.229990 0.637803 -13.910159 -9.851240 -15.434338 1.538928 37.148952 3.757222 5.409957 -11.846642 0.000004 -0.000000 -0.000299 -4.485767 8.413141 -3.002782 1.684800 -12.714740 47.342262 8.715162 -6.644191 -15.694684 0.000003 0.000007 -0.000292
24.043140 9.267126 6.558624 -171.094269 28.201017 169.906326 6.482405 1.990220 29.640181 -0.000002 -0.000000 -12.161665 -0.000000 -0.000000 -0.005906 0.000003 0.000002 5.829913 -0.000000 -0.000005 12.605162 -20.448503 9.783253 -10.005978 -5.579894 -5.636034 -5.359568 -29.388729 -2.271611 18.017063 48.996960 40.032673 -49.661373 -1.706190 7.748558 -10.509347 0.072039 -2.249749 -3.474552 5.945508 11.208556 15.085499 -24.797848 -33.808311 -95.004128 -4.061006 -14.333301 -5.222565 -0.712226 -9.652481 -7.227825 -11.293802 1.811933 28.442329 3.859937 5.109412 -14.093489 0.000001 -0.000002 -0.000305 -3.926526 8.349905 -3.170115 1.984415 -13.525111 48.556206 8.278631 -8.451057 -14.947563 -0.000003 0.000005 -0.000286
24.243965 9.283121 6.432220 -171.119705 25.348614 170.023941 6.545847 2.130144 29.435770 0.000001 -0.000002 -12.161667 0.000001 -0.000005 -0.005901 -0.000001 -0.000003 5.829914 0.000002 -0.000000 12.605159 -20.378153 9.655018 -10.396433 -5.511981 -5.899651 -5.040609 -29.462746 -2.607391 18.599455 48.923824 39.060478 -48.845222 -2.232343 7.114870 -10.316112 0.372117 -2.471259 -3.438977 6.063647 10.910049 14.716444 -26.137640 -34.622070 -94.670105 -4.407841 -13.679883 -5.131127 -2.644363 -4.683163 -4.939087 -7.944805 1.394941 21.390127 5.264762 5.525482 -16.310532 0.000000 -0.000000 -0.000292 -3.350940 8.187198 -3.534060 2.194005 -14.304541 50.656292 7.829999 -9.986471 -14.231410 -0.000001 0.000007 -0.000292
24.441663 9.264069 6.310211 -171.077560 22.153503 169.798950 6.614464 1.879792 29.645254 -0.000003 0.000005 -12.161670 0.000001 -0.000002 -0.005901 -0.000000 0.000002 5.829911 0.000005 -0.000002 12.605162 -20.629711 9.590062 -11.175311 -5.412785 -5.990142 -4.800231 -29.367607 -2.462221 18.454081 49.101894 37.958126 -47.874111 -2.639412 6.579896 -10.179928 0.572927 -2.716101 -3.331927 6.292342 10.772676 14.508452 -26.828835 -35.162708 -94.548004 -4.986610 -13.492041 -5.039569 -4.186563 -0.709753 -3.121927 -5.413031 -1.027570 16.758055 7.131631 6.715627 -17.913044 0.000000 -0.000000 -0.000292 -2.729869 7.594187 -4.188439 2.434449 -14.856625 53.829559 7.253513 -11.237871 -13.266544 -0.000003 0.000003 -0.000298
24.648572 9.206976 6.204316 -170.768478 19.165194 169.432632 7.105734 1.850700 30.206516 0.000001 0.000003 -12.161669 -0.000001 -0.000002 -0.005905 0.000001 0.000005 5.829914 0.000001 -0.000002 12.605161 -21.172451 9.463573 -12.241107 -5.285682 -6.041593 -4.704606 -29.311962 -1.990451 17.911488 49.349430 37.084896 -47.174915 -2.775884 6.257356 -10.023646 0.668769 -3.036915 -3.285120 6.459296 10.577414 14.610101 -27.005020 -35.393280 -94.535431 -5.826554 -13.634748 -4.898731 -3.843474 0.853428 -2.463253 -5.469693 -4.644306 15.797125 13.589402 10.948326 -17.011406 0.000000 -0.000002 -0.000301 -1.840175 7.744415 -5.421258 2.737018 -15.776979 58.096886 6.595454 -12.239429 -11.694494 0.000002 0.000003 -0.000294
24.863512 9.113301 6.113978 -170.133163 16.497374 169.052414 8.165150 2.143745 31.152250 -0.000003 0.000005 -12.161662 -0.000000 -0.000009 -0.005905 0.000003 0.000006 5.829913 -0.000001 -0.000008 12.605158 -21.832783 9.118464 -13.628499 -5.175347 -5.915518 -4.732502 -29.388597 -1.618350 17.084860 49.514999 36.680897 -46.855171 -2.703395 6.113669 -9.849282 0.691174 -3.315751 -3.389915 6.414155 10.176693 14.859201 -26.908585 -35.269939 -94.332245 -6.672941 -13.857928 -4.567075 -2.273909 -3.927317 -2.374417 -6.467820 -2.603972 18.470144 16.672699 12.659193 -15.866193 -0.000000 -0.000002 -0.000299 -0.767692 8.679075 -7.249823 3.344219 -16.944317 62.953300 5.980752 -13.094599 -9.375664 0.000007 -0.000002 -0.000294
25.079683 8.996344 6.038465 -169.240051 14.361861 168.489929 9.699546 2.930840 32.655182 -0.000003 -0.000001 -12.161665 0.000005 -0.000003 -0.005906 -0.000000 0.000004 5.829913 0.000001 -0.000007 12.605162 -22.375448 8.572337 -15.020124 -5.063748 -5.659875 -5.146210 -29.470510 -0.991275 16.059010 49.644211 36.366058 -46.787041 -2.602195 5.944921 -9.721754 0.565409 -3.512025 -3.751864 6.252987 9.705125 15.264742 -26.685299 -34.842262 -93.596992 -7.352810 -13.954474 -4.146569 -0.318742 -10.075097 -2.972805 -7.138320 2.647128 22.021152 18.024387 10.986143 -14.935942 -0.000001 -0.000000 -0.000298 0.465422 9.661078 -9.407502 4.481788 -17.538517 67.944138 5.253897 -13.706195 -6.596652 0.000000 0.000010 -0.000295
25.279588 8.868616 5.964263 -168.612000 12.187241 167.811508 10.735742 3.250313 33.697063 -0.000002 0.000004 -12.161669 -0.000000 -0.000006 -0.005905 0.000001 -0.000000 5.829912 0.000003 -0.000002 12.605161 -22.995947 8.692262 -16.064882 -4.664483 -4.664042 -5.341933 -29.849894 -0.151725 14.657679 50.466072 35.580730 -46.043877 -2.519123 5.464241 -9.674425 0.167410 -2.962590 -3.637923 5.820654 9.048467 15.790684 -26.274551 -33.751945 -91.959419 -8.009169 -14.050964 -3.984593 0.416554 -17.010386 -3.783263 -7.170893 5.803277 26.439789 16.591579 13.117447 -13.028407 0.000003 -0.000000 -0.000290 1.009427 10.225185 -11.647582 6.731811 -17.723032 72.028305 5.622643 -14.447324 -3.765416 0.000003 -0.000000 -0.000294
25.445978 8.776574 5.867065 -168.074493 9.487273 167.053909 12.142817 3.072490 34.713867 -0.000003 0.000003 -12.161661 0.000004 -0.000005 -0.005907 0.000001 -0.000000 5.829917 0.000003 -0.000004 12.605158 -23.953659 8.417243 -17.014544 -4.176175 -4.141756 -5.127132 -30.714333 0.327656 11.960806 52.271976 34.022648 -43.550095 -2.661607 4.575545 -9.753823 -0.938487 -2.793891 -3.252802 5.505570 9.121843 16.160000 -25.998137 -32.206726 -88.859337 -8.275651 -13.965797 -3.515290 0.346245 -22.903353 -4.912978 -7.561671 5.484145 32.536419 13.693761 17.049786 -15.285747 -0.000000 -0.000002 -0.000294 0.829347 10.222865 -13.271744 9.107573 -18.126160 74.855019 5.829685 -13.791647 -1.578638 0.000005 -0.000000 -0.000294
25.584604 8.723537 5.757011 -167.832581 6.970363 166.162735 13.054272 2.838332 36.250126 -0.000001 0.000003 -12.161670 0.000002 -0.000003 -0.005900 -0.000000 0.000000 5.829911 0.000000 -0.000002 12.605162 -24.628361 8.308756 -18.121923 -4.263760 -3.460258 -5.578357 -30.663794 0.464462 8.800663 53.844959 32.470287 -40.575542 -3.644943 3.694713 -9.546804 -1.237853 -2.211926 -3.349643 5.032797 10.453735 16.854177 -25.989408 -31.629189 -84.875801 -6.912001 -13.622485 -2.526076 -0.097733 -25.323252 -4.965744 -8.821523 3.288720 36.547337 12.134610 19.959892 -17.179220 -0.000001 0.000007 -0.000290 0.610892 10.717592 -14.865727 10.347275 -18.684559 77.635391 5.537303 -10.178014 -2.501001 0.000004 -0.000001 -0.000295
25.721607 8.698362 5.640031 -168.277847 4.998548 165.156342 13.068304 3.739815 37.291676 0.000000 0.000004 -12.161667 -0.000001 -0.000004 -0.005902 0.000004 -0.000001 5.829916 0.000002 -0.000003 12.605157 -24.950977 8.464034 -18.137764 -3.966972 -2.815830 -5.262873 -30.030348 1.254276 5.745500 53.903599 31.543228 -40.165260 -5.325981 3.346643 -9.609499 -1.096539 -1.718775 -2.867000 4.565296 10.675900 17.756548 -25.992001 -30.592152 -81.920517 -4.610939 -13.911757 -2.198832 -0.944789 -25.950743 -3.508480 -9.251262 2.629154 38.144123 11.560408 19.868382 -18.881014 0.000003 0.000003 -0.000304 0.504916 11.348277 -15.806928 11.348881 -18.115814 79.053253 6.101251 -7.477293 -3.965238 0.000004 0.000002 -0.000295
25.855588 8.699394 5.515300 -168.082855 2.789871 164.700516 13.394300 4.708432 37.804867 -0.000001 0.000003 -12.161668 0.000001 -0.000005 -0.005901 0.000002 0.000002 5.829913 0.000002 -0.000003 12.605164 -25.201073 8.639635 -18.042217 -3.550517 -2.039657 -5.242955 -29.041033 2.719983 3.723298 52.819805 31.356920 -42.720554 -5.536880 3.466468 -9.908638 -1.050744 -0.998131 -2.428182 4.936729 9.876566 18.905758 -25.568777 -29.654770 -81.253105 -4.260660 -14.527438 -2.282471 -1.107845 -25.303238 -1.904850 -8.820107 1.610062 38.927696 11.123175 18.069584 -20.343117 -0.000003 -0.000000 -0.000298 1.065021 11.483303 -16.827080 12.635529 -16.885403 79.065155 5.903191 -7.735158 -5.116367 -0.000001 0.000004 -0.000295
25.967405 8.724897 5.388612 -167.575516 0.134064 164.859589 14.157402 5.601700 37.729038 -0.000001 0.000004 -12.161664 0.000004 -0.000003 -0.005904 -0.000001 0.000002 5.829918 0.000000 -0.000003 12.605154 -25.088583 8.570155 -18.058136 -3.811667 -1.302938 -5.645254 -27.597523 3.341727 2.452672 51.839462 31.932247 -46.094135 -4.277884 3.925352 -9.678608 -1.170784 -0.454300 -2.347740 6.448857 10.128284 20.336203 -25.464788 -30.486544 -81.329956 -5.881457 -14.902699 -1.901926 -0.595624 -23.585794 -0.947719 -8.687279 -1.086484 39.277596 10.901061 16.262653 -21.200241 0.000000 0.000003 -0.000290 1.750641 11.056299 -18.379734 12.786101 -15.313128 78.418533 4.879415 -9.184229 -6.538215 0.000001 0.000001 -0.000292
26.057159 8.772585 5.257743 -167.303085 -2.561391 165.229950 14.488148 6.695320 37.292488 -0.000002 0.000004 -12.161664 0.000003 -0.000006 -0.005909 0.000000 0.000001 5.829914 0.000002 -0.000003 12.605163 -24.570089 8.580514 -18.148693 -4.105488 -0.654274 -6.042610 -26.079180 2.426086 1.161221 52.147289 33.445683 -48.176178 -3.154489 4.194807 -9.395131 -1.092419 0.133164 -2.403389 8.331763 10.673862 21.740034 -26.235216 -31.874628 -81.164772 -7.318424 -15.147608 -1.558478 -0.174264 -21.750015 0.183177 -8.951801 -4.519792 38.584759 10.958689 15.059538 -21.214823 -0.000002 0.000007 -0.000289 2.452224 10.324188 -19.900703 11.276481 -12.938844 77.270790 4.175792 -10.229693 -8.166086 0.000004 0.000004 -0.000295
26.130126 8.838209 5.121988 -167.490051 -5.113825 165.823761 14.210433 8.030349 36.760521 -0.000005 0.000003 -12.161667 0.000004 -0.000003 -0.005900 0.000000 0.000002 5.829914 0.000001 -0.000002 12.605153 -24.153610 8.611302 -18.298697 -4.251785 0.100156 -6.656333 -24.895542 0.794721 0.157080 53.631218 35.395832 -49.385796 -2.018606 4.202441 -9.092155 -0.888190 0.761440 -2.717445 9.994989 10.932628 23.175499 -27.498554 -32.912571 -80.842590 -8.246908 -14.950919 -1.458664 -0.014122 -20.861481 1.543763 -9.179052 -6.900085 36.894424 11.307239 14.006155 -20.597382 -0.000002 -0.000000 -0.000291 2.828668 10.081094 -21.107941 8.227190 -10.534502 75.507469 3.676861 -9.207747 -10.429783 0.000002 0.000004 -0.000294
26.179248 8.922296 4.978639 -168.028519 -7.950252 166.370590 13.674300 9.196459 36.246006 -0.000001 0.000002 -12.161671 0.000002 -0.000002 -0.005905 0.000002 0.000003 5.829917 -0.000001 -0.000007 12.605153 -23.814575 8.545840 -18.169369 -4.440324 0.601981 -7.229666 -24.084000 -0.119575 -0.494269 55.100166 37.048615 -51.093307 -0.665351 4.438237 -8.684295 -0.767487 1.101210 -2.999202 11.113680 10.802523 24.530022 -28.512201 -33.258293 -80.799049 -9.197598 -14.748848 -1.228570 -0.273366 -21.471136 3.495960 -9.144460 -7.552317 34.050613 12.001129 12.812864 -19.210144 0.000001 0.000002 -0.000296 2.700867 10.124291 -21.635166 5.509592 -8.115381 72.365196 3.152932 -6.513327 -12.652303 -0.000001 0.000005 -0.000299
26.209930 9.022452 4.831651 -168.537506 -10.776211 166.866333 13.157534 10.203309 35.773369 -0.000003 -0.000005 -12.161669 0.000002 -0.000000 -0.005907 0.000003 -0.000003 5.829916 -0.000000 -0.000000 12.605159 -23.478827 8.552618 -17.909586 -4.590089 1.012850 -7.662674 -23.525873 -0.143262 -0.986425 55.273170 38.543858 -53.947624 0.756230 4.960745 -7.975550 -0.680879 1.343114 -3.165504 11.798324 10.694180 25.590658 -28.583868 -33.210487 -81.241592 -10.293848 -14.946898 -0.717147 -0.401011 -21.873129 5.760143 -8.983359 -7.890716 30.587141 13.307116 10.911492 -16.609400 -0.000003 0.000003 -0.000299 2.575745 10.420722 -21.552843 4.354333 -4.969493 67.772400 3.145874 -3.488583 -14.161130 0.000000 0.000004 -0.000294
26.220762 9.126074 4.685125 -168.949066 -14.021173 167.525391 12.490111 10.688513 34.937653 -0.000002 -0.000000 -12.161667 0.000000 0.000003 -0.005900 0.000000 -0.000002 5.829913 0.000002 -0.000002 12.605156 -23.101269 8.573704 -17.589020 -4.665518 1.352800 -7.824106 -23.096954 0.104838 -1.511793 54.264557 40.000168 -57.346161 2.166552 5.629903 -6.792630 -0.587533 1.524214 -3.159445 12.360038 10.934296 26.313377 -27.757111 -33.186592 -81.982948 -11.426883 -15.598764 0.243788 -0.479144 -21.908976 7.641627 -8.639214 -8.960780 27.519699 14.273523 8.870004 -13.290716 0.000003 0.000003 -0.000285 2.457205 10.612370 -21.171049 4.619579 -0.751447 62.238617 3.338170 -1.551527 -15.572757 -0.000003 0.000005 -0.000292
26.220666 9.227303 4.536964 -169.287781 -17.124063 168.336807 11.821217 11.108633 33.898907 -0.000002 -0.000002 -12.161670 -0.000001 0.000002 -0.005906 0.000001 -0.000003 5.829916 0.000003 -0.000005 12.605157 -22.754099 8.591625 -17.340555 -4.710205 1.619987 -7.747732 -22.702909 0.110033 -2.078373 53.149437 41.337738 -60.086540 3.486361 6.245223 -5.380730 -0.532551 1.652139 -3.049851 12.806692 11.448287 26.793428 -26.336311 -33.176304 -82.799538 -12.654181 -16.431736 1.463804 -0.236678 -21.499332 8.963628 -8.645076 -10.177478 24.999683 15.092505 7.100521 -9.485114 0.000005 -0.000000 -0.000295 2.235145 11.675729 -20.391188 5.377556 4.048952 56.113335 3.224838 -1.107130 -16.685057 0.000002 -0.000002 -0.000295
26.202682 9.315728 4.387808 -169.579727 -20.583914 169.385849 11.077403 11.056746 32.377277 -0.000008 0.000009 -12.161664 0.000003 -0.000005 -0.005902 0.000000 -0.000003 5.829914 0.000003 -0.000002 12.605162 -22.414650 8.576297 -17.003838 -4.742154 1.656541 -7.472462 -22.243155 -0.156017 -2.551861 52.731411 42.403759 -61.417171 4.623119 6.779991 -4.219011 -0.504140 1.571689 -2.769288 12.902119 11.920847 27.084663 -24.907877 -32.898773 -83.344292 -13.788403 -17.013254 2.531469 0.182501 -21.212309 9.655307 -8.719757 -10.617107 23.190336 15.595933 5.137694 -5.768764 0.000001 -0.000003 -0.000292 1.475979 13.542674 -19.327267 5.331312 8.130780 49.746349 3.099477 -1.148047 -17.399628 -0.000003 0.000010 -0.000298
26.175619 9.385438 4.232930 -169.606827 -23.683561 170.515350 10.620010 11.145044 30.641043 -0.000005 0.000003 -12.161670 0.000002 -0.000009 -0.005900 0.000002 0.000003 5.829915 0.000000 -0.000002 12.605163 -22.123623 8.549345 -16.581415 -4.749071 1.534106 -7.201043 -21.692238 -0.342056 -2.821221 52.902645 43.006374 -61.607658 5.448783 7.082152 -3.518620 -0.491929 1.339391 -2.456923 12.661572 12.102234 27.230150 -24.123543 -32.307739 -83.293404 -14.646170 -17.035732 3.197774 0.924023 -20.010809 9.581810 -8.769109 -10.558571 22.648129 15.635210 3.329062 -2.517957 0.000000 -0.000000 -0.000297 0.298684 17.129002 -18.176029 3.686666 9.564955 43.336212 2.540236 -0.895869 -17.423120 0.000001 -0.000000 -0.000294
26.135244 9.430307 4.073567 -169.431641 -26.675682 171.452835 10.390943 11.188531 28.966574 -0.000002 0.000009 -12.161667 0.000000 -0.000005 -0.005904 0.000000 0.000002 5.829917 0.000002 -0.000005 12.605163 -21.900412 8.452827 -16.028921 -4.688887 1.270166 -7.010642 -21.167521 -0.389614 -2.849292 53.350327 43.128822 -61.101540 6.000429 7.017587 -3.193991 -0.505186 0.913793 -2.122848 12.350841 12.176756 27.218559 -24.008419 -31.734575 -82.725769 -15.193785 -16.863811 3.475176 1.656960 -18.145807 9.023932 -8.771014 -10.545424 23.520624 15.362685 2.216094 0.399469 -0.000003 0.000002 -0.000301 -1.131781 21.701468 -17.294033 1.451931 8.081800 37.891392 1.543990 -1.169153 -17.146521 -0.000002 0.000009 -0.000296
26.077280 9.447563 3.909633 -169.196701 -29.870798 171.651016 10.282666 10.791830 27.977242 -0.000003 0.000002 -12.161663 0.000004 -0.000007 -0.005903 -0.000002 0.000002 5.829915 0.000000 -0.000002 12.605159 -21.685389 8.334588 -15.428317 -4.542451 0.921820 -6.937462 -20.699835 -0.458246 -2.536591 53.952950 42.956066 -60.129925 6.376565 6.847919 -3.013783 -0.464676 0.451712 -1.828526 12.027726 12.233479 27.051359 -24.006687 -31.425447 -82.052200 -15.510060 -16.737892 3.621045 1.937902 -16.050154 8.802018 -8.790618 -11.182940 25.704603 14.943832 2.421241 3.040280 0.000000 0.000000 -0.000292 -2.711737 25.723951 -16.390203 0.501458 5.696970 34.084805 1.972495 -1.520442 -16.745239 -0.000004 0.000009 -0.000296
26.007501 9.430142 3.741685 -168.772598 -33.122856 171.025360 10.431974 10.092447 27.692829 -0.000003 0.000005 -12.161661 0.000003 -0.000003 -0.005906 -0.000001 0.000003 5.829918 0.000002 -0.000007 12.605160 -21.251421 8.182559 -14.839642 -4.336319 0.561177 -6.851146 -20.331591 -0.687379 -1.819366 54.361176 42.729710 -59.146835 6.618822 6.694315 -3.027516 -0.384898 0.030101 -1.564498 11.648741 12.206559 26.691713 -23.797758 -31.357201 -81.507759 -15.604643 -16.677698 3.788220 2.017391 -14.099394 8.729213 -8.943899 -12.178265 29.266047 13.836412 4.042697 5.484384 -0.000002 0.000000 -0.000299 -4.165354 27.822906 -15.206490 1.311137 4.355872 31.984171 4.523698 0.394592 -16.172703 -0.000001 0.000009 -0.000301
25.936887 9.373148 3.570672 -168.110321 -36.170338 169.965927 10.750468 9.443268 27.878422 -0.000003 -0.000002 -12.161663 0.000002 -0.000002 -0.005900 0.000000 0.000003 5.829915 0.000000 -0.000002 12.605157 -20.483114 7.876213 -14.557081 -4.032830 0.242546 -6.772775 -20.029388 -1.071687 -0.735587 54.301811 42.480160 -58.420830 6.585724 6.610064 -3.266247 -0.247484 -0.387519 -1.424920 11.124535 12.071357 26.055101 -23.555536 -31.383665 -81.014519 -15.375447 -16.613354 3.813466 2.080097 -12.643940 8.267711 -9.246563 -12.841602 34.047718 12.739363 6.262110 7.775010 0.000000 0.000003 -0.000292 -4.404516 27.175533 -13.549835 2.695194 5.080182 31.576080 6.996263 -0.036391 -17.788448 -0.000001 0.000002 -0.000292
25.872573 9.280683 3.394903 -166.979263 -38.980846 168.357452 11.172602 8.672389 28.396132 -0.000003 -0.000000 -12.161669 0.000001 -0.000002 -0.005903 0.000002 0.000002 5.829913 0.000002 -0.000000 12.605156 -19.391993 7.653854 -14.597009 -3.567308 0.043819 -6.613354 -19.722725 -1.330458 0.590124 53.604904 42.051411 -58.056412 6.352192 6.505304 -3.659127 0.069075 -0.461953 -1.239544 10.299402 11.625719 25.015059 -23.509819 -31.294859 -80.482414 -14.859251 -16.425880 3.575483 2.217897 -11.972766 7.492651 -9.682492 -13.031537 39.671616 11.652761 9.000701 10.226735 0.000002 -0.000001 -0.000295 -2.790975 24.932030 -11.803883 2.777516 5.541745 32.764828 9.393885 -0.414724 -21.920031 0.000001 0.000002 -0.000297
25.804166 9.168198 3.222397 -165.956070 -42.077492 166.132553 11.123425 7.310564 29.552828 0.000001 -0.000003 -12.161664 0.000002 -0.000002 -0.005906 0.000000 0.000007 5.829915 0.000003 -0.000005 12.605156 -18.057703 7.570315 -14.676589 -2.982204 -0.124415 -6.436239 -19.317204 -1.302959 2.078351 52.358486 41.154060 -57.801712 6.124605 6.165938 -4.092828 0.473378 -0.304551 -1.167016 9.424104 10.901533 23.732141 -23.692690 -31.036383 -79.892250 -14.198833 -16.183821 3.142525 1.813661 -12.569877 6.870132 -10.655313 -12.705371 45.911461 10.913850 12.284104 13.191870 0.000003 -0.000002 -0.000290 -1.401096 23.686106 -9.607697 0.520804 1.568172 33.586128 11.071609 2.813016 -24.111048 0.000001 0.000007 -0.000290
25.736188 9.040014 3.038762 -165.858276 -45.947155 163.363098 10.157454 5.439718 31.773535 0.000001 0.000005 -12.161665 -0.000001 -0.000007 -0.005906 0.000005 0.000007 5.829916 -0.000002 -0.000003 12.605156 -16.575579 7.131237 -14.657132 -2.139051 -0.787452 -6.202378 -18.879152 -1.398080 3.587936 51.312958 39.565800 -56.529232 6.010778 5.566827 -4.491883 0.930488 -0.396808 -0.758171 8.603431 9.968004 21.707256 -23.811447 -30.650536 -79.365921 -13.745425 -16.187841 2.932495 0.494417 -14.753637 6.948103 -12.828413 -11.357092 52.166103 11.023069 16.173611 16.853935 0.000007 -0.000001 -0.000294 -0.629106 21.262981 -6.758807 -1.392097 -1.796793 35.512623 11.332185 5.715320 -25.090321 -0.000002 0.000002 -0.000296
25.651197 8.934655 2.889765 -168.068542 -49.441105 163.023422 7.866027 4.398583 33.396786 -0.000003 0.000002 -12.161663 0.000002 -0.000003 -0.005906 -0.000001 0.000005 5.829917 0.000007 -0.000009 12.605153 -15.428875 6.506733 -14.867537 -1.357150 -1.226903 -5.345235 -18.733368 -3.217060 4.861634 51.856308 37.461956 -52.792458 5.784794 4.612305 -4.630644 0.698247 -0.634415 0.147990 8.285938 8.949690 18.777718 -23.535049 -30.111620 -79.103065 -13.679553 -16.579691 3.393461 -1.678365 -16.183792 5.915932 -14.940439 -8.772989 57.968098 12.581195 18.428646 19.606894 -0.000002 0.000002 -0.000290 -1.300548 19.869629 -6.159838 -1.593177 -1.903466 39.749748 11.244180 4.735075 -27.474504 -0.000008 0.000003 -0.000298
25.563260 8.851521 2.750439 -170.206970 -52.757011 163.830948 5.667617 3.224441 34.426708 -0.000003 0.000002 -12.161667 0.000001 -0.000000 -0.005903 0.000000 0.000003 5.829916 0.000002 -0.000000 12.605159 -14.539863 6.026393 -15.588442 -1.155184 -1.139153 -4.911888 -18.446507 -6.128285 6.625195 53.571117 34.735401 -47.817677 4.801936 3.269162 -4.342941 0.695071 -0.466960 0.546974 7.736123 7.540043 15.341903 -22.736786 -29.576242 -79.392403 -13.756849 -17.276049 3.961714 -3.277477 -16.430273 3.418761 -16.207928 -6.761858 63.822655 13.301639 16.587433 18.438795 -0.000002 0.000003 -0.000294 -2.645711 20.798634 -5.091219 -0.514380 -3.116435 41.728798 11.403246 2.164840 -29.815098 0.000004 0.000005 -0.000291
25.473665 8.791197 2.612310 -170.698120 -55.442539 164.303406 4.545493 2.403408 34.433247 0.000000 -0.000000 -12.161668 0.000002 -0.000009 -0.005904 0.000002 0.000002 5.829916 -0.000001 0.000002 12.605157 -13.473350 5.687914 -15.813807 -0.909194 -1.384792 -4.215892 -18.065580 -7.717727 8.309212 54.271385 31.365089 -44.963139 3.134145 2.388126 -4.056212 0.611026 -0.645152 0.638932 7.522085 6.085207 12.027717 -21.947443 -29.130737 -80.365829 -13.872443 -18.283447 4.401151 -3.326624 -16.245192 -0.124779 -17.668224 -5.299882 68.908501 12.704589 13.712639 13.628157 0.000002 0.000004 -0.000289 -3.157147 22.578621 -3.989161 0.060827 -5.854774 41.991882 11.631220 0.627616 -31.368753 0.000003 -0.000003 -0.000293
25.374536 8.760983 2.469209 -170.320175 -57.442978 163.848679 4.036222 1.893130 34.521973 0.000000 0.000002 -12.161674 0.000004 -0.000003 -0.005898 0.000000 0.000005 5.829912 0.000003 -0.000009 12.605161 -12.358940 5.546650 -15.538194 -0.512051 -1.967741 -3.385389 -18.039370 -7.894955 9.883573 53.410858 29.094994 -45.076134 2.271749 2.429389 -4.518188 0.598200 -0.933385 0.426269 7.642933 4.656689 9.187926 -21.362926 -28.944098 -82.225838 -14.189969 -18.595924 4.637375 -2.759096 -16.588985 -3.242670 -19.136583 -3.147390 71.937134 11.090737 10.603497 9.439632 0.000003 -0.000000 -0.000289 -3.053702 22.779800 -2.866009 -0.008292 -8.096417 41.939304 11.547991 0.801078 -31.997391 0.000004 0.000005 -0.000291
25.264568 8.760325 2.324637 -169.900803 -59.499104 162.891586 3.702863 0.919646 35.000038 0.000000 0.000002 -12.161664 0.000000 0.000003 -0.005906 0.000001 -0.000000 5.829916 0.000002 -0.000007 12.605154 -11.717628 5.456764 -15.224164 -0.410015 -2.633049 -2.826541 -18.653557 -8.188897 11.795152 51.933334 29.091536 -46.684212 2.998986 2.927060 -4.457787 0.782922 -1.380059 -0.075916 7.505659 3.943796 6.755706 -21.519974 -29.300596 -84.124176 -14.494773 -18.424646 4.711679 -1.859504 -17.225636 -5.620562 -20.628319 -1.138116 73.140015 8.642881 7.832234 5.578527 0.000000 -0.000000 -0.000295 -2.598157 20.361042 -1.569509 -0.289297 -8.047625 41.969570 11.308012 1.184666 -32.095104 -0.000001 0.000007 -0.000291
25.139787 8.784251 2.185747 -169.070969 -61.764214 161.638611 3.646778 -0.697455 35.409916 -0.000001 0.000003 -12.161670 0.000002 -0.000002 -0.005906 0.000001 -0.000000 5.829918 0.000003 -0.000010 12.605159 -11.660100 5.410131 -15.095517 -0.642058 -3.416458 -2.674335 -19.966707 -9.401385 13.747902 51.453400 30.560856 -47.359974 4.058608 3.405307 -4.201719 1.033375 -1.992423 -0.755716 7.084372 4.138457 4.642853 -22.213892 -30.180908 -85.826324 -14.598874 -18.159336 4.595536 -0.745670 -17.579641 -7.741588 -21.809885 -0.022507 72.983849 5.773920 5.970847 1.337696 -0.000003 0.000002 -0.000294 -2.086559 17.409782 0.138018 -0.027953 -7.203656 41.244781 10.940662 0.782356 -32.054287 -0.000002 -0.000005 -0.000295
25.002033 8.831470 2.051399 -168.208130 -63.346889 160.725784 3.645539 -2.088084 35.532204 0.000002 -0.000002 -12.161670 0.000001 -0.000000 -0.005901 0.000001 -0.000000 5.829911 -0.000001 -0.000009 12.605157 -11.813165 5.638115 -15.152719 -0.970601 -4.120786 -2.826986 -21.546503 -10.527858 15.489759 52.175117 31.961946 -47.082211 4.958131 3.471607 -3.977729 1.416165 -2.528081 -1.576398 6.567047 4.710326 3.076789 -23.059462 -31.133875 -87.659454 -14.480884 -17.794180 4.361401 0.390285 -17.032024 -9.890122 -22.797258 0.372099 71.412956 3.395097 4.951440 -2.331281 -0.000002 0.000003 -0.000295 -1.619130 16.034925 2.091521 0.577879 -7.106452 39.520847 10.439752 0.010162 -31.699114 -0.000004 0.000009 -0.000284
24.854467 8.894700 1.926958 -167.415237 -64.502174 160.490295 3.669605 -3.195415 35.034443 -0.000003 0.000002 -12.161666 0.000002 -0.000002 -0.005908 0.000001 0.000003 5.829919 -0.000003 -0.000007 12.605160 -11.876837 5.914536 -15.266639 -1.234878 -4.808306 -2.970982 -22.972483 -10.806906 16.922047 52.952545 32.823765 -47.139496 5.714028 3.388615 -3.768080 1.912362 -3.089654 -2.393031 6.065763 4.838820 2.137362 -23.683336 -31.600628 -89.961594 -14.180601 -17.182911 3.869394 1.438830 -15.609004 -12.302035 -23.234303 -0.207225 68.864380 2.154214 3.928681 -4.870249 0.000001 0.000003 -0.000288 -1.219799 15.425704 3.839548 1.033768 -7.531343 37.063248 9.854023 -0.566015 -30.818609 0.000004 0.000005 -0.000291
24.699954 8.972138 1.807496 -166.757706 -65.324600 160.622971 3.811436 -4.080275 34.207825 0.000001 0.000002 -12.161667 -0.000001 -0.000000 -0.005903 0.000003 -0.000002 5.829918 0.000003 -0.000002 12.605156 -11.954644 6.140195 -15.407008 -1.455472 -5.367541 -3.013685 -24.161091 -10.431642 18.119555 52.974258 33.487640 -48.095753 6.270074 3.442967 -3.544356 2.354525 -3.548937 -3.034228 5.711217 4.454179 1.560055 -24.403517 -31.729607 -92.217361 -13.904188 -16.308167 3.165192 2.017587 -13.327695 -14.495888 -23.115616 -1.935634 65.635529 2.616997 2.992148 -6.585651 0.000003 -0.000002 -0.000292 -0.793805 15.071048 5.582428 1.470204 -7.805774 34.134918 9.060659 -1.179397 -29.369541 0.000002 0.000007 -0.000286
24.539564 9.059351 1.688517 -165.782516 -66.024788 160.474487 4.164834 -5.019233 33.248577 -0.000005 -0.000003 -12.161668 0.000002 0.000003 -0.005904 0.000003 -0.000000 5.829912 0.000000 -0.000002 12.605162 -12.116041 6.381513 -15.584357 -1.668644 -5.707556 -2.947612 -25.107912 -9.957132 19.127085 52.350479 34.133526 -49.467915 6.598657 3.556873 -3.277001 2.687917 -3.763771 -3.476337 5.575418 4.281319 1.142246 -25.446531 -32.207897 -93.741394 -13.787357 -15.424608 2.358729 2.251652 -10.944539 -16.190815 -22.576208 -4.478576 61.602242 4.057873 2.710968 -8.134397 -0.000002 -0.000000 -0.000292 -0.095316 14.770411 7.429775 1.926745 -7.951723 31.047773 7.918859 -2.192206 -27.043024 0.000002 0.000002 -0.000291
24.374425 9.152841 1.563015 -164.748001 -66.359390 160.045059 4.579057 -5.738099 32.481152 -0.000003 0.000007 -12.161669 0.000000 -0.000010 -0.005904 -0.000001 0.000003 5.829915 0.000004 -0.000002 12.605155 -12.345353 6.732944 -15.822515 -1.848753 -5.775090 -2.839194 -25.914791 -9.851537 19.926916 51.845963 34.704403 -50.353550 6.710734 3.610318 -3.018412 2.967478 -3.691467 -3.776860 5.608772 4.614194 0.885007 -26.547411 -33.180130 -94.471977 -13.749719 -14.784795 1.651920 2.465549 -8.929413 -16.975544 -20.882404 -6.795686 56.226566 4.691063 2.967806 -9.609390 -0.000002 0.000002 -0.000296 0.902695 14.597904 9.189926 2.202230 -8.038500 28.568504 6.418375 -3.237721 -23.819242 -0.000001 -0.000002 -0.000292
24.204709 9.241515 1.434887 -164.044830 -66.736252 160.020477 4.797085 -6.368984 31.706821 -0.000003 -0.000002 -12.161668 0.000000 -0.000003 -0.005903 0.000002 -0.000002 5.829915 0.000004 -0.000005 12.605159 -12.563628 7.072312 -16.231678 -1.991971 -5.766827 -2.743583 -26.515039 -10.150617 20.405287 51.963593 35.032410 -50.356293 6.721938 3.518426 -2.808001 3.175277 -3.505887 -4.022997 5.844556 5.112603 0.885627 -27.364262 -34.252064 -94.841393 -13.682942 -14.439932 1.293318 2.952545 -8.168016 -16.999641 -17.776823 -7.298628 49.017509 4.597191 3.610182 -11.027204 0.000003 -0.000002 -0.000294 1.744915 13.956859 10.220057 2.328676 -7.620765 27.193865 4.750663 -4.278355 -20.139488 -0.000002 0.000003 -0.000297
24.028711 9.321233 1.301912 -163.964615 -67.093094 160.543915 4.769518 -6.697268 31.119823 -0.000002 0.000003 -12.161667 0.000003 -0.000005 -0.005903 0.000001 0.000005 5.829916 0.000003 -0.000012 12.605161 -12.697062 7.278624 -16.815577 -2.077859 -5.750535 -2.745949 -26.689672 -10.607197 20.546513 52.431061 34.926754 -49.758945 6.639973 3.167057 -2.772668 3.283814 -3.404380 -4.239661 6.251755 5.295468 1.206566 -27.586020 -34.897373 -95.320564 -13.620526 -14.331665 1.270543 3.760445 -8.865492 -16.164587 -14.200626 -4.955433 40.389954 5.270331 4.885461 -12.611858 0.000001 0.000003 -0.000295 2.260885 13.323771 10.787043 2.633961 -6.929116 26.744663 3.053727 -5.359519 -16.347164 0.000001 0.000005 -0.000291
23.845828 9.383744 1.168087 -164.280945 -67.538673 161.299683 4.602616 -6.767275 30.769938 -0.000001 0.000007 -12.161666 0.000002 -0.000005 -0.005904 0.000001 -0.000005 5.829916 0.000003 -0.000000 12.605156 -12.671774 7.252945 -17.458334 -2.088007 -5.810656 -2.830589 -26.359331 -10.955302 20.339552 52.735790 34.384766 -49.080673 6.476165 2.710593 -2.900086 3.272073 -3.535165 -4.396749 6.808814 5.077662 1.776593 -27.350477 -34.934025 -95.824699 -13.525935 -14.394829 1.286677 3.930846 -9.642328 -14.831182 -11.077896 -1.589898 32.320057 6.992858 6.992320 -14.325231 0.000002 0.000007 -0.000283 2.497855 12.730680 10.945738 3.051525 -6.156863 27.406126 1.536666 -6.264172 -12.768728 -0.000002 0.000002 -0.000294
23.659728 9.418871 1.033396 -164.700455 -68.125137 161.837967 4.395679 -6.683136 30.679243 -0.000001 0.000002 -12.161670 0.000000 -0.000002 -0.005905 0.000002 0.000002 5.829911 0.000000 -0.000007 12.605160 -12.440766 7.033696 -17.914162 -2.048124 -5.765543 -2.817989 -25.562317 -11.182434 19.871658 52.530102 33.613369 -48.814548 6.192162 2.405213 -2.982970 3.117084 -3.940390 -4.415472 7.347885 4.769468 2.505448 -27.147915 -34.602901 -95.748032 -13.235365 -14.477079 1.280844 2.895603 -9.273516 -13.713391 -8.645768 0.040254 26.648727 9.147691 9.642493 -15.522517 0.000003 -0.000000 -0.000286 2.811637 12.032901 10.500261 3.404469 -5.344148 29.862349 0.347574 -6.926577 -9.463754 -0.000003 0.000002 -0.000286
23.472707 9.418962 0.894473 -165.407578 -68.774879 162.043884 4.182215 -6.244087 31.109406 -0.000001 0.000005 -12.161666 0.000001 -0.000002 -0.005905 -0.000001 -0.000005 5.829912 0.000002 -0.000000 12.605160 -12.068945 6.479851 -18.001556 -2.081771 -5.899310 -2.684526 -24.377724 -11.162725 19.104811 51.956844 32.812801 -48.967499 5.733975 2.213793 -2.973719 2.891966 -4.490156 -4.199378 7.607443 4.422420 3.150019 -27.275839 -34.142857 -94.717392 -12.702875 -14.320758 1.223913 2.173378 -9.740146 -12.612494 -7.517122 0.555552 23.639734 10.560372 11.843129 -16.924713 0.000005 0.000007 -0.000295 2.709319 10.755296 9.549915 4.200693 -3.815404 34.376770 -0.729903 -7.416957 -6.443640 0.000004 -0.000002 -0.000296
23.286228 9.373404 0.749113 -166.525467 -69.596954 162.219391 3.873593 -5.646924 31.796583 -0.000003 -0.000000 -12.161666 0.000006 -0.000002 -0.005904 -0.000000 0.000002 5.829909 0.000003 -0.000007 12.605165 -11.617746 5.739520 -17.678490 -2.197534 -5.998367 -2.451353 -23.119602 -11.087498 18.170059 51.623070 32.141296 -49.122486 5.173730 2.055730 -3.031727 2.622453 -4.768219 -3.979952 7.344698 3.738044 3.835787 -27.577852 -33.421764 -92.654572 -11.958200 -13.864460 1.081262 2.516956 -11.777083 -11.423027 -7.578530 1.280115 22.603163 10.312060 11.545917 -17.139074 -0.000009 0.000003 -0.000300 2.326473 9.528508 8.050243 5.587228 -2.319853 40.557476 -1.814784 -7.897789 -3.362520 0.000007 -0.000000 -0.000289
23.102476 9.284838 0.591956 -167.980957 -70.371254 162.399109 3.528662 -4.685244 32.641605 -0.000004 0.000005 -12.161672 0.000003 -0.000005 -0.005903 0.000000 0.000003 5.829913 0.000003 -0.000009 12.605155 -10.742484 4.909059 -16.890116 -2.424779 -6.094650 -2.200091 -21.904310 -10.903709 17.174442 51.798317 31.697741 -49.183559 4.894821 1.884934 -3.303000 2.295499 -4.973212 -3.844289 6.683071 2.613628 4.598471 -27.561951 -31.885420 -90.208061 -11.267331 -12.994064 1.229006 3.385398 -13.769194 -10.118747 -8.711686 2.676505 23.547157 10.010257 10.816070 -12.947165 -0.000001 0.000005 -0.000293 2.123383 9.236437 6.310807 7.439058 -1.863564 47.503162 -2.977049 -8.342256 -0.000445 0.000002 0.000003 -0.000292
22.940591 9.216289 0.424401 -169.207031 -70.351501 161.547394 3.399876 -2.997382 34.293926 -0.000005 0.000007 -12.161666 0.000003 -0.000009 -0.005906 -0.000001 -0.000003 5.829915 0.000001 -0.000000 12.605162 -9.572833 4.217144 -15.710137 -2.789869 -5.998657 -1.847378 -20.715668 -10.617935 15.942379 52.430092 31.645031 -49.306355 5.012914 1.850109 -3.541642 2.072462 -4.821066 -3.703117 5.888420 2.035606 5.417092 -27.702187 -30.392424 -87.523048 -10.995042 -12.079697 2.139721 2.785534 -13.924715 -8.200106 -8.990746 4.195999 26.860390 8.507967 9.541287 -16.789612 0.000003 -0.000002 -0.000296 2.744004 11.141911 5.318756 9.573821 -2.977547 54.104168 -3.214087 -9.073557 3.964801 -0.000005 0.000006 -0.000297
22.760898 9.073812 0.252285 -167.902908 -70.421577 158.325363 3.759720 -2.470876 36.055420 -0.000003 0.000007 -12.161665 0.000003 -0.000009 -0.005903 0.000002 0.000002 5.829916 0.000001 -0.000007 12.605162 -9.072567 4.423393 -15.113880 -3.084177 -5.264733 -1.986722 -20.005022 -9.697915 14.660791 53.175556 32.101330 -49.634880 5.138580 2.165041 -3.765068 1.236238 -3.445030 -3.390303 5.687335 3.112986 6.328244 -28.495892 -30.032366 -84.198494 -10.716611 -12.381680 3.056208 4.133934 -13.116055 -7.223508 -8.778680 5.906075 32.310741 5.551301 6.591102 -19.428816 -0.000004 0.000003 -0.000292 3.868133 12.980292 4.479886 12.637535 -4.091299 59.551231 -2.397746 -10.538462 7.447978 0.000000 0.000004 -0.000293
22.565221 8.960374 0.093003 -159.949844 -70.410912 149.575912 6.338144 -2.418576 36.721466 -0.000002 -0.000000 -12.161666 0.000001 -0.000003 -0.005900 0.000002 0.000007 5.829915 0.000003 -0.000009 12.605154 -8.559737 4.303520 -14.860975 -2.660419 -5.135891 -1.726876 -20.227993 -8.672641 12.666541 53.694859 33.009270 -49.963005 4.902645 2.754180 -3.832068 0.354489 -2.828458 -2.140278 5.885716 6.025189 7.454364 -28.876450 -30.894890 -81.499680 -8.960436 -13.619287 3.274059 6.871241 -14.325049 -6.834937 -8.267839 7.054808 37.045631 4.588120 5.287158 -23.296003 0.000003 0.000002 -0.000289 6.233885 13.696486 2.726884 15.750292 -5.245753 64.226219 -2.431509 -10.416936 6.361961 0.000002 0.000002 -0.000293
22.356815 8.909731 -0.050960 -157.698395 -70.744240 146.430649 7.270560 -1.578117 37.379623 -0.000005 0.000010 -12.161664 0.000001 -0.000005 -0.005903 0.000002 0.000003 5.829916 0.000001 -0.000003 12.605152 -7.855427 3.777344 -14.729020 -2.508794 -5.069738 -1.987234 -20.318686 -7.908529 10.507697 53.644779 34.145390 -50.655853 4.485131 3.449404 -3.746008 0.183714 -2.555500 -1.289580 5.561524 8.184198 9.614036 -28.514215 -31.657066 -80.723114 -6.330608 -14.566875 2.963699 7.410746 -15.569350 -4.774420 -9.674677 5.440615 38.074299 3.858477 7.477259 -25.331535 0.000002 0.000002 -0.000296 7.218151 13.720183 0.198453 17.344402 -5.743710 68.992958 -1.517197 -10.254813 2.506865 0.000006 0.000001 -0.000290
22.153833 8.885629 -0.191264 -158.620087 -71.211067 147.743164 7.373797 0.182315 37.004120 -0.000003 0.000009 -12.161668 0.000003 -0.000007 -0.005903 0.000001 -0.000000 5.829916 0.000002 -0.000006 12.605159 -7.034007 3.044258 -14.668077 -2.388861 -5.123785 -2.499940 -20.133541 -7.437062 8.271471 53.330669 35.300339 -51.859871 4.350005 4.412071 -3.659024 0.303604 -2.423869 -0.988671 5.189001 8.992805 11.876200 -28.358463 -31.507656 -80.760590 -5.350185 -14.381225 2.475510 7.119320 -16.588787 -3.602387 -10.477260 5.086591 38.337242 3.581653 8.703907 -26.793556 0.000003 -0.000000 -0.000291 6.764812 14.821477 -3.605306 17.958151 -6.740020 72.158798 -0.047266 -10.564898 0.566386 0.000005 -0.000003 -0.000291
21.942159 8.897405 -0.307143 -157.780731 -72.336365 146.915283 7.439855 1.134393 36.978527 -0.000002 -0.000000 -12.161669 0.000003 -0.000003 -0.005903 0.000001 0.000001 5.829912 0.000002 -0.000002 12.605156 -6.068640 2.388994 -14.301517 -2.335642 -4.953548 -3.116285 -19.760796 -6.882203 6.720786 52.689274 36.372669 -53.984760 4.390922 4.920216 -3.573674 0.566503 -1.904607 -0.938985 5.347899 9.421724 13.904353 -29.007332 -31.596582 -80.490906 -5.983170 -13.835025 2.227232 6.614754 -17.107279 -2.220755 -9.938334 4.736674 38.627060 3.241012 8.060887 -27.761038 0.000001 -0.000003 -0.000295 6.019530 15.563456 -6.810044 17.808495 -7.984407 73.593346 0.718822 -11.130125 -0.469327 0.000006 -0.000003 -0.000294
21.720582 8.940297 -0.406428 -157.407959 -73.147064 146.276932 7.371268 2.230022 37.140972 -0.000003 0.000004 -12.161670 0.000002 0.000003 -0.005904 0.000001 -0.000005 5.829914 0.000002 -0.000002 12.605153 -5.190786 1.970441 -13.873547 -2.510813 -4.210186 -3.664573 -19.376932 -6.430212 5.849074 52.194370 37.311707 -56.621273 4.366007 4.954060 -3.624017 0.823832 -1.090063 -1.058187 6.375346 9.791943 15.995656 -30.078194 -32.318783 -80.167664 -6.706290 -13.448798 1.906216 5.818208 -16.137827 0.360090 -9.355497 2.904934 37.520454 3.159559 7.737926 -27.669622 -0.000000 -0.000009 -0.000296 5.114688 15.688485 -9.503325 17.028595 -8.113130 73.924393 0.048305 -11.791022 -1.492463 0.000000 0.000010 -0.000297
21.481180 9.002381 -0.531977 -158.278961 -73.251556 146.810608 7.479860 4.368647 37.534668 -0.000003 0.000011 -12.161669 0.000001 -0.000006 -0.005902 -0.000001 0.000004 5.829913 0.000002 -0.000006 12.605152 -4.325045 1.267752 -13.670058 -2.737691 -3.675309 -4.201012 -19.068565 -6.469634 5.342837 52.279732 38.351429 -58.866001 4.464815 4.891838 -3.772352 1.035250 -0.570901 -1.345883 7.730769 9.612038 17.927311 -30.798719 -32.967194 -80.192619 -7.404285 -13.062489 1.621602 5.078207 -15.032289 3.424389 -8.856966 1.395947 35.362659 3.177608 8.119324 -26.188086 0.000004 -0.000003 -0.000295 4.646920 15.603584 -11.805000 15.120738 -7.151114 73.540810 -0.900257 -12.130598 -3.263522 -0.000002 0.000002 -0.000283
21.255092 9.085258 -0.613985 -158.371399 -74.088234 147.454529 7.359070 5.700020 37.114059 -0.000002 0.000001 -12.161670 0.000001 -0.000001 -0.005902 0.000002 0.000003 5.829914 0.000000 -0.000005 12.605161 -3.752445 0.600917 -13.748257 -3.087329 -3.065062 -4.759720 -18.800756 -6.979347 5.101003 52.501804 39.612087 -60.776779 4.752419 4.828429 -3.887158 1.014443 -0.048361 -1.636759 9.104856 9.192369 19.421125 -31.346764 -33.413265 -80.172287 -8.078753 -12.864220 1.517455 4.366514 -15.164948 5.338961 -8.424259 0.595296 33.099091 3.634423 8.405546 -23.350649 0.000006 -0.000003 -0.000298 3.858998 14.263013 -14.612058 12.575974 -5.367486 72.020874 -1.090238 -11.725726 -4.914402 0.000003 0.000005 -0.000296
21.030509 9.183055 -0.688123 -157.733658 -74.962067 147.943741 7.380277 6.847534 36.153812 -0.000002 0.000010 -12.161664 0.000001 -0.000008 -0.005903 0.000002 0.000006 5.829914 0.000000 -0.000004 12.605160 -3.401384 -0.103006 -13.975140 -3.482424 -2.634896 -5.225812 -18.572489 -7.544580 4.956227 52.611408 40.871346 -62.496887 5.071928 4.915920 -4.024700 0.865946 0.243998 -1.806994 10.367222 8.823116 20.552303 -31.629271 -33.684807 -80.109566 -8.467161 -12.868378 1.566340 3.884270 -15.323103 6.894481 -7.816294 0.043536 30.553162 4.173110 8.343243 -19.510349 -0.000000 0.000003 -0.000300 3.221681 12.583321 -17.388802 10.035025 -3.175661 68.905701 -1.221272 -10.638694 -5.753421 0.000000 0.000006 -0.000294
20.799825 9.293974 -0.757094 -157.003098 -75.687820 148.152313 7.385461 7.872193 35.315697 -0.000003 0.000003 -12.161667 0.000001 0.000001 -0.005905 0.000001 0.000001 5.829918 0.000001 -0.000006 12.605156 -3.150922 -0.670820 -14.260257 -3.790462 -2.296689 -5.538913 -18.370312 -7.809104 4.833836 52.431881 41.893940 -64.171158 5.305115 5.036419 -4.184761 0.779754 0.437385 -1.856921 11.237489 8.469039 21.521635 -31.254423 -33.654499 -80.293884 -8.579417 -12.943892 1.794324 3.632340 -14.961243 8.631955 -7.302111 -0.668938 27.976019 4.716493 7.860025 -15.009219 0.000002 -0.000002 -0.000292 2.627954 11.180068 -19.215685 8.218012 -1.021978 63.996662 -1.678119 -9.228974 -6.443249 -0.000005 0.000009 -0.000300
20.559286 9.408195 -0.817468 -156.491882 -76.627617 148.353958 7.148558 8.576499 34.630634 -0.000004 -0.000004 -12.161666 0.000003 0.000000 -0.005905 -0.000002 -0.000001 5.829916 0.000002 -0.000007 12.605157 -2.938215 -1.188380 -14.613235 -3.964047 -2.107372 -5.763738 -18.184654 -7.735055 4.738544 51.971855 42.559185 -65.751129 5.458550 5.079189 -4.276405 0.800958 0.409623 -1.814129 11.753569 8.380145 22.311258 -30.509079 -33.438942 -80.389969 -8.589130 -13.004679 2.135109 3.524621 -14.449238 10.287894 -7.144624 -1.673074 25.599880 5.024342 7.252051 -10.002651 -0.000006 0.000005 -0.000296 1.551388 10.420151 -19.901703 7.309926 0.726972 57.252277 -1.765485 -8.063379 -6.887537 0.000001 0.000006 -0.000292
20.308824 9.514673 -0.870662 -156.181381 -77.995674 148.741623 6.601098 8.790259 33.961311 -0.000006 0.000004 -12.161669 0.000003 -0.000006 -0.005901 0.000002 0.000001 5.829911 0.000002 -0.000006 12.605161 -2.795025 -1.691584 -15.079543 -4.078143 -2.062091 -5.974834 -17.975729 -7.542525 4.686585 51.339027 42.971500 -67.092018 5.530327 5.083037 -4.268900 0.853451 0.160767 -1.716178 11.973754 8.590026 22.819256 -29.737045 -33.137531 -80.155296 -8.394872 -13.035602 2.452813 3.456682 -14.192437 11.760142 -7.304225 -2.957291 23.366673 4.976812 6.688510 -4.672204 -0.000007 0.000002 -0.000301 -0.155908 10.551660 -19.617519 6.675478 1.694692 49.113960 -1.723888 -7.781368 -7.817391 -0.000002 0.000009 -0.000288
20.051101 9.603452 -0.929168 -155.813095 -79.063705 149.258102 6.123555 9.085586 33.152184 -0.000002 0.000004 -12.161668 0.000003 0.000000 -0.005901 -0.000001 -0.000003 5.829915 0.000001 -0.000003 12.605157 -2.668671 -2.122067 -15.591471 -4.139316 -2.083895 -6.151316 -17.780066 -7.439612 4.734074 50.687160 43.291943 -68.102608 5.513435 5.134958 -4.236463 0.907866 -0.221439 -1.577452 11.856980 8.780852 23.066280 -28.871292 -32.668083 -79.922279 -7.892716 -13.039952 2.682646 3.740316 -13.453838 12.907329 -7.595728 -4.590948 21.494202 4.744822 6.212951 0.587738 -0.000006 0.000009 -0.000291 -1.786696 11.789240 -18.518131 5.741150 1.728269 40.188072 -1.994859 -8.361197 -8.556214 0.000002 0.000001 -0.000290
19.785192 9.666525 -0.994063 -154.647232 -79.802864 148.975296 5.812233 9.378425 32.227276 -0.000003 0.000005 -12.161668 0.000003 -0.000005 -0.005906 -0.000001 0.000008 5.829916 0.000006 -0.000008 12.605154 -2.524309 -2.419749 -15.900981 -4.100240 -2.097170 -6.150377 -17.684565 -7.535851 4.880115 50.299881 43.528164 -68.565720 5.512523 5.169475 -4.308137 0.985525 -0.624885 -1.350165 11.447217 8.747016 23.096020 -27.868877 -32.014011 -79.866707 -7.193112 -13.015391 2.620006 4.344727 -12.613346 13.775735 -7.962203 -5.723071 20.442329 4.638429 5.475779 5.237563 0.000003 0.000002 -0.000291 -2.855800 13.870369 -16.867563 4.227644 0.265132 31.616905 -2.549785 -8.865740 -10.214199 -0.000005 -0.000003 -0.000297
19.511724 9.694958 -1.061433 -151.464478 -80.415955 146.404770 5.759297 9.375696 31.370916 -0.000004 0.000005 -12.161667 0.000004 -0.000005 -0.005903 -0.000000 0.000003 5.829914 0.000001 -0.000001 12.605164 -2.338926 -2.579415 -15.819111 -3.925874 -2.131038 -5.987095 -17.718838 -7.661482 5.150191 50.463623 43.482197 -68.253845 5.531996 5.093186 -4.451604 1.077948 -0.964769 -1.102505 10.893854 8.523301 22.928240 -27.052691 -31.331799 -79.738190 -6.583433 -12.923481 2.368031 4.955220 -12.365447 14.010732 -8.280141 -5.491619 21.377722 4.554371 4.406723 8.585796 -0.000015 0.000007 -0.000297 -2.602448 14.780710 -15.636642 2.325870 -1.051924 25.759350 -3.187778 -8.648422 -12.009633 -0.000007 0.000003 -0.000293
19.232110 9.683655 -1.127974 -146.183548 -80.499245 141.238647 6.181231 9.239120 30.870533 -0.000002 0.000005 -12.161666 0.000003 -0.000006 -0.005903 0.000001 0.000003 5.829917 0.000001 -0.000002 12.605153 -2.157796 -2.476799 -15.461458 -3.638685 -2.129159 -5.809277 -17.867575 -7.679680 5.610096 51.142834 43.098301 -67.237801 5.589484 4.814810 -4.618491 1.235765 -1.055597 -0.893541 10.268928 8.159718 22.503052 -26.679052 -30.752592 -79.315079 -6.303353 -12.752167 2.190238 5.760270 -11.871076 13.579609 -8.774031 -5.551566 24.753786 4.763862 4.097579 10.918141 -0.000003 0.000005 -0.000294 -2.467964 15.041812 -14.722370 2.118867 -2.003640 22.898350 -3.346945 -8.201290 -13.143197 -0.000002 0.000010 -0.000299
18.945857 9.629488 -1.191007 -140.760742 -80.010834 135.245941 6.967505 8.935583 30.987387 -0.000002 0.000001 -12.161667 0.000003 -0.000005 -0.005906 -0.000003 0.000004 5.829915 0.000003 -0.000001 12.605159 -2.077799 -2.040890 -15.076680 -3.346107 -1.918878 -5.649296 -18.090759 -7.838562 6.241556 52.156136 42.479950 -65.535149 5.655220 4.434290 -4.813046 1.356575 -0.794428 -0.699908 9.763609 7.695519 21.786669 -26.614422 -30.421854 -78.777893 -6.236934 -12.654716 2.208059 6.714437 -10.387337 12.948957 -9.869355 -7.553123 30.149693 5.424081 5.557014 12.856923 0.000003 0.000006 -0.000292 -2.442076 16.237423 -14.022479 2.575404 -3.817341 23.601255 1.484434 -7.120008 -11.772830 0.000014 0.000001 -0.000296
18.652574 9.530469 -1.249028 -137.515182 -79.474960 130.751297 7.571320 8.423743 31.723736 -0.000002 -0.000002 -12.161665 0.000002 -0.000001 -0.005902 0.000002 0.000003 5.829912 -0.000001 -0.000004 12.605159 -2.074049 -1.391035 -14.754004 -3.026971 -1.553242 -5.437092 -18.331512 -8.229495 7.043760 52.898602 41.724125 -63.534279 5.709854 4.060160 -4.992194 1.509864 -0.396827 -0.485982 9.378422 7.218771 20.844149 -26.495541 -30.400162 -78.408897 -6.157519 -12.770659 2.114921 7.132166 -9.025770 12.381941 -12.167953 -10.182549 36.977436 6.979849 8.621735 15.224854 0.000002 0.000004 -0.000292 -1.921731 17.089373 -13.013362 2.602108 -5.841448 27.114973 4.859702 -5.256031 -13.322607 0.000005 0.000008 -0.000296
18.356174 9.401446 -1.288717 -133.262100 -80.106819 124.462212 7.353127 6.683674 33.079163 -0.000007 0.000003 -12.161662 0.000004 -0.000000 -0.005908 0.000002 0.000002 5.829917 -0.000001 -0.000005 12.605153 -2.108614 -0.607989 -14.190804 -2.710648 -1.362630 -5.122761 -18.412241 -8.395149 8.062614 52.659908 40.855614 -61.908630 5.854409 3.749440 -5.114174 1.653175 -0.068899 -0.259992 9.058577 6.714433 19.758076 -26.305080 -30.499035 -78.203072 -5.960596 -13.087114 1.916411 6.279304 -9.621916 11.994482 -15.583532 -11.609099 44.450874 9.287213 12.333262 18.428782 0.000005 -0.000002 -0.000296 0.054786 15.030301 -10.812067 0.899998 -7.222345 30.149815 4.665757 -2.200363 -12.811577 -0.000002 0.000009 -0.000291
18.067607 9.253638 -1.311679 -130.805862 -81.670364 119.796547 5.990646 5.174606 34.704689 -0.000001 -0.000003 -12.161670 0.000005 0.000000 -0.005902 -0.000002 -0.000004 5.829917 0.000000 -0.000001 12.605158 -1.736454 -0.141741 -13.803864 -1.945429 -1.936871 -5.000659 -18.476303 -8.316656 9.303944 51.662144 39.556225 -60.133053 6.023779 3.795181 -5.162616 1.907439 0.012980 -0.154564 8.862395 5.770992 18.339727 -26.386463 -30.496796 -77.765465 -5.664428 -13.408346 1.684341 4.955217 -11.127073 11.417599 -19.600456 -10.890883 51.249096 11.437785 14.601761 21.593386 -0.000005 0.000003 -0.000290 -0.572942 13.193592 -9.601010 0.107135 -8.280734 35.198627 5.461321 -0.027519 -14.497853 -0.000004 0.000003 -0.000287
17.780206 9.114228 -1.341629 -138.085770 -83.956062 125.495644 3.140526 3.895304 35.654266 -0.000002 0.000005 -12.161665 0.000001 -0.000005 -0.005906 0.000000 0.000002 5.829916 0.000002 -0.000002 12.605154 -1.576897 0.772946 -13.554997 -1.404282 -1.874628 -4.478205 -18.577034 -9.107661 10.467083 50.824741 37.998833 -57.330074 5.601633 3.712887 -4.824752 1.690453 0.265416 -0.050312 9.256585 4.907817 16.612785 -27.062471 -30.354628 -76.709694 -5.161034 -13.497208 1.485053 2.343534 -12.045295 9.713165 -21.677656 -8.099528 57.578884 12.297588 14.000308 23.553913 -0.000010 0.000003 -0.000292 -2.277920 14.445004 -8.780816 -0.631532 -9.494615 39.950039 6.175579 0.218177 -17.798754 0.000001 0.000003 -0.000286
17.499036 9.016829 -1.368013 -144.101562 -85.550797 130.839676 1.140485 2.642533 35.978127 -0.000004 -0.000000 -12.161662 0.000003 -0.000002 -0.005905 -0.000001 0.000005 5.829916 0.000001 -0.000004 12.605160 -1.599941 1.481745 -13.412170 -1.197522 -1.899954 -4.049777 -18.650927 -10.130832 11.719364 50.846706 36.014938 -53.752312 4.070820 3.513376 -4.280739 1.560342 0.119176 -0.052755 9.703773 4.240212 14.395980 -27.904987 -30.224463 -75.526604 -4.445799 -13.454109 1.437343 0.701227 -11.903138 6.919739 -23.051468 -6.321056 63.759296 12.299626 13.340573 20.609917 0.000005 0.000003 -0.000295 -3.346952 16.685455 -6.944852 0.119052 -10.130890 41.816082 6.841680 -1.720891 -20.672398 -0.000004 0.000009 -0.000294
17.228280 8.948878 -1.393086 -140.474472 -86.068611 127.605377 0.551969 1.337525 35.525143 -0.000001 0.000004 -12.161669 0.000002 -0.000003 -0.005904 0.000001 0.000001 5.829915 0.000001 0.000003 12.605159 -1.835683 2.187579 -13.289149 -1.163817 -2.101816 -3.720840 -18.597948 -10.628797 12.992616 51.160515 33.667572 -50.648308 2.022975 3.393831 -4.208252 1.198843 -0.319673 -0.493739 10.212189 3.445476 12.354261 -27.999743 -29.923681 -75.514587 -3.684344 -13.871406 1.340780 0.533780 -12.856592 2.898834 -24.285347 -3.563988 68.401138 11.725896 13.247805 16.409630 0.000003 0.000002 -0.000290 -3.350915 18.537569 -5.674090 1.641050 -10.413068 42.260975 7.219918 -4.039152 -22.841190 0.000003 0.000003 -0.000294
16.959247 8.917896 -1.422547 -139.836212 -86.346230 126.753342 0.041613 0.194604 35.770035 -0.000006 0.000005 -12.161665 0.000003 -0.000001 -0.005905 0.000003 0.000001 5.829915 -0.000001 -0.000004 12.605153 -2.288920 2.937568 -13.175866 -1.092349 -2.394822 -3.459839 -18.748388 -10.564347 14.423268 51.026642 31.910398 -49.229599 1.110473 3.128824 -4.890334 1.056116 -0.647830 -1.119981 10.465801 2.261368 10.645731 -26.941133 -29.430704 -77.308159 -3.405775 -14.436807 1.140213 0.541654 -13.850493 -0.414120 -24.922241 -0.745406 71.211273 10.543394 12.893076 12.952533 0.000007 0.000002 -0.000292 -3.114879 18.669817 -4.301559 1.353162 -10.861706 43.311375 7.345420 -3.522205 -24.337654 0.000003 0.000001 -0.000298
16.689186 8.914768 -1.452951 -129.905411 -86.882599 116.330292 -0.387843 -1.606309 36.297886 -0.000005 0.000004 -12.161664 0.000004 0.000002 -0.005906 -0.000001 0.000000 5.829915 0.000003 -0.000006 12.605162 -3.008086 3.642100 -13.198496 -0.984825 -2.777904 -3.267761 -19.545200 -10.416737 16.184544 51.225311 31.381086 -49.069527 1.598110 3.144857 -5.285707 1.289684 -0.958159 -1.763393 10.583267 1.668952 9.053278 -25.889465 -29.275154 -79.627014 -3.721505 -14.692102 1.039797 0.900481 -14.804158 -3.146239 -25.011696 1.003137 72.485794 8.935388 12.157280 9.972157 -0.000005 0.000002 -0.000293 -2.459784 16.981989 -2.093491 0.662232 -10.340189 43.380817 7.406406 -2.679976 -25.086487 0.000003 0.000001 -0.000294
16.413656 8.942221 -1.477809 -109.947197 -87.311539 95.765144 -0.641797 -3.968001 36.993130 -0.000004 0.000006 -12.161663 0.000004 -0.000007 -0.005904 -0.000001 -0.000001 5.829916 0.000001 0.000003 12.605156 -4.212238 4.403490 -13.474793 -1.139542 -3.070928 -3.266059 -20.990417 -10.951566 18.102650 51.817879 32.235966 -49.049149 2.981432 3.118996 -5.430794 1.501318 -1.067938 -2.322479 10.692903 2.224030 7.413716 -25.585037 -29.921324 -81.507172 -4.173728 -14.807476 1.032278 1.302227 -15.477643 -5.516029 -24.690777 1.710831 72.585106 7.251057 11.343723 6.571840 -0.000003 0.000002 -0.000291 -1.906187 15.379465 0.905969 1.157360 -9.345380 42.235180 7.258949 -3.216051 -25.603302 -0.000001 0.000001 -0.000296
16.138563 8.993137 -1.506902 -107.583099 -87.111404 93.546196 -0.268516 -5.222332 36.986317 -0.000003 0.000003 -12.161665 0.000001 -0.000003 -0.005904 0.000003 -0.000002 5.829916 0.000001 -0.000003 12.605160 -5.466061 4.921446 -13.830644 -1.466130 -3.573925 -3.455221 -22.661880 -11.778030 19.897736 52.689758 33.520969 -48.804249 4.454951 3.084579 -5.533328 1.661793 -1.375684 -2.925752 10.807806 3.328404 6.107873 -25.628855 -30.926424 -83.406029 -4.527746 -14.883822 1.025388 2.181528 -14.624772 -8.328409 -24.355768 1.356989 71.525444 5.717734 10.682293 2.825836 -0.000002 -0.000000 -0.000293 -1.269178 15.166744 3.322057 1.926020 -8.572453 40.356270 6.812144 -4.206676 -25.356041 0.000003 0.000011 -0.000294
15.866534 9.063274 -1.532467 -112.921623 -86.838509 99.793976 0.133134 -5.991529 36.208839 -0.000002 0.000006 -12.161671 -0.000001 -0.000003 -0.005902 0.000002 -0.000001 5.829915 0.000003 -0.000003 12.605161 -6.345598 5.448920 -14.024923 -1.697492 -4.109524 -3.635468 -24.162458 -12.149453 21.390776 53.532482 34.477348 -48.710808 5.349773 3.016483 -5.518221 1.980940 -1.704279 -3.548932 10.842362 4.111709 5.320961 -25.654352 -31.551140 -85.660370 -4.737578 -14.822884 0.885381 3.114720 -12.576293 -11.439122 -23.848011 -0.227316 69.378746 4.530477 9.628673 -0.312806 -0.000001 -0.000000 -0.000289 -0.734032 15.386431 5.151615 2.318032 -8.079091 38.102810 6.079475 -5.095120 -23.961552 -0.000002 -0.000002 -0.000291
15.592711 9.153510 -1.555061 -116.001869 -86.690971 103.868126 0.363496 -6.770298 35.256443 -0.000001 0.000003 -12.161665 0.000001 0.000004 -0.005908 0.000000 -0.000002 5.829917 0.000004 -0.000004 12.605157 -6.814422 5.944478 -13.967038 -1.786829 -4.641202 -3.698751 -25.278654 -11.904696 22.562668 53.838066 35.001572 -49.131947 5.622054 2.841429 -5.574538 2.390158 -1.972855 -4.038418 10.820586 4.396760 4.860696 -25.761385 -31.753134 -87.919907 -4.871695 -14.513242 0.590180 3.764138 -10.516125 -14.018211 -23.140772 -2.450866 65.778641 4.066956 8.044586 -2.497669 -0.000000 0.000009 -0.000293 -0.137404 15.348663 6.998722 2.430073 -7.449882 35.737328 4.977523 -6.147279 -21.324316 0.000004 0.000002 -0.000298
15.310308 9.260360 -1.580918 -119.067764 -86.604599 107.640518 0.505952 -7.508173 34.461357 0.000002 -0.000011 -12.161667 0.000001 0.000007 -0.005904 0.000003 -0.000003 5.829915 -0.000001 -0.000005 12.605156 -7.102838 6.389202 -13.747968 -1.892270 -5.029415 -3.636584 -25.973650 -11.542324 23.483883 53.660866 35.222076 -49.759914 5.556962 2.753674 -5.571689 2.693012 -2.109685 -4.314688 10.886353 4.618900 4.538051 -26.127253 -32.007668 -89.680382 -5.036409 -14.063148 0.183731 4.354234 -9.205134 -15.463393 -22.208853 -4.608677 60.308632 4.125538 6.258183 -4.382081 -0.000001 0.000005 -0.000296 0.599528 15.288857 9.085001 2.562255 -6.601534 33.450657 3.464078 -7.539575 -17.668854 -0.000008 0.000007 -0.000289
15.016696 9.373343 -1.615004 -126.655479 -86.238754 115.782280 0.726644 -7.783519 33.696014 -0.000002 -0.000000 -12.161669 0.000003 -0.000002 -0.005904 -0.000001 0.000003 5.829917 0.000003 -0.000003 12.605158 -7.288798 6.793144 -13.477473 -2.026147 -5.231920 -3.424320 -26.421801 -11.490361 24.194651 53.317951 35.402969 -50.218224 5.335610 2.722929 -5.360409 2.923911 -2.149160 -4.450857 11.077840 5.062538 4.379684 -26.573799 -32.530689 -90.872650 -5.306771 -13.655259 -0.255769 5.019879 -8.285233 -15.672332 -20.285603 -6.619263 52.870903 3.892526 4.487172 -5.904150 0.000002 0.000007 -0.000293 1.491389 15.790796 11.175633 2.885314 -5.836515 31.295254 1.570868 -9.099778 -13.111539 -0.000001 0.000007 -0.000292
14.714505 9.475972 -1.649216 -132.396942 -85.949760 122.557503 0.901758 -7.995886 32.425907 -0.000003 -0.000006 -12.161667 0.000001 0.000004 -0.005904 0.000002 -0.000001 5.829916 0.000001 -0.000006 12.605155 -7.444947 7.096287 -13.305449 -2.184885 -5.354873 -3.138858 -26.663557 -11.723091 24.651112 53.047523 35.550419 -50.347675 5.152790 2.709651 -5.076698 3.102265 -2.187951 -4.561981 11.291920 5.592809 4.448980 -26.908304 -33.153244 -91.683899 -5.698442 -13.455936 -0.512278 6.112165 -8.633692 -15.142313 -17.309761 -7.079732 43.324440 3.726578 3.218885 -7.735076 0.000001 0.000002 -0.000290 1.902732 16.009233 12.360986 3.333364 -5.069588 29.609991 -0.500225 -10.332682 -7.882687 -0.000003 0.000012 -0.000293
14.403159 9.564095 -1.681796 -137.679718 -85.791641 129.035034 0.999193 -8.032998 31.026466 -0.000006 0.000010 -12.161668 0.000003 -0.000005 -0.005901 -0.000000 -0.000002 5.829912 0.000005 -0.000003 12.605158 -7.546977 7.185976 -13.285330 -2.359190 -5.504493 -2.829282 -26.605551 -12.151618 24.775576 52.814034 35.615921 -50.197094 4.999512 2.725718 -5.012968 3.232720 -2.380553 -4.627847 11.467409 5.991836 4.700353 -27.003063 -33.633926 -92.372528 -6.123953 -13.387029 -0.438923 7.017129 -10.361050 -13.798771 -13.690043 -5.584657 32.715721 4.117340 3.897803 -10.288077 -0.000008 -0.000000 -0.000295 1.655843 15.637923 12.857581 4.011971 -3.919165 28.525007 -2.578643 -11.114094 -2.124647 0.000001 0.000008 -0.000296
14.084938 9.629213 -1.708553 -143.530441 -85.748077 135.792847 0.973241 -7.857763 29.941469 -0.000004 0.000003 -12.161668 0.000004 0.000002 -0.005902 0.000000 0.000004 5.829913 0.000000 -0.000004 12.605161 -7.573493 7.045673 -13.433162 -2.460801 -5.696090 -2.613290 -26.329838 -12.548764 24.635866 52.504173 35.578705 -49.982185 4.788477 2.792190 -5.103720 3.282023 -2.720341 -4.551651 11.627755 6.177580 4.974560 -26.973883 -33.891548 -92.927216 -6.430696 -13.343376 -0.248947 6.106545 -11.273149 -12.164547 -9.780201 -4.649887 23.665823 5.861036 6.860528 -12.274602 0.000001 0.000010 -0.000286 1.031499 14.813958 12.999934 4.855161 -2.296225 28.519773 -4.490051 -11.633412 3.569817 0.000003 -0.000000 -0.000297
13.765198 9.657742 -1.733964 -153.013321 -85.783554 145.607208 0.608587 -7.308969 29.408562 -0.000003 0.000010 -12.161667 0.000003 -0.000003 -0.005904 0.000001 -0.000002 5.829916 0.000001 0.000004 12.605156 -7.493244 6.661644 -13.658103 -2.458677 -5.908309 -2.417697 -25.816990 -12.776694 24.260141 52.000374 35.459942 -49.965279 4.508757 2.878377 -5.157007 3.252987 -3.216110 -4.385501 11.781516 6.158003 5.289139 -27.126801 -33.972866 -93.060341 -6.565220 -13.259213 -0.288234 3.944243 -10.552175 -10.909472 -6.614228 -5.616409 17.768457 9.463053 10.999269 -12.929127 -0.000006 -0.000000 -0.000294 0.635312 14.377839 12.993558 5.509349 -1.025207 30.207706 -6.294487 -12.083640 8.367249 -0.000003 0.000003 -0.000297
13.442166 9.641994 -1.763657 -166.046814 -86.059608 158.121506 -0.208829 -6.835664 29.601309 -0.000001 -0.000001 -12.161666 0.000001 0.000005 -0.005906 0.000003 -0.000006 5.829915 -0.000001 0.000008 12.605158 -7.433866 6.233348 -13.731823 -2.491030 -5.917532 -2.146773 -25.062746 -12.805073 23.725933 51.355556 35.290653 -50.201290 4.186544 3.009315 -5.180237 3.033815 -3.617856 -4.138741 11.805510 5.812164 5.648110 -27.530273 -33.831371 -92.613480 -6.511182 -13.103767 -0.517051 2.907622 -11.376236 -9.300507 -5.264601 -5.456627 14.685832 12.129578 13.436331 -13.723635 0.000008 -0.000004 -0.000289 0.259640 13.979517 12.894507 6.369257 0.009231 33.935352 -8.321858 -12.640749 12.295328 -0.000005 0.000008 -0.000295
13.116819 9.580275 -1.803375 -179.838684 -86.513557 170.702240 -1.011810 -6.514970 30.426229 -0.000002 -0.000002 -12.161667 0.000002 -0.000003 -0.005908 0.000001 -0.000002 5.829916 0.000003 -0.000006 12.605157 -7.462687 5.683250 -13.698054 -2.602203 -5.931495 -1.993037 -24.223557 -12.548139 23.129326 50.810074 35.132473 -50.488319 3.860821 3.151431 -5.230505 2.652487 -3.897716 -3.888165 11.536593 5.232406 5.979112 -27.932554 -33.449730 -91.605942 -6.430240 -12.750846 -0.693368 3.264668 -13.374232 -7.465351 -5.639653 -3.238775 14.398575 10.089541 12.684085 -14.186296 0.000001 0.000003 -0.000288 0.111515 13.367714 12.493371 7.788782 0.934820 39.416214 -10.430455 -13.719326 16.221661 0.000001 0.000005 -0.000293
12.796708 9.466709 -1.858233 173.386703 -86.695892 176.245834 -1.109117 -5.905538 31.344284 -0.000002 -0.000000 -12.161664 0.000001 -0.000003 -0.005904 0.000003 0.000003 5.829916 0.000001 -0.000003 12.605157 -7.464497 5.032631 -13.626064 -2.711173 -5.888796 -2.012119 -23.497663 -12.185316 22.448133 50.587036 35.035652 -50.637287 3.643687 3.190206 -5.378099 2.277501 -4.031319 -3.890375 10.858257 4.481980 6.454231 -28.089449 -32.778576 -90.262703 -6.468252 -12.323729 -0.616077 4.565782 -16.485903 -6.458211 -6.852461 1.393638 17.372522 5.132610 10.369322 -15.904364 0.000008 -0.000007 -0.000291 0.664927 13.223550 11.400417 9.668221 1.210476 45.836109 -12.098889 -15.006352 20.260832 -0.000003 0.000005 -0.000299
12.488975 9.316877 -1.928945 176.502884 -86.217163 171.604919 -0.396788 -4.381335 32.722168 -0.000005 0.000004 -12.161665 0.000004 -0.000008 -0.005905 -0.000001 -0.000001 5.829918 0.000002 0.000002 12.605155 -7.303713 4.208638 -13.369009 -2.799362 -5.947701 -1.942442 -22.869143 -11.809028 21.314751 50.852512 34.881824 -50.512836 3.658691 3.138123 -5.531337 1.982132 -4.200740 -4.087433 9.924270 3.890161 7.043305 -28.105993 -32.014286 -88.619179 -6.503742 -11.881534 -0.333707 5.284883 -14.928041 -5.307061 -7.817439 3.958313 20.002972 5.092530 6.916411 -13.793956 -0.000005 0.000004 -0.000294 1.975721 13.988085 10.117817 11.933242 0.765461 52.513519 -13.319553 -16.023743 23.854471 0.000000 0.000004 -0.000294
12.196073 9.191832 -2.026688 -171.952072 -85.760078 158.136429 0.756742 -3.556156 34.509060 -0.000002 0.000002 -12.161673 0.000002 -0.000002 -0.005902 -0.000001 -0.000000 5.829915 0.000003 -0.000003 12.605159 -7.208375 4.165792 -13.159261 -2.776597 -5.727334 -1.766626 -22.460526 -11.106111 19.639132 51.779190 34.556961 -49.637737 3.640227 3.013800 -5.698287 1.415103 -3.640686 -3.996971 9.049664 3.837900 7.624467 -28.509535 -31.255869 -86.173569 -6.935942 -11.905056 -0.006902 5.996881 -12.343523 -4.040082 -6.984749 5.217836 26.265785 2.611987 2.736588 -15.577000 0.000000 0.000006 -0.000283 3.301103 14.423811 8.896482 15.285625 0.131547 58.483101 -15.241676 -15.699076 25.975470 0.000000 0.000003 -0.000292
11.903062 9.052460 -2.096447 -143.257690 -84.421280 128.383438 3.849660 -3.507402 35.604855 -0.000000 -0.000000 -12.161663 0.000004 -0.000001 -0.005906 -0.000001 0.000000 5.829915 0.000002 -0.000003 12.605162 -7.216294 4.216459 -13.590139 -2.408371 -5.562766 -1.990575 -22.416874 -10.140635 17.432859 52.899555 33.746647 -47.869686 3.156460 2.728269 -5.754951 0.305012 -3.235923 -3.445972 8.772355 5.464241 8.175920 -29.616173 -31.092735 -82.704094 -7.013358 -12.056755 0.776026 9.385082 -12.378382 -5.638811 -6.610865 6.555087 33.869682 0.088924 0.467474 -17.876165 0.000001 -0.000006 -0.000296 5.636250 13.633454 6.513527 18.398361 -0.314636 63.898006 -15.069239 -15.629389 23.338686 -0.000003 0.000003 -0.000292
11.604225 8.964546 -2.153281 -135.763077 -83.995369 119.914383 5.015165 -3.300179 36.799831 -0.000004 0.000001 -12.161670 0.000005 -0.000005 -0.005902 -0.000001 0.000002 5.829914 0.000003 -0.000003 12.605162 -7.035626 3.977315 -14.160604 -2.270992 -5.044739 -2.523527 -22.001673 -9.331670 14.687779 53.271400 32.757805 -46.416485 2.205349 2.452247 -5.816809 -0.060593 -2.832042 -2.979208 8.140974 7.660115 9.222443 -30.517939 -31.411835 -79.671745 -5.516028 -12.120298 1.571109 9.866091 -13.213213 -4.670335 -7.746193 4.430555 37.877674 -1.334597 2.930903 -21.622877 0.000008 -0.000001 -0.000291 6.936068 12.317822 3.793630 18.866785 -0.958293 69.133263 -12.580083 -15.630635 18.890585 -0.000004 0.000004 -0.000288
11.305796 8.905727 -2.222118 -144.869583 -83.864128 128.940201 4.933446 -1.597433 36.914429 -0.000001 -0.000000 -12.161662 0.000000 0.000004 -0.005906 0.000003 0.000002 5.829916 0.000001 -0.000012 12.605156 -6.631507 3.732243 -14.100807 -1.985482 -4.515506 -2.995800 -21.487869 -8.160777 12.053788 52.710373 32.241615 -46.375248 1.524227 2.813240 -6.183940 -0.108326 -2.298562 -2.453769 7.446493 8.607806 10.718828 -30.860472 -31.170286 -78.114647 -2.545027 -12.203568 1.398310 9.312327 -13.749796 -2.783783 -10.170225 2.126584 38.572647 -2.327042 6.756997 -24.221321 -0.000001 -0.000005 -0.000292 6.915700 14.098569 0.380843 18.972715 -2.892456 72.557343 -9.905949 -15.815086 14.881765 0.000005 0.000003 -0.000293
10.989976 8.879031 -2.264172 -146.106705 -84.022301 129.930145 5.077903 -0.361737 37.166920 0.000000 0.000004 -12.161666 0.000001 -0.000001 -0.005905 0.000001 0.000002 5.829914 0.000004 -0.000010 12.605160 -6.010037 3.291285 -13.593132 -1.664483 -4.309217 -3.507283 -20.921114 -6.688391 9.858469 51.596798 32.144367 -47.782040 1.849417 3.373409 -6.363573 -0.137629 -1.658048 -1.985553 7.267639 8.621515 12.290908 -30.975916 -30.668253 -77.834061 -1.141090 -11.720557 0.789771 9.009833 -15.426903 -1.012062 -10.795063 3.345940 39.119190 -2.442617 6.837094 -26.382189 -0.000003 0.000001 -0.000297 6.756655 16.105021 -2.576690 19.032536 -5.184992 73.851196 -7.836086 -15.897188 11.443268 0.000002 0.000005 -0.000292
10.678596 8.883201 -2.288347 -146.169846 -84.293190 129.708145 5.226866 0.711942 37.487816 -0.000002 0.000007 -12.161668 0.000002 -0.000009 -0.005903 0.000001 -0.000000 5.829913 0.000002 -0.000000 12.605161 -5.593523 2.857272 -12.959348 -1.708708 -3.730389 -4.105958 -20.418180 -6.006763 8.160191 50.642948 32.542355 -49.438679 2.637403 3.673621 -6.322014 -0.137260 -0.747603 -1.841363 7.924977 8.996058 14.263433 -31.751488 -30.930355 -77.853683 -2.277931 -11.366034 0.635106 8.454700 -15.011668 0.887209 -9.496329 4.198607 39.592186 -2.478866 4.632514 -27.644938 -0.000004 -0.000003 -0.000298 6.175055 17.141264 -5.313033 18.382795 -6.320658 74.024918 -6.062150 -15.446501 7.725884 -0.000001 0.000003 -0.000297
10.364963 8.915655 -2.312568 -151.478226 -84.011421 134.776611 5.661317 3.004638 37.838810 0.000000 -0.000004 -12.161667 0.000000 0.000003 -0.005904 0.000000 -0.000007 5.829917 0.000003 0.000001 12.605158 -5.137597 1.985214 -12.309232 -1.926574 -3.484239 -4.649282 -20.044319 -6.581781 6.932920 50.662891 33.444611 -50.183800 3.151244 4.019358 -6.281783 0.017256 -0.216076 -1.923028 9.294091 9.791255 16.362957 -32.866920 -31.962042 -77.621758 -3.826881 -11.255143 0.372092 7.757899 -13.292255 3.705746 -8.890756 3.098855 38.678822 -2.429997 4.098397 -28.217876 -0.000001 0.000004 -0.000295 5.674936 17.743172 -7.796098 16.759958 -6.130785 73.385422 -4.367023 -14.454906 3.893184 0.000001 0.000002 -0.000294
10.054040 8.965379 -2.328150 -153.869034 -84.209625 137.819916 5.971457 4.707425 37.387680 -0.000006 0.000005 -12.161664 0.000003 -0.000004 -0.005907 -0.000001 0.000005 5.829916 0.000003 -0.000011 12.605158 -4.793427 1.148445 -11.915009 -2.416555 -2.974056 -5.236700 -19.735359 -7.650174 6.432107 51.065922 34.594112 -50.820534 3.343078 4.027558 -6.254380 0.106229 0.519966 -2.193071 10.891343 10.274464 18.301107 -33.892834 -33.107468 -77.243416 -4.627658 -11.054771 0.088412 6.998193 -12.296597 6.108608 -8.847498 1.152026 36.550591 -2.362239 4.904033 -27.767870 0.000003 -0.000000 -0.000286 4.834042 16.888287 -10.883595 14.499235 -4.786081 71.638786 -3.084966 -12.936486 0.874668 -0.000003 0.000003 -0.000287
9.748890 9.034294 -2.337461 -152.936584 -84.765350 138.141800 6.185166 5.899637 36.327221 -0.000002 -0.000002 -12.161669 0.000003 -0.000000 -0.005905 0.000001 0.000010 5.829916 0.000001 -0.000012 12.605160 -4.532561 0.381259 -11.784727 -2.898355 -2.347259 -5.693265 -19.606241 -8.026610 6.393233 51.399544 35.459213 -52.192146 3.323341 3.804285 -6.303915 0.144624 1.204831 -2.493893 12.523011 10.171241 20.095678 -34.986897 -33.910534 -76.877739 -4.723542 -10.754379 -0.232204 6.356098 -12.112425 7.984999 -8.622687 -0.108672 33.868740 -1.924912 5.625387 -25.945089 0.000002 0.000006 -0.000295 3.999639 14.971374 -14.151773 12.268752 -2.655969 68.423721 -2.597118 -11.345915 -0.901912 -0.000005 0.000007 -0.000294
9.444179 9.121211 -2.345564 -152.154053 -85.076820 138.515869 6.448443 7.259047 35.356178 -0.000005 0.000007 -12.161670 0.000002 -0.000002 -0.005905 0.000003 -0.000004 5.829917 0.000002 -0.000006 12.605157 -4.309097 -0.312815 -11.897440 -3.278028 -1.872867 -5.881254 -19.608799 -7.486023 6.342214 51.632401 35.900471 -54.081478 3.434595 3.589311 -6.402284 0.182027 1.700761 -2.689176 13.976085 9.584235 21.730362 -35.935104 -34.335972 -76.678169 -4.608810 -10.315228 -0.626646 5.870876 -11.820502 9.968390 -8.128159 -0.684580 31.117052 -1.284410 5.870482 -22.894165 -0.000003 0.000010 -0.000288 3.325460 13.335387 -16.616743 10.554178 -0.350025 63.364410 -2.624548 -10.081859 -1.652635 -0.000003 0.000005 -0.000295
9.135224 9.215904 -2.343428 -152.773666 -85.494720 140.173996 6.478646 8.604800 34.469841 -0.000003 0.000005 -12.161665 0.000005 -0.000000 -0.005905 -0.000001 -0.000003 5.829915 -0.000000 -0.000002 12.605158 -4.099934 -0.988040 -12.193345 -3.541708 -1.613934 -5.973035 -19.772594 -6.802420 6.245670 51.727104 36.401669 -55.793716 3.849723 3.419739 -6.426551 0.249437 1.895952 -2.752993 15.210793 8.958258 23.153982 -36.589142 -34.636456 -76.541862 -4.464604 -9.878224 -0.903268 5.219314 -11.391825 11.939105 -7.599134 -1.314196 28.461582 -0.671812 5.979702 -18.931412 0.000001 0.000001 -0.000296 2.126657 12.391629 -17.986877 9.354441 1.438479 56.393917 -2.597749 -9.267660 -1.883156 0.000001 0.000008 -0.000290
8.820130 9.305848 -2.328315 -152.828934 -86.330666 141.453369 6.199549 9.447189 33.491062 -0.000001 -0.000003 -12.161663 0.000001 -0.000004 -0.005904 0.000004 0.000001 5.829916 -0.000001 -0.000003 12.605158 -3.988566 -1.606071 -12.816910 -3.805557 -1.418552 -6.277223 -20.099049 -6.532073 6.253143 51.764832 37.250519 -56.964981 4.412181 3.516467 -6.261849 0.297627 1.930848 -2.851436 16.246204 8.597936 24.316195 -36.910633 -35.055470 -76.345497 -4.202948 -9.620469 -0.942214 4.627101 -11.124053 13.592800 -7.376157 -2.365971 25.817202 -0.133059 6.234554 -14.299060 0.000006 -0.000005 -0.000288 0.115803 12.516047 -18.334324 8.190779 1.759327 47.590046 -2.817066 -8.915106 -2.211259 0.000008 0.000000 -0.000299
8.498111 9.387328 -2.313646 -151.106720 -87.115334 141.071777 5.965436 10.132452 32.479092 -0.000005 -0.000000 -12.161666 0.000001 -0.000006 -0.005907 0.000002 -0.000003 5.829913 0.000001 -0.000002 12.605160 -3.860306 -2.218454 -13.676273 -4.043582 -1.246752 -6.555314 -20.563555 -6.733294 6.279448 51.839607 38.370209 -57.677834 4.810951 3.895544 -6.051434 0.341763 1.696747 -2.876298 16.999880 8.534067 25.132637 -36.857933 -35.483822 -76.189445 -3.951055 -9.585362 -0.758319 4.599140 -10.643796 15.127761 -7.541765 -3.638703 23.126987 0.338000 6.312344 -9.111033 0.000005 -0.000007 -0.000291 -1.925083 14.004371 -17.625845 6.896711 0.641857 37.829731 -3.560336 -9.479135 -3.189970 -0.000003 0.000006 -0.000295
8.168756 9.447693 -2.311012 -146.451202 -87.391052 137.878189 5.965283 11.056547 31.017426 -0.000004 0.000004 -12.161671 0.000001 -0.000003 -0.005902 0.000002 0.000003 5.829918 0.000001 -0.000000 12.605156 -3.574056 -2.796472 -14.122531 -4.144555 -1.150165 -6.349658 -21.115852 -6.893571 6.270807 51.964798 39.500957 -58.281425 4.908642 4.223096 -5.971322 0.472881 1.204471 -2.480356 17.394497 8.567743 25.623335 -36.524746 -35.774803 -76.124176 -3.728086 -9.661884 -0.580267 5.119992 -10.290857 16.275330 -7.855040 -3.561684 21.099865 0.643917 5.485312 -4.135015 -0.000005 -0.000002 -0.000294 -2.084277 14.749177 -16.723726 4.974230 0.641168 29.272043 -4.453971 -10.830194 -4.885040 -0.000006 0.000001 -0.000293
7.833149 9.478347 -2.313042 -133.781845 -87.349152 126.307152 6.213239 11.504959 29.675213 -0.000004 0.000003 -12.161669 0.000003 -0.000003 -0.005905 0.000002 0.000005 5.829915 -0.000002 -0.000009 12.605160 -3.212944 -3.036050 -14.127606 -4.067674 -1.010623 -6.057611 -21.715208 -6.386552 6.261538 52.199558 40.193752 -58.898327 5.028416 4.388843 -6.005821 0.644685 0.985333 -2.046651 17.360693 8.270030 25.901123 -36.057842 -35.812149 -76.180115 -3.527214 -9.717875 -0.512155 5.768604 -10.448727 16.492498 -8.021813 -2.109162 21.660036 0.918143 3.915660 -0.263277 0.000001 0.000003 -0.000292 -0.868515 14.472958 -15.957793 2.711853 0.924606 23.567711 -5.499473 -11.316625 -7.646527 0.000003 0.000003 -0.000299
7.492419 9.479288 -2.310394 -118.074516 -86.947517 110.647141 6.746595 11.228928 29.239254 -0.000000 0.000008 -12.161666 -0.000000 -0.000006 -0.005904 0.000002 -0.000006 5.829915 -0.000000 -0.000003 12.605155 -2.860330 -2.822740 -13.877797 -3.869795 -0.814279 -5.917164 -22.276691 -5.545341 6.228238 52.672588 40.425919 -59.105324 5.502119 4.438790 -5.982808 0.807134 1.149774 -1.606969 17.017382 7.723403 25.825590 -35.679344 -35.612156 -76.170898 -3.433256 -9.717586 -0.459174 6.584054 -9.983927 16.219837 -8.424319 -2.489663 25.172434 0.973575 3.798923 2.727078 0.000006 -0.000000 -0.000291 -0.195208 14.585862 -14.684332 2.060886 0.104423 20.757185 -5.616259 -11.195754 -9.327415 -0.000003 0.000004 -0.000296
7.149907 9.440948 -2.300967 -111.527924 -86.304718 103.260155 7.344104 10.608790 29.792707 0.000001 0.000004 -12.161669 0.000003 -0.000007 -0.005902 0.000000 -0.000003 5.829916 0.000001 0.000006 12.605155 -2.610009 -2.218542 -13.821387 -3.764149 -0.407001 -6.034729 -22.686239 -5.385621 6.239140 53.619984 40.555412 -58.284908 6.144502 4.491656 -5.860097 0.845010 1.541389 -1.309972 16.678507 7.290063 25.342802 -35.529083 -35.464294 -75.855415 -3.333273 -9.490219 -0.336494 7.205513 -9.033175 15.792108 -9.744107 -4.840691 30.764545 1.167642 5.934999 5.558653 -0.000002 0.000004 -0.000296 -0.486206 15.709314 -13.576359 2.706785 -1.992293 21.837381 -1.222877 -9.862398 -8.251836 -0.000002 0.000003 -0.000290
6.803793 9.361811 -2.285884 -111.543152 -85.798119 101.683769 7.801216 9.879113 31.179207 -0.000004 0.000001 -12.161665 0.000001 -0.000005 -0.005905 -0.000001 0.000002 5.829915 0.000003 0.000003 12.605156 -2.402094 -1.499560 -13.952481 -3.713091 0.050120 -6.116505 -22.962879 -6.031792 6.402708 54.958687 40.600777 -56.561813 6.517273 4.569171 -5.758181 0.760866 1.771654 -0.956086 16.545547 7.355575 24.451950 -35.999744 -35.552254 -74.991234 -3.357818 -8.964370 -0.082456 7.010160 -8.429935 15.534822 -12.145275 -7.530526 37.790508 2.047101 9.596050 8.557015 -0.000001 0.000006 -0.000289 -0.546675 18.044006 -12.516870 2.535685 -6.165242 25.980120 0.966964 -7.390747 -9.726730 0.000002 0.000003 -0.000290
6.506307 9.268064 -2.217193 -99.567947 -86.191826 87.695366 7.529502 8.244797 32.893158 -0.000003 0.000002 -12.161669 0.000002 -0.000006 -0.005906 0.000003 0.000002 5.829914 -0.000000 -0.000006 12.605162 -2.146356 -1.122037 -13.960893 -3.572299 -0.186156 -6.257276 -22.988497 -6.432730 7.011320 55.622894 40.394169 -55.035599 6.655639 4.438647 -5.827677 0.673477 1.327699 -0.432079 16.347139 7.691400 23.239939 -36.952045 -35.693268 -73.702843 -2.786116 -9.023724 -0.389075 5.822150 -9.089931 15.153252 -15.941450 -9.746151 45.442848 3.721229 13.863800 12.581614 -0.000004 0.000004 -0.000289 1.474264 15.603950 -10.634965 0.435544 -6.925143 30.052372 1.574570 -4.487249 -9.343504 0.000002 -0.000000 -0.000295
6.165384 9.139613 -2.182730 -81.695450 -87.678307 68.249222 5.852505 7.340216 34.437374 -0.000004 0.000006 -12.161665 0.000004 -0.000002 -0.005903 0.000001 0.000001 5.829916 0.000000 -0.000007 12.605161 -1.597628 -1.238875 -14.359112 -2.946119 -1.079710 -6.516014 -22.824024 -6.570264 7.923892 55.006989 39.560490 -54.001343 6.735416 4.167017 -5.973593 0.892096 0.595700 -0.117419 15.749643 7.007107 21.342293 -37.376110 -35.458752 -72.432549 -0.982111 -9.364263 -1.092028 4.143348 -10.013545 14.017465 -20.628288 -10.091636 52.399876 5.756307 16.490986 17.344145 -0.000004 0.000006 -0.000293 -0.002891 14.813431 -10.097239 0.187881 -7.620907 35.558262 3.023919 -3.058636 -12.117928 0.000000 0.000009 -0.000288
5.836923 9.034209 -2.158768 7.001821 -89.016029 -21.499533 2.800477 6.378712 35.532509 -0.000000 -0.000000 -12.161670 0.000003 -0.000003 -0.005905 -0.000003 -0.000001 5.829917 0.000003 -0.000004 12.605156 -1.223125 -0.696144 -14.908759 -2.379013 -1.145858 -6.473400 -22.224846 -7.149417 8.892936 53.579727 38.281155 -52.890270 6.282405 3.613335 -5.995881 1.058553 0.341040 -0.232003 15.085716 5.492145 18.909128 -36.908649 -34.640987 -71.382462 0.993586 -8.994318 -1.006798 1.647448 -10.071536 11.886590 -23.499088 -8.532831 58.949020 7.747221 14.726089 21.490717 -0.000007 -0.000000 -0.000295 -1.979511 17.475079 -9.338238 -0.042018 -8.967310 40.061111 4.016482 -3.828235 -15.921536 -0.000000 -0.000000 -0.000294
5.514884 8.964911 -2.140897 34.198174 -87.625618 -49.312920 0.664277 4.764366 36.022327 -0.000001 0.000004 -12.161667 0.000002 -0.000000 -0.005904 0.000001 -0.000009 5.829912 -0.000000 -0.000003 12.605161 -0.833138 -0.160775 -15.090689 -2.027203 -1.216536 -6.149940 -21.329144 -7.819154 9.890429 52.276123 36.444153 -51.398399 4.769538 3.183573 -5.864223 0.953680 0.022553 -0.401114 14.873586 3.150840 15.862404 -36.621754 -33.327438 -70.304367 2.037369 -8.848949 -0.309929 0.391124 -10.487368 9.141717 -25.755930 -6.833675 64.926819 8.923619 12.153764 19.632208 -0.000007 0.000005 -0.000293 -2.589870 19.345242 -7.142315 0.273448 -9.994639 42.080120 4.547956 -5.175633 -19.146862 -0.000001 0.000003 -0.000294
5.203577 8.923246 -2.117516 21.420877 -86.425049 -36.637421 -0.137612 2.776064 36.154194 -0.000002 0.000003 -12.161670 0.000004 -0.000005 -0.005904 0.000000 -0.000003 5.829913 0.000000 -0.000009 12.605160 -0.515551 -0.139245 -15.029832 -1.771558 -1.957855 -5.875452 -20.631668 -8.888418 10.935935 51.415489 34.833912 -49.446007 2.100274 3.049944 -5.912372 0.572346 -0.738257 -0.748975 15.684776 0.399110 12.439852 -36.947453 -32.366497 -69.226738 2.361182 -8.983583 -0.281916 0.186857 -12.178907 5.608480 -27.547695 -4.500678 69.760742 8.540204 11.444695 14.873430 -0.000003 0.000001 -0.000292 -2.460565 19.651920 -5.430763 1.472043 -9.932322 43.071049 5.047612 -7.022704 -21.625130 0.000005 0.000007 -0.000296
4.894770 8.910310 -2.104970 16.879545 -85.683929 -32.395988 -0.671751 1.362624 36.353100 -0.000004 0.000007 -12.161668 0.000003 -0.000006 -0.005901 -0.000000 -0.000003 5.829915 0.000003 -0.000006 12.605155 -0.551515 -0.316702 -14.586125 -1.515200 -2.782524 -5.460637 -20.177681 -10.427957 12.447556 50.323330 34.053658 -47.973061 -0.503856 3.010281 -6.584763 0.254618 -1.495769 -0.826480 17.344427 -2.431218 8.671169 -37.242683 -32.287266 -68.776871 2.582796 -9.008158 -0.537888 0.197717 -13.153850 2.399993 -28.256001 -2.433707 73.095367 6.837775 11.457486 10.548026 -0.000003 0.000005 -0.000296 -2.098964 18.747278 -4.052220 0.970087 -10.288371 44.692051 5.242420 -6.118340 -23.562819 -0.000000 0.000008 -0.000291
4.585757 8.917011 -2.099111 12.139979 -84.893509 -27.906517 -0.953160 -0.056820 36.454430 -0.000001 0.000008 -12.161667 0.000001 -0.000003 -0.005905 0.000000 0.000003 5.829916 0.000001 -0.000000 12.605158 -0.881338 -0.675377 -14.105770 -1.417282 -3.646468 -5.087427 -20.173182 -12.177373 14.602823 50.237690 33.625854 -46.747959 -1.531309 3.051757 -7.360156 0.003985 -2.368270 -0.958879 19.413097 -4.910634 4.753306 -36.892765 -32.760559 -69.022797 2.270455 -9.271266 -0.697287 0.476757 -13.928436 -0.638343 -27.906130 -1.031307 74.929688 4.778957 11.295780 7.318449 -0.000003 0.000004 -0.000294 -1.422639 17.009512 -2.058342 0.519525 -9.724741 44.920128 5.320690 -5.491034 -24.722479 -0.000001 0.000004 -0.000290
4.273873 8.948430 -2.093725 9.036422 -84.070503 -25.036144 -1.276350 -1.694363 36.713066 -0.000002 0.000006 -12.161670 0.000002 -0.000011 -0.005903 0.000000 -0.000002 5.829917 0.000000 -0.000004 12.605155 -1.421085 -0.800661 -13.958397 -1.512808 -4.340199 -4.967041 -20.687254 -13.566596 16.957836 51.421192 33.162277 -45.700989 -1.007247 2.858133 -7.662661 -0.006543 -3.148188 -1.342622 21.185465 -6.455326 1.173019 -36.059925 -33.379395 -69.719948 0.862313 -10.195351 -0.585302 0.811298 -14.383089 -3.638655 -26.876913 -0.226246 75.544495 3.324089 10.797329 4.567461 -0.000003 0.000003 -0.000290 -0.907738 15.961553 0.607269 1.020241 -9.147430 43.982628 5.232348 -5.964975 -25.539692 -0.000003 0.000003 -0.000293
3.962157 9.001615 -2.095091 6.902464 -83.855927 -22.525078 -1.614718 -3.172241 36.538376 -0.000007 0.000007 -12.161670 0.000003 -0.000005 -0.005903 0.000001 0.000000 5.829914 0.000004 -0.000007 12.605160 -2.042560 -0.381349 -14.160702 -1.513215 -4.748032 -5.119106 -21.513794 -14.207925 19.019053 52.811680 32.943893 -45.068581 0.017458 2.264837 -7.952854 0.478466 -3.613064 -2.030703 22.064407 -7.443117 -1.343102 -34.544960 -33.788223 -71.427841 -0.822224 -11.271567 -0.209445 1.572230 -13.780935 -6.978234 -25.845522 -0.344295 74.915504 2.636901 10.427188 1.693025 -0.000009 0.000009 -0.000292 -0.301581 15.757688 2.873719 1.697826 -8.688943 42.397461 4.771446 -6.881510 -25.526011 -0.000006 0.000006 -0.000285
3.649541 9.075478 -2.100977 4.690958 -84.086555 -19.449303 -1.716172 -4.301126 35.780163 -0.000002 0.000005 -12.161668 -0.000001 -0.000001 -0.005905 0.000002 0.000002 5.829917 0.000001 0.000000 12.605156 -2.630119 0.155709 -14.363951 -1.430727 -5.315883 -5.206745 -22.434477 -14.162149 20.568800 53.953705 33.014706 -44.822762 1.029519 1.964503 -8.265099 1.058679 -4.136636 -2.485580 22.646900 -8.101341 -3.089529 -33.088440 -33.924171 -73.809456 -1.747313 -11.780746 -0.091188 2.652191 -12.093768 -10.283464 -24.818256 -1.582617 73.083206 2.094946 9.988886 -1.015876 0.000005 -0.000003 -0.000287 0.489940 16.131756 4.869864 2.057721 -8.535584 40.391491 3.968818 -7.833493 -24.296900 0.000002 -0.000005 -0.000291
3.332546 9.170076 -2.104988 3.083800 -84.231972 -16.977213 -1.712361 -5.440740 35.038422 -0.000005 0.000002 -12.161666 0.000002 -0.000002 -0.005904 0.000001 -0.000005 5.829914 0.000001 0.000006 12.605156 -3.192087 0.600045 -14.604659 -1.391693 -6.045097 -5.287228 -23.393549 -13.835207 21.641399 54.534203 33.465446 -44.899620 2.010629 2.172980 -8.414713 1.487801 -4.678138 -2.806345 23.135525 -8.048962 -4.497782 -32.615936 -34.171719 -75.618210 -1.963925 -11.562116 -0.398873 3.499806 -10.419156 -12.830979 -23.539314 -3.378024 69.611038 1.671231 9.045026 -2.975050 0.000006 -0.000003 -0.000293 1.353290 16.172543 6.898081 2.290684 -8.053546 38.286690 2.687352 -9.060261 -21.755100 0.000005 0.000002 -0.000297
3.006633 9.280312 -2.111112 1.528082 -84.561264 -14.702190 -1.688175 -6.598872 34.357071 -0.000004 0.000000 -12.161668 0.000001 -0.000003 -0.005906 0.000001 -0.000002 5.829914 0.000001 -0.000002 12.605161 -3.756727 1.234945 -14.757918 -1.407802 -6.452045 -5.221149 -24.257877 -13.533978 22.312696 54.421356 34.267666 -45.267822 2.769382 2.753055 -8.356801 1.771065 -4.900842 -3.091058 23.281847 -7.170139 -5.482563 -33.119007 -34.643471 -76.451347 -2.153013 -11.145071 -0.733660 4.259120 -9.215590 -14.308519 -21.975136 -5.077280 64.183517 1.730237 7.421778 -4.531178 0.000007 -0.000000 -0.000288 2.380989 16.144352 9.061273 2.589028 -7.201102 36.135838 0.899803 -10.528318 -17.939970 -0.000001 0.000003 -0.000292
2.670729 9.396703 -2.121870 -1.240596 -85.324127 -11.310212 -1.512757 -7.291854 33.653057 -0.000003 0.000005 -12.161667 0.000001 -0.000008 -0.005903 -0.000001 0.000004 5.829915 0.000002 0.000001 12.605157 -4.213029 1.856998 -14.751605 -1.425023 -6.689365 -5.019674 -24.878572 -13.237436 22.724688 53.744907 35.177170 -45.944351 3.176116 3.474391 -8.171659 2.049030 -5.046106 -3.410709 22.929701 -5.947815 -5.892145 -33.665886 -35.042423 -77.001251 -2.504692 -10.884714 -0.902978 5.015346 -8.075686 -14.659789 -20.114937 -6.967528 56.897163 1.722501 5.696594 -5.946383 -0.000001 0.000007 -0.000300 3.576885 16.357248 11.207344 2.961542 -6.234171 34.111465 -1.265121 -11.952740 -13.101811 -0.000003 0.000006 -0.000295
2.327486 9.504086 -2.134886 -5.888697 -86.397499 -5.746612 -1.130664 -7.525191 32.506664 -0.000002 0.000002 -12.161668 0.000002 -0.000000 -0.005905 0.000004 0.000000 5.829916 -0.000002 -0.000005 12.605154 -4.654809 2.340850 -14.578688 -1.481608 -6.820165 -4.645499 -25.272203 -13.027126 22.912003 52.845680 35.998024 -46.735741 3.260781 4.047482 -7.873045 2.269407 -5.164503 -3.690983 22.267042 -4.995067 -5.791661 -33.593403 -35.165375 -77.995422 -2.632739 -10.770105 -1.007998 5.791895 -7.036449 -14.350266 -17.476994 -8.830287 47.802696 1.406454 4.190796 -7.057325 0.000007 -0.000001 -0.000290 4.534596 16.645132 12.770939 3.403333 -5.386999 32.411217 -3.770153 -12.951277 -7.490357 0.000007 0.000006 -0.000291
1.977061 9.591047 -2.145992 -11.851030 -87.386627 1.609238 -0.678159 -7.565945 30.752708 -0.000005 0.000002 -12.161669 0.000004 -0.000002 -0.005902 -0.000001 0.000001 5.829916 0.000001 -0.000005 12.605158 -5.104308 2.630747 -14.291266 -1.500846 -6.934267 -4.242770 -25.541321 -12.933850 23.021973 52.155140 36.561649 -47.295483 3.259725 4.251613 -7.565124 2.465046 -5.335118 -3.869545 21.442333 -4.366531 -5.400423 -32.973980 -35.095974 -79.411369 -2.375616 -10.696159 -1.204698 7.035115 -7.417221 -13.501665 -14.293170 -8.566849 37.071232 1.732759 3.475858 -8.995212 -0.000008 0.000003 -0.000288 4.721221 16.601749 13.474838 4.148032 -4.593459 30.994860 -6.388874 -13.438203 -1.178683 -0.000003 0.000003 -0.000294
1.618451 9.653418 -2.151111 -13.176132 -88.260437 4.261065 -0.409847 -7.437502 29.063826 -0.000003 0.000008 -12.161666 0.000004 -0.000005 -0.005905 -0.000001 -0.000003 5.829916 0.000000 -0.000001 12.605156 -5.582755 2.733595 -14.103047 -1.480285 -7.062135 -3.948200 -25.733492 -12.954018 23.110575 52.086620 36.697094 -47.322830 3.360192 4.135434 -7.397779 2.570719 -5.605195 -4.070735 20.500938 -3.854023 -4.792771 -32.250404 -34.985607 -80.863823 -2.028498 -10.777834 -1.434786 7.613755 -9.115100 -12.073460 -11.018668 -6.452224 26.502953 2.922919 4.896168 -11.397559 -0.000002 -0.000003 -0.000295 4.050640 15.870025 13.695538 5.083342 -3.458779 30.298893 -8.884587 -13.322201 5.117700 0.000005 -0.000001 -0.000301
1.258845 9.680044 -2.148227 14.515989 -89.161865 -22.580957 -0.512067 -6.878750 28.033022 -0.000003 -0.000001 -12.161671 0.000004 -0.000000 -0.005904 -0.000001 0.000002 5.829915 -0.000001 -0.000001 12.605157 -6.036069 2.615143 -14.208673 -1.474524 -7.265362 -3.873322 -25.755772 -13.144861 23.116360 52.564762 36.510490 -46.827679 3.357353 3.867859 -7.306547 2.562002 -6.007325 -4.378438 19.528219 -3.188390 -4.078795 -31.655445 -35.028297 -82.137009 -1.890425 -10.923692 -1.616826 5.436686 -8.812999 -11.278319 -7.327458 -6.201437 19.258293 5.014056 7.901464 -12.625010 -0.000004 -0.000004 -0.000291 3.040128 14.682081 13.771732 5.828761 -1.787373 30.922752 -11.036683 -12.980476 10.556026 -0.000003 0.000007 -0.000295
0.901007 9.657673 -2.142869 86.077965 -88.626411 -93.899734 -1.223732 -6.249937 27.706327 -0.000003 0.000008 -12.161667 0.000001 -0.000010 -0.005902 0.000001 -0.000001 5.829912 0.000001 0.000000 12.605164 -6.410021 2.508264 -14.391334 -1.522193 -7.313808 -3.891121 -25.496008 -13.352969 22.988247 53.027046 36.176437 -46.305710 3.212180 3.532864 -7.286705 2.447462 -6.220477 -4.564846 18.593065 -2.435247 -3.432783 -31.297060 -35.233414 -83.148911 -1.963326 -11.079166 -1.775425 3.701755 -9.798307 -10.617079 -5.154987 -4.791125 15.034986 7.172002 10.048788 -13.297003 0.000003 0.000001 -0.000296 1.876309 13.842175 13.682307 6.735875 -0.488158 33.417328 -13.143338 -12.855179 14.959983 -0.000007 0.000004 -0.000294
0.540452 9.588168 -2.141053 91.027313 -87.362030 -99.546310 -2.194541 -6.018067 28.397053 -0.000003 0.000005 -12.161669 0.000003 -0.000003 -0.005905 0.000001 0.000003 5.829916 -0.000000 -0.000006 12.605162 -6.726892 2.454352 -14.570283 -1.589804 -7.164371 -3.856095 -24.847006 -13.372416 22.586920 53.127960 35.672623 -46.139500 3.084075 3.261361 -7.339143 2.184214 -6.174315 -4.606960 17.759047 -1.734888 -2.819113 -31.245476 -35.557430 -83.807709 -2.058238 -11.290304 -2.031483 2.932190 -11.973757 -9.003837 -4.558614 -2.468758 13.794914 5.137513 8.765907 -13.075607 0.000001 -0.000001 -0.000293 0.765598 13.085592 13.559707 8.451137 0.305351 37.687916 -15.302066 -13.411915 18.874401 0.000000 0.000001 -0.000294
0.183686 9.469477 -2.154968 90.158539 -86.698860 -100.007790 -2.577242 -5.728911 29.785305 -0.000003 -0.000002 -12.161666 0.000001 -0.000001 -0.005905 0.000001 0.000002 5.829915 -0.000001 -0.000005 12.605155 -6.872317 2.304556 -14.798326 -1.625894 -6.971971 -3.766574 -23.859785 -13.122620 21.858826 52.997746 34.948944 -46.281013 2.871663 3.042982 -7.352098 1.844264 -6.090659 -4.615567 16.908485 -1.286345 -2.076593 -31.314741 -35.755249 -84.071846 -2.022367 -11.495216 -2.448348 3.866168 -13.039820 -7.669805 -6.109635 -0.976946 16.549189 1.435660 6.307070 -13.094743 0.000003 -0.000002 -0.000295 0.307983 12.443068 13.048400 10.334833 0.403552 43.428596 -15.952061 -14.138992 21.977512 -0.000002 0.000004 -0.000296
-0.153054 9.274747 -2.200596 110.385704 -86.682114 -122.058968 -1.727835 -3.972341 31.880728 -0.000001 0.000002 -12.161666 0.000002 -0.000006 -0.005905 -0.000002 0.000001 5.829913 0.000004 0.000005 12.605158 -6.855468 1.832611 -14.832127 -1.760445 -7.263349 -3.520901 -22.581657 -12.670978 20.438688 53.044025 34.262363 -46.330189 2.359326 2.799892 -7.340500 1.510450 -6.162794 -4.836856 15.927629 -1.317703 -1.098333 -31.278250 -35.512974 -83.957237 -1.883735 -11.492965 -2.870263 5.047868 -12.653605 -6.470609 -7.948704 0.974759 19.595051 1.698762 4.996252 -11.181606 0.000003 0.000003 -0.000296 1.063059 13.033957 12.230204 12.249872 -0.089384 50.181767 -16.008726 -14.497151 24.546755 -0.000005 0.000007 -0.000292
-0.479773 9.130515 -2.251079 154.819260 -86.854218 -168.132950 0.857080 -2.501077 34.146671 -0.000003 0.000001 -12.161665 0.000000 -0.000002 -0.005905 -0.000000 -0.000001 5.829916 0.000004 -0.000006 12.605154 -7.323195 1.839891 -15.534666 -1.796337 -7.335449 -3.884995 -21.708008 -11.522034 18.934385 53.573982 33.650253 -46.232426 1.146172 2.732146 -7.600281 0.817628 -5.659065 -5.060302 14.687322 -1.153184 0.141224 -31.288366 -34.967922 -82.710457 -2.117240 -11.583485 -3.188956 6.131734 -12.232207 -5.595202 -6.545583 3.302334 27.005243 -1.741148 3.014368 -14.360924 -0.000001 -0.000001 -0.000296 2.711138 13.812105 10.709880 15.488377 -0.605025 56.512829 -17.349403 -14.315510 23.994774 -0.000002 0.000003 -0.000295
-0.826498 9.015962 -2.301384 -145.794724 -85.786850 131.539917 4.975475 -2.759995 35.745956 0.000000 0.000002 -12.161670 0.000002 0.000004 -0.005904 0.000003 0.000002 5.829916 -0.000000 -0.000009 12.605157 -7.786790 2.054759 -16.755478 -1.392955 -6.786637 -4.226997 -21.547119 -10.536483 16.976860 54.357815 33.260845 -46.009846 -0.413627 2.508866 -8.019873 0.085127 -5.267631 -4.927023 13.577509 0.538361 1.850375 -31.725019 -34.823105 -80.183273 -2.086494 -11.349641 -2.500066 10.746171 -13.593161 -6.771533 -6.984914 5.587476 33.978909 -2.892841 1.534207 -17.628035 0.000003 0.000006 -0.000289 5.309131 12.120088 8.035434 17.928900 -0.920829 62.540203 -16.745829 -14.456694 20.535156 -0.000003 0.000007 -0.000294
-1.163200 8.932124 -2.326219 -145.464264 -85.560677 130.856812 5.486999 -2.206400 36.534218 -0.000000 -0.000001 -12.161668 0.000002 0.000000 -0.005902 0.000001 -0.000001 5.829912 -0.000001 -0.000007 12.605157 -7.603800 2.005932 -17.357779 -1.529003 -6.082717 -4.394302 -20.836025 -9.923384 14.594895 55.190647 33.392998 -46.198490 -1.649978 2.152246 -8.312001 0.045466 -4.899082 -4.424972 12.142019 1.924492 3.809488 -31.893370 -34.659100 -78.154709 -0.347517 -10.738030 -1.158480 10.627257 -15.199431 -6.354095 -7.884112 4.853303 37.800220 -3.972915 3.859724 -21.427406 -0.000000 0.000003 -0.000294 5.548735 10.783534 4.579361 17.891993 -1.488738 68.166710 -14.292964 -14.590524 17.038301 0.000000 0.000006 -0.000295
-1.497615 8.868866 -2.366826 -160.342377 -85.511093 146.115845 4.873595 -0.483186 36.394409 -0.000004 -0.000001 -12.161662 0.000002 -0.000005 -0.005904 -0.000001 0.000009 5.829916 0.000002 -0.000004 12.605153 -6.974249 1.900235 -16.986572 -1.485993 -5.640572 -4.708287 -20.229355 -9.265773 12.580823 56.351109 34.104008 -47.093208 -1.360873 2.521894 -8.521160 -0.013238 -4.437803 -3.894447 11.366504 2.430796 5.980522 -32.183327 -34.232616 -76.851952 2.016815 -10.180784 -1.431600 9.474734 -15.846008 -4.808463 -10.036494 2.988690 38.385193 -4.534301 7.469783 -23.926371 0.000008 -0.000003 -0.000292 4.802536 12.596138 0.638242 18.778755 -3.436749 71.478218 -12.085244 -15.763119 14.692366 -0.000002 0.000003 -0.000293
-1.839576 8.844633 -2.399162 -161.231628 -85.453560 146.882172 4.908466 0.623919 36.676819 -0.000001 0.000001 -12.161669 0.000000 -0.000001 -0.005904 0.000001 0.000001 5.829916 0.000004 0.000001 12.605159 -6.289415 1.827473 -16.029255 -1.527020 -5.136350 -5.235193 -19.656126 -8.206955 11.056829 56.890255 35.451420 -49.497059 -0.207305 2.949495 -8.373919 -0.158854 -3.701229 -3.477593 11.243211 2.752177 8.411439 -33.065601 -34.024731 -76.457909 1.867798 -9.828428 -1.890974 9.025756 -16.698931 -3.150470 -9.930225 4.058408 39.456867 -4.598664 6.938642 -26.028231 0.000004 -0.000006 -0.000300 4.522307 14.829640 -2.496912 20.082047 -5.750784 72.543289 -10.204078 -17.039154 12.221763 0.000000 0.000006 -0.000294
-2.190151 8.855334 -2.423355 -163.780304 -84.994728 148.996750 5.008465 2.143413 37.130138 -0.000001 0.000000 -12.161669 0.000001 0.000001 -0.005904 -0.000001 -0.000000 5.829913 0.000003 -0.000003 12.605163 -5.647605 1.714140 -14.962919 -1.762660 -4.597420 -5.790569 -19.309862 -7.321825 9.774997 56.910503 37.541065 -52.627243 0.518537 3.697783 -8.219092 -0.219749 -2.797787 -3.069821 11.578786 3.630407 11.189995 -33.959568 -34.517262 -77.003830 -0.650497 -9.865857 -1.860867 8.277719 -15.460227 -0.590568 -8.714099 4.213887 39.769341 -4.567048 5.207991 -27.227018 0.000004 0.000008 -0.000295 4.129562 16.190268 -5.112019 20.398890 -6.509122 72.615135 -8.207756 -17.333868 9.076720 -0.000004 0.000008 -0.000297
-2.547073 8.894261 -2.450753 -168.841904 -84.148201 153.489807 5.209798 4.400099 37.685150 0.000002 -0.000008 -12.161671 -0.000001 -0.000003 -0.005905 0.000001 0.000003 5.829912 0.000004 -0.000006 12.605161 -5.047544 1.199563 -14.232907 -2.092078 -4.377933 -6.222826 -19.277107 -7.452918 8.681810 57.013306 40.314735 -55.371033 1.092244 4.649070 -8.145186 -0.138250 -2.111453 -2.713281 12.231894 5.304265 13.993057 -34.546967 -35.647556 -77.736908 -3.399266 -10.448462 -1.824859 7.321827 -13.938401 3.085126 -8.386036 2.992551 38.453537 -4.501886 5.321960 -27.488523 -0.000004 0.000003 -0.000286 3.815701 16.876951 -7.369735 19.000731 -6.134666 72.021469 -6.109056 -16.170792 5.832065 0.000001 0.000003 -0.000292
-2.900583 8.943436 -2.463967 -171.283691 -84.472488 156.677704 5.039658 5.497553 36.898380 -0.000000 0.000006 -12.161670 -0.000001 0.000004 -0.005905 0.000001 0.000005 5.829918 0.000002 -0.000000 12.605158 -4.697258 0.624599 -13.865312 -2.599813 -3.894173 -6.676939 -19.394167 -8.317737 8.078964 57.223175 43.149815 -57.819668 1.912015 5.424126 -7.985104 -0.089027 -1.295900 -2.465759 12.761440 7.180156 16.666826 -34.450562 -36.820713 -78.732277 -5.418510 -11.310434 -1.623782 6.380211 -13.765998 5.416586 -8.555895 1.620016 36.330109 -4.014762 6.462110 -26.272783 0.000005 -0.000005 -0.000290 2.838880 15.699264 -10.765449 16.565439 -4.841672 70.448425 -4.305904 -14.058801 3.156896 -0.000002 0.000007 -0.000297
-3.248723 9.012255 -2.474202 -170.935089 -85.033905 157.828598 5.026671 6.370754 35.321598 -0.000005 0.000004 -12.161666 0.000004 -0.000007 -0.005903 -0.000001 0.000005 5.829915 0.000004 -0.000006 12.605156 -4.497194 -0.016458 -13.545630 -3.207680 -3.424994 -6.957968 -19.423365 -8.773890 7.777473 57.306217 45.256912 -60.436081 2.530528 6.020280 -7.932599 -0.108815 -0.573184 -2.231790 13.185952 8.745473 19.076597 -34.017670 -37.662792 -79.856644 -6.488377 -11.923436 -1.428224 5.678099 -13.716127 6.984078 -8.054828 0.816167 34.041172 -3.321935 6.984601 -23.577543 0.000002 0.000008 -0.000287 2.128199 13.607818 -14.435975 14.021500 -2.706164 67.521591 -3.522982 -11.926387 1.324949 0.000003 0.000005 -0.000294
-3.602423 9.109198 -2.483857 -168.896790 -85.233101 156.781769 5.269730 7.452209 34.181866 -0.000004 0.000006 -12.161665 0.000002 -0.000007 -0.005905 0.000003 0.000001 5.829915 -0.000001 -0.000003 12.605156 -4.358434 -0.549280 -13.167344 -3.786433 -2.974337 -7.019116 -19.377161 -8.473957 7.604733 56.681625 46.626389 -63.534340 2.643142 6.172267 -8.110278 -0.187889 0.071296 -1.946271 13.436131 9.841202 21.131046 -33.368893 -38.035995 -81.036583 -6.850665 -12.100461 -1.503129 5.024905 -13.288080 9.194026 -7.284344 0.048226 31.601984 -2.630288 7.308130 -19.635876 0.000001 -0.000010 -0.000294 1.883400 11.916697 -16.762907 12.038365 -0.358716 62.645874 -3.682797 -10.388657 0.203731 -0.000001 0.000008 -0.000294
-3.964437 9.216792 -2.484259 -168.556778 -85.563454 157.129913 5.331560 8.549893 33.270596 -0.000001 -0.000002 -12.161667 0.000002 -0.000002 -0.005904 0.000002 0.000006 5.829915 0.000001 -0.000005 12.605159 -4.138557 -1.142206 -12.770439 -4.202265 -2.720908 -6.997993 -19.470261 -7.885318 7.543403 55.571407 47.532257 -66.648285 2.543236 6.125188 -8.247918 -0.201858 0.419216 -1.600267 13.380675 10.739035 22.760351 -32.771793 -38.073620 -81.972786 -6.978629 -11.973701 -1.661066 4.247290 -12.891886 11.599676 -6.802556 -0.981087 29.144545 -1.936865 7.862740 -14.721227 0.000007 -0.000003 -0.000290 1.138920 10.984303 -17.758974 10.466783 1.434389 55.685463 -3.844700 -9.403360 -0.406962 0.000005 0.000004 -0.000298
-4.332066 9.317844 -2.475580 -169.525345 -86.278481 159.067459 5.083702 9.358231 32.046623 -0.000003 0.000002 -12.161667 0.000001 0.000003 -0.005905 0.000001 -0.000005 5.829914 0.000001 -0.000000 12.605158 -3.837178 -1.762219 -12.447292 -4.505147 -2.657595 -6.910164 -19.666628 -7.452598 7.470056 54.617657 48.179321 -69.112968 2.743126 6.263526 -7.981856 -0.179352 0.497707 -1.277635 13.113941 11.726137 23.937302 -32.706779 -37.866226 -82.259445 -7.216468 -11.350151 -1.740872 3.619550 -12.815432 13.495718 -6.725589 -2.106225 26.801928 -1.280431 8.506799 -8.971229 -0.000004 0.000007 -0.000285 -0.211390 10.627781 -17.881819 8.938515 2.669820 46.849800 -3.650176 -9.065265 -0.746848 0.000004 0.000000 -0.000289
-4.704981 9.403390 -2.468023 -170.321335 -86.956627 161.217560 4.772418 10.275340 30.438961 0.000001 -0.000007 -12.161666 0.000000 0.000003 -0.005905 0.000002 -0.000001 5.829915 0.000000 -0.000007 12.605154 -3.384268 -2.480036 -12.211283 -4.654069 -2.885869 -6.689507 -19.866884 -7.445414 7.339276 54.177723 48.815804 -70.520462 3.351432 6.648284 -7.337881 -0.118941 0.226231 -0.991803 12.695938 12.682182 24.669401 -33.022610 -37.473255 -82.082764 -7.304389 -10.980227 -1.999370 3.565409 -12.362813 14.631271 -7.041976 -3.648997 24.881569 -0.630126 9.116312 -2.708642 -0.000001 -0.000002 -0.000301 -1.948625 11.648156 -17.249901 7.220273 2.569428 36.643158 -3.924215 -9.343954 -1.687853 0.000002 -0.000002 -0.000292
-5.084336 9.466676 -2.468511 -167.497269 -87.422226 159.873672 4.538744 11.018093 28.597414 -0.000003 0.000004 -12.161668 0.000002 0.000003 -0.005906 0.000002 0.000002 5.829916 -0.000000 -0.000003 12.605157 -2.971912 -2.959738 -11.994557 -4.671703 -2.919518 -6.423136 -20.089376 -7.589621 7.345630 53.920998 49.373985 -71.275986 4.117839 7.181022 -6.675581 -0.110989 0.050932 -0.674009 12.192709 13.296863 24.980574 -33.051361 -36.919449 -82.047310 -7.167016 -10.718171 -2.247386 4.167373 -11.675775 15.301260 -7.682896 -5.079930 23.566502 0.175947 9.307344 3.623144 0.000003 -0.000000 -0.000288 -3.039813 13.598475 -16.056248 5.271245 1.570652 26.545391 -4.921854 -10.491290 -3.392931 0.000003 0.000005 -0.000295
-5.465511 9.494042 -2.475087 -151.703018 -87.881134 145.261200 4.640997 11.018791 26.898119 -0.000002 0.000002 -12.161665 0.000004 0.000001 -0.005906 -0.000001 -0.000000 5.829916 0.000003 -0.000006 12.605158 -2.742477 -3.024208 -11.640583 -4.654610 -2.624319 -6.131304 -20.330008 -7.578536 7.467930 53.693630 49.654163 -71.646660 4.982236 7.540714 -6.096097 -0.208982 0.135231 -0.330477 11.672954 13.555709 24.935017 -32.554325 -36.279099 -82.325203 -7.043061 -10.483652 -2.278284 5.131815 -11.337268 15.520895 -8.438340 -5.400063 23.793377 1.152443 8.785801 9.054308 -0.000005 0.000002 -0.000288 -1.978765 13.668430 -15.374257 2.723430 1.878251 19.524235 -6.523544 -11.723565 -5.627409 0.000000 0.000006 -0.000290
-5.847039 9.476694 -2.481102 -118.906601 -87.811882 112.889183 5.269659 10.443744 25.815615 -0.000003 0.000002 -12.161667 0.000002 -0.000002 -0.005904 0.000001 -0.000003 5.829914 0.000002 -0.000003 12.605161 -2.483627 -2.757468 -11.216370 -4.488439 -2.266500 -5.768822 -20.599236 -7.271000 7.685941 53.866154 49.497665 -71.305428 5.917845 7.574880 -5.568380 -0.251913 0.336390 -0.009129 11.168310 13.660839 24.605169 -31.854937 -35.728523 -82.575462 -7.090376 -10.631575 -2.040728 6.295382 -11.112737 15.223905 -9.094836 -4.959363 26.523043 2.236809 7.875619 13.038456 0.000005 0.000000 -0.000292 -0.266260 12.390419 -15.023622 1.199464 3.124176 16.117680 -8.972736 -12.678975 -8.578310 0.000000 -0.000004 -0.000294
-6.235850 9.420610 -2.482328 -100.661415 -86.832138 94.009506 6.306327 9.859986 25.884813 -0.000003 0.000004 -12.161666 0.000004 -0.000005 -0.005905 -0.000001 0.000009 5.829916 0.000001 -0.000003 12.605162 -1.962853 -2.238190 -11.054790 -4.117177 -2.059991 -5.594110 -20.941391 -6.894147 8.109323 54.701176 49.040909 -69.891693 6.812614 7.172916 -5.199991 -0.156262 0.531510 0.124496 10.661041 13.770823 24.072180 -30.997421 -35.403202 -82.763519 -7.251211 -11.037590 -1.551293 7.320062 -10.494915 14.862388 -10.060532 -5.799589 31.537573 3.196469 8.623308 16.464027 -0.000003 0.000003 -0.000295 -0.498346 12.914571 -13.635600 1.967506 1.657626 14.971076 -10.000365 -12.704934 -11.752663 0.000003 0.000006 -0.000292
-6.629224 9.323379 -2.481757 -102.165199 -85.687889 94.130943 7.325444 9.618449 26.817135 -0.000004 0.000006 -12.161666 0.000003 -0.000005 -0.005907 -0.000003 -0.000001 5.829916 0.000004 -0.000001 12.605158 -1.355661 -1.477171 -11.148078 -3.717351 -1.763571 -5.447496 -21.099020 -6.766169 8.674299 55.952621 48.260166 -67.454002 7.502840 6.529519 -5.083708 0.106964 0.717172 0.086241 10.121259 13.881802 23.523661 -30.094599 -35.334866 -83.041214 -7.314384 -11.564844 -1.045119 7.877449 -9.420162 14.563237 -12.304495 -8.087283 38.124771 4.513685 11.882585 19.805910 -0.000002 0.000002 -0.000294 -0.819459 15.490866 -12.250853 2.744250 -2.321754 16.702082 -5.522671 -11.150441 -10.376722 0.000002 0.000001 -0.000293
-7.018649 9.194727 -2.462245 -97.445953 -85.372597 87.340958 7.539195 8.355204 28.428375 -0.000005 0.000010 -12.161670 0.000003 -0.000007 -0.005902 -0.000002 0.000008 5.829916 0.000004 -0.000007 12.605159 -0.971847 -0.556453 -11.191788 -3.422223 -1.555016 -5.479831 -21.006031 -6.554976 9.574972 56.911766 47.128124 -64.667786 7.928771 5.848856 -5.244028 0.429231 1.007036 0.252963 9.378027 13.682903 22.585690 -29.295242 -35.280811 -83.381706 -7.112696 -12.168562 -0.867919 7.085551 -9.878402 14.416870 -15.868212 -9.728010 45.494652 8.030454 15.159422 22.574863 0.000000 0.000000 -0.000295 0.595354 16.858692 -10.905342 0.152121 -7.104453 21.319668 0.101601 -7.039473 -9.044879 0.000001 -0.000000 -0.000297
-7.390806 9.055366 -2.408488 -69.878174 -85.800682 57.130150 6.310310 5.564615 30.755529 -0.000003 0.000002 -12.161662 0.000003 -0.000003 -0.005907 -0.000001 0.000002 5.829917 0.000001 -0.000000 12.605162 -0.470233 0.212203 -11.294844 -2.928646 -2.060232 -5.893786 -20.746544 -6.163170 10.866802 57.113846 45.657242 -61.793255 8.266096 5.342008 -5.532539 0.817296 1.051482 0.605410 8.302083 12.942714 21.003279 -28.773836 -34.961388 -83.625427 -6.575479 -12.633130 -1.021707 5.187901 -11.409418 14.441036 -20.282188 -10.903133 52.900444 11.954008 15.965961 23.675068 -0.000003 0.000002 -0.000294 0.219310 12.939583 -8.866261 -0.888515 -8.945181 26.563351 2.469718 -2.475509 -8.134883 0.000003 0.000006 -0.000292
-7.749106 8.925682 -2.369954 -14.246099 -87.128670 0.125649 2.770563 4.942461 31.812248 -0.000004 0.000001 -12.161666 0.000002 0.000004 -0.005904 0.000001 -0.000001 5.829913 0.000003 -0.000000 12.605160 0.325644 0.206145 -11.274231 -1.976445 -3.489931 -5.527836 -20.800591 -6.778068 12.214766 57.044716 43.843876 -58.075180 8.251381 5.159594 -5.418000 0.764884 0.551489 0.926152 7.720332 11.245632 19.212296 -29.083471 -34.315830 -82.921112 -5.650009 -12.682007 -1.248508 1.840951 -11.752226 12.829165 -24.180714 -9.905401 59.473259 13.197803 15.636431 20.120317 0.000003 0.000002 -0.000293 -3.868883 13.248884 -10.657187 -0.288180 -10.206399 34.950237 3.823948 -1.759711 -10.907568 -0.000006 0.000008 -0.000297
-8.094706 8.843771 -2.365626 10.560231 -87.310883 -25.427971 1.291179 4.333773 33.402946 -0.000004 0.000004 -12.161672 0.000003 -0.000003 -0.005904 0.000000 0.000003 5.829914 0.000005 -0.000006 12.605160 0.450080 0.897713 -12.294973 -1.633464 -3.381092 -5.791394 -20.798937 -8.851615 13.766342 57.029419 41.825161 -53.923916 6.791681 4.978055 -4.962958 0.550697 0.555303 0.232365 7.567543 9.994353 16.605070 -29.698996 -33.873383 -81.287994 -4.278311 -12.056969 -1.082291 0.436101 -9.962675 9.777686 -25.000240 -8.235096 65.995056 11.623242 14.353171 15.308901 0.000000 0.000002 -0.000292 -4.618249 14.685677 -10.409552 0.050698 -9.504371 40.183380 5.272665 -2.877142 -15.229761 -0.000005 0.000006 -0.000290
-8.430186 8.793104 -2.352250 -3.806009 -87.434181 -10.697767 1.446346 3.096162 33.140545 -0.000002 -0.000000 -12.161667 0.000002 -0.000003 -0.005905 0.000002 0.000007 5.829918 0.000003 -0.000004 12.605153 -0.032115 1.484930 -12.404043 -1.637117 -3.267838 -5.656530 -20.135468 -9.789421 15.675488 56.072910 39.092628 -51.093708 3.922743 4.905573 -5.130607 0.590184 0.348812 -0.131839 7.436894 8.696704 14.051375 -29.482901 -33.436810 -80.559616 -2.951932 -12.181998 -0.757370 0.877790 -10.262156 5.201217 -25.361462 -5.367057 70.712715 9.688495 13.270470 11.772621 -0.000002 0.000003 -0.000292 -3.780194 16.880369 -8.827716 1.491863 -9.795201 41.596546 5.623349 -5.078054 -18.563271 0.000004 0.000009 -0.000290
-8.763552 8.780780 -2.335656 -6.753673 -88.007576 -8.021665 1.117150 1.822951 33.675228 -0.000002 -0.000001 -12.161670 0.000003 0.000000 -0.005901 -0.000000 -0.000004 5.829913 0.000004 -0.000006 12.605159 -1.097830 2.632224 -12.077066 -1.812225 -3.077565 -5.646542 -19.407223 -9.562934 17.078136 54.437698 36.407516 -49.965214 1.043066 4.557549 -5.904644 0.455330 0.258033 -0.841243 7.565591 7.222624 12.355018 -28.550951 -33.166962 -81.950211 -2.405661 -13.083231 -0.842941 0.769023 -11.662929 1.404576 -25.695589 -1.688962 73.141960 8.066684 12.803118 9.032600 0.000011 -0.000006 -0.000295 -2.916832 18.805483 -6.468435 2.081812 -9.838580 42.255699 6.213933 -6.226593 -20.997766 -0.000004 0.000004 -0.000289
-9.097832 8.792774 -2.325789 -11.887346 -88.293259 -3.564824 0.936487 0.408406 34.444118 -0.000003 0.000006 -12.161667 0.000001 0.000002 -0.005904 0.000002 0.000004 5.829916 0.000001 -0.000008 12.605159 -2.280463 3.477983 -11.307272 -1.758905 -3.377249 -5.598002 -19.354988 -8.880672 18.532078 52.683422 34.954052 -50.380123 -0.989530 4.125802 -6.788226 0.742635 -0.053632 -1.532711 7.662344 5.891210 11.166608 -27.999662 -33.358089 -84.266418 -3.390057 -13.370969 -0.856021 0.910779 -13.230242 -1.558961 -26.366238 0.977064 73.830750 6.525410 13.133684 6.235775 -0.000003 0.000002 -0.000295 -1.747640 18.643507 -3.916117 1.025562 -10.006382 43.236141 6.408584 -4.950403 -22.731770 0.000000 0.000004 -0.000290
-9.435250 8.826846 -2.313433 -10.209952 -87.585815 -5.917212 0.565509 -2.010194 34.943657 -0.000004 0.000006 -12.161669 0.000001 0.000009 -0.005903 -0.000001 0.000000 5.829913 0.000005 -0.000004 12.605161 -3.655738 4.226379 -10.371970 -1.696319 -3.729771 -5.349680 -20.469202 -8.912402 20.196117 52.285553 35.154430 -50.881935 -1.694063 4.157372 -7.645033 1.174658 -0.331381 -1.978681 7.835512 5.435965 9.887100 -28.680321 -34.310341 -85.769287 -4.710049 -13.360661 -0.864760 0.824454 -14.698544 -4.334332 -26.468430 2.224473 73.660683 4.983199 13.194993 3.143481 -0.000011 0.000005 -0.000292 -0.743311 16.427290 -0.703510 0.505143 -8.409417 42.767170 6.508008 -4.659047 -23.691591 -0.000005 0.000006 -0.000291
-9.770861 8.878947 -2.313154 -14.551197 -87.832375 -1.449047 0.643329 -3.385302 34.804264 0.000001 0.000001 -12.161669 -0.000000 -0.000004 -0.005903 0.000000 0.000001 5.829916 0.000001 -0.000003 12.605159 -5.113373 4.855441 -9.684474 -1.757013 -4.205625 -5.212471 -22.149269 -9.837053 21.699041 52.899246 36.338871 -50.778820 -1.325047 4.472529 -8.690674 1.545842 -0.638028 -2.553499 8.154000 5.668011 8.654758 -29.656887 -35.812302 -86.831329 -5.452937 -13.323163 -0.993954 1.296746 -14.401787 -7.655437 -25.459982 2.390211 72.649017 3.494574 11.978581 0.215415 0.000001 -0.000000 -0.000293 -0.090922 15.939705 2.049307 1.265015 -6.993616 41.268024 6.166924 -5.600376 -24.083857 0.000003 0.000007 -0.000296
-10.100030 8.947171 -2.318769 -37.288574 -88.829971 22.298388 0.922017 -3.839222 33.851852 -0.000006 0.000012 -12.161669 0.000003 -0.000010 -0.005901 0.000001 0.000004 5.829912 -0.000001 -0.000003 12.605161 -6.439684 5.628773 -9.026700 -1.835759 -4.598091 -5.165396 -23.528944 -10.774556 22.967915 53.523373 37.525768 -50.610847 -1.146411 4.854857 -9.900695 1.965193 -0.866877 -3.227970 8.496566 5.771518 7.802795 -29.917492 -37.034790 -88.398010 -5.720047 -13.374867 -1.272858 2.240100 -12.449506 -11.366233 -24.055529 1.318687 70.577011 2.431284 9.949698 -2.060937 -0.000003 0.000009 -0.000292 0.359019 16.463760 3.986220 2.103060 -6.058922 39.299660 5.273587 -6.585796 -23.184103 0.000001 0.000003 -0.000295
-10.427678 9.034317 -2.318629 -77.180511 -89.243591 63.263325 0.796697 -4.529088 32.774429 -0.000002 0.000005 -12.161665 0.000002 0.000002 -0.005903 0.000001 -0.000005 5.829914 -0.000001 -0.000001 12.605159 -7.445865 6.555593 -8.263676 -1.792499 -4.870135 -5.107325 -24.277609 -11.050113 24.072569 53.530220 38.165966 -51.094582 -1.723822 4.996888 -10.876945 2.455113 -1.050491 -3.809997 8.792742 5.412003 7.236711 -29.408190 -37.656124 -90.482368 -5.739467 -13.595114 -1.613193 2.783722 -10.599645 -14.329248 -22.913813 -0.781692 66.948692 2.228176 8.045545 -3.650568 -0.000004 -0.000000 -0.000294 0.621130 16.199051 5.883752 2.449528 -5.087000 37.282593 3.960522 -7.251984 -20.967798 -0.000004 0.000001 -0.000292
-10.760192 9.136082 -2.324885 -120.827126 -89.131371 107.710739 0.635071 -5.186728 31.843422 -0.000004 0.000000 -12.161668 0.000002 -0.000003 -0.005904 0.000004 -0.000001 5.829916 -0.000003 0.000000 12.605159 -8.094171 7.459023 -7.473912 -1.712935 -5.027043 -4.985306 -24.565573 -11.027053 25.113697 52.887680 38.428738 -52.110062 -2.596978 4.804619 -11.589075 2.815801 -1.275198 -4.238770 9.067290 4.847908 6.791930 -28.539364 -37.922523 -92.480186 -5.656260 -13.917750 -1.804234 3.241938 -9.591245 -16.125521 -21.795195 -3.100683 61.482029 2.603194 6.694845 -5.083982 -0.000003 -0.000000 -0.000295 0.964377 15.504615 7.909405 2.751533 -3.637436 35.435947 2.289880 -8.202498 -17.693712 0.000003 0.000003 -0.000296
-11.100939 9.242312 -2.342352 -144.064423 -88.488846 131.636017 0.769278 -5.689277 30.857094 -0.000003 -0.000000 -12.161669 0.000002 -0.000007 -0.005907 -0.000000 0.000004 5.829915 0.000003 -0.000005 12.605159 -8.601098 8.363338 -6.706918 -1.758542 -4.925691 -4.677822 -24.701084 -11.316550 26.012005 52.274124 38.570789 -52.906147 -3.232005 4.692975 -12.020058 2.923112 -1.403096 -4.515830 9.289000 4.350060 6.435745 -27.581560 -38.037857 -94.008522 -5.665031 -14.194150 -1.592462 3.983748 -9.125556 -16.732689 -19.795057 -5.336586 54.048157 2.713816 5.752857 -6.250510 0.000008 -0.000007 -0.000289 1.589381 15.398277 9.923363 3.154135 -2.396558 33.766415 0.360586 -9.466140 -13.504323 0.000006 -0.000000 -0.000294
-11.450580 9.343897 -2.367981 -154.092819 -87.529549 142.355453 1.098514 -5.868558 29.926085 -0.000004 0.000009 -12.161668 0.000002 -0.000004 -0.005905 -0.000002 -0.000004 5.829914 0.000003 -0.000001 12.605162 -9.035935 9.164772 -6.198583 -1.821984 -4.637432 -4.364766 -24.787550 -12.030668 26.636854 51.838322 38.709572 -53.322838 -3.490834 4.758780 -12.248711 2.961826 -1.528688 -4.744084 9.315848 3.998424 6.119555 -26.600832 -38.026558 -95.119965 -5.881435 -14.503258 -0.925991 5.478529 -9.712375 -16.033302 -16.719910 -5.645098 44.458328 2.791424 5.361619 -7.873322 -0.000002 0.000009 -0.000295 2.320692 15.964227 11.623852 3.695255 -1.589224 32.545563 -1.837824 -10.816984 -8.447104 0.000000 0.000001 -0.000291
-11.806693 9.429831 -2.390154 -158.009354 -86.712349 147.133041 1.436567 -5.896813 29.018728 -0.000001 -0.000001 -12.161667 0.000001 -0.000003 -0.005903 0.000001 0.000001 5.829914 0.000002 -0.000000 12.605161 -9.402309 9.702992 -6.110673 -1.811750 -4.455274 -4.195301 -24.651754 -12.774294 26.828482 51.220459 38.755383 -53.715015 -3.498688 4.850667 -12.319155 3.008843 -1.809521 -5.005527 9.177827 3.750561 5.916250 -25.704218 -37.920025 -95.888863 -6.315504 -14.894969 -0.140490 6.594103 -11.420336 -14.336337 -12.758827 -3.747676 33.856144 3.576642 6.423203 -10.195194 0.000002 -0.000002 -0.000287 2.689094 16.151022 12.525363 4.440322 -0.598680 32.140694 -3.997881 -11.967490 -2.523789 0.000003 -0.000004 -0.000301
-12.164000 9.490388 -2.403945 -162.032425 -86.280739 151.822250 1.483583 -5.866645 28.452511 -0.000001 0.000004 -12.161665 0.000002 -0.000006 -0.005906 0.000003 0.000007 5.829916 -0.000000 -0.000006 12.605161 -9.607347 9.986131 -6.394342 -1.702160 -4.375072 -4.042110 -24.190161 -13.463714 26.516037 50.309868 38.677017 -54.242111 -3.328750 4.957437 -12.053946 3.023388 -2.299458 -5.179895 8.989095 3.509568 5.858755 -25.147636 -37.736271 -96.226234 -6.857784 -15.218891 0.379239 5.549307 -11.042891 -12.494665 -8.703756 -3.112379 24.915398 5.992093 8.908388 -11.720762 0.000000 -0.000002 -0.000292 2.611715 15.575142 12.734587 5.390947 0.950931 33.030533 -6.197331 -12.931386 3.689459 -0.000001 0.000003 -0.000295
-12.520021 9.512273 -2.415355 -169.803680 -86.243965 159.730743 0.991661 -5.821528 28.320061 -0.000004 0.000003 -12.161667 0.000002 -0.000002 -0.005907 -0.000000 -0.000002 5.829916 0.000003 0.000003 12.605159 -9.546009 10.105687 -6.725328 -1.569322 -4.277156 -3.682943 -23.297508 -14.022709 25.736679 49.177105 38.453392 -54.931839 -3.063210 5.166134 -11.461946 2.969973 -2.843868 -5.062493 8.882779 3.220301 5.995898 -25.195528 -37.557171 -95.999939 -7.410690 -15.218307 0.576767 4.024583 -10.208453 -10.949722 -6.239392 -3.549297 18.552946 9.833952 12.501609 -11.981827 0.000003 -0.000000 -0.000287 2.304554 14.780909 12.518971 6.569050 2.407202 35.544701 -8.549475 -13.836497 9.667187 -0.000001 0.000001 -0.000291
-12.881461 9.492043 -2.430664 179.553238 -86.562820 169.640762 0.163916 -5.966862 28.886766 0.000000 0.000001 -12.161665 0.000003 0.000005 -0.005905 0.000000 -0.000007 5.829915 0.000003 -0.000000 12.605158 -9.338821 10.109258 -6.919886 -1.598658 -4.188860 -3.183757 -21.961191 -14.261736 24.571386 48.065430 38.137337 -55.633514 -2.825044 5.411693 -10.714194 2.723908 -3.156277 -4.774022 8.849194 2.744220 6.366101 -25.756691 -37.295769 -95.140808 -8.046460 -14.777644 0.584265 3.224567 -11.027868 -8.862501 -5.162129 -3.080083 15.184004 12.620968 14.605651 -13.115396 -0.000008 0.000003 -0.000286 2.123151 14.094210 12.314200 8.028132 3.079183 39.847321 -11.383637 -14.492846 15.265679 0.000004 0.000004 -0.000297
-13.243854 9.417843 -2.455038 170.216919 -87.011612 178.000595 -0.402062 -6.108183 29.573261 0.000000 0.000001 -12.161666 0.000001 0.000004 -0.005904 0.000001 -0.000006 5.829914 -0.000000 -0.000000 12.605156 -9.124388 9.882110 -7.000289 -1.763301 -4.155531 -2.818688 -20.545860 -14.118792 23.285725 47.259636 37.854515 -56.190731 -2.595830 5.565351 -10.149131 2.276271 -3.270287 -4.513806 8.776043 2.234992 6.924273 -26.598866 -36.858414 -93.557106 -8.838472 -14.217335 0.632562 3.537445 -13.031590 -7.388340 -5.302630 -1.207021 15.064407 13.723801 14.703449 -14.506506 0.000004 0.000000 -0.000280 2.335575 13.526671 11.505005 9.910341 3.097953 45.555229 -14.095030 -15.011064 20.527260 -0.000002 0.000002 -0.000293
-13.600209 9.297391 -2.491449 169.633423 -87.248207 177.858322 -0.254008 -5.720222 30.135260 -0.000002 0.000006 -12.161667 -0.000001 -0.000001 -0.005904 0.000003 0.000002 5.829916 0.000002 -0.000001 12.605157 -8.805285 9.304195 -7.144597 -1.956796 -4.203440 -2.718164 -19.309757 -13.737674 21.910841 47.190681 37.641304 -56.384560 -2.427249 5.660552 -10.036186 1.917253 -3.293963 -4.480013 8.276549 1.918650 7.609514 -27.058741 -36.209297 -91.551491 -9.689883 -13.750490 1.030019 4.969709 -15.106732 -6.947249 -6.474457 1.136804 17.928738 9.405135 13.462761 -14.310616 -0.000009 -0.000004 -0.000291 3.141335 13.641239 9.839548 12.042500 2.395072 51.781349 -15.395475 -15.622982 25.107271 -0.000002 0.000005 -0.000290
-13.949605 9.158987 -2.536605 179.085800 -86.942833 166.952377 0.487491 -4.541165 31.581125 -0.000006 0.000003 -12.161671 0.000003 -0.000006 -0.005905 0.000000 0.000004 5.829918 0.000002 -0.000008 12.605158 -8.260160 8.505418 -7.172206 -2.182997 -4.350947 -2.647534 -18.141308 -13.095426 20.270615 47.863564 37.488819 -56.269699 -2.315683 5.588606 -10.052718 1.662541 -3.247465 -4.816613 7.477146 1.942911 8.815828 -26.696545 -35.345737 -89.706131 -10.897142 -13.437736 2.148006 5.380323 -14.242607 -5.866041 -6.542864 3.112081 21.239571 7.576149 10.915242 -12.902313 -0.000001 0.000003 -0.000290 4.596549 14.466317 8.572261 14.425139 1.237834 57.837776 -16.116507 -15.081375 28.778675 -0.000002 0.000008 -0.000291
-14.262660 9.029293 -2.624904 -163.983978 -85.558159 147.736465 2.078385 -3.277771 34.108379 -0.000003 0.000005 -12.161668 0.000000 -0.000003 -0.005904 0.000001 -0.000003 5.829914 0.000001 -0.000001 12.605160 -8.198916 8.419146 -7.561887 -2.472523 -4.304235 -2.776561 -16.907879 -11.581902 18.116983 48.952446 37.132629 -55.762543 -2.326854 5.317687 -10.034647 1.122289 -2.288368 -5.285537 6.814117 2.596616 10.432760 -25.971582 -34.426445 -87.876053 -12.888409 -13.873367 4.455387 7.677058 -13.933218 -3.752681 -6.651426 6.679558 26.650442 3.428171 7.005227 -15.113731 -0.000003 -0.000001 -0.000293 6.854642 15.470920 8.037118 18.138840 0.729457 63.225437 -16.260859 -14.866713 27.640331 0.000003 0.000002 -0.000295
-14.599814 8.919834 -2.671165 -139.742126 -83.121262 121.871910 5.937243 -2.834263 35.456078 -0.000003 0.000008 -12.161668 0.000002 -0.000003 -0.005908 0.000001 -0.000003 5.829917 0.000001 -0.000003 12.605157 -8.575570 8.225434 -7.789438 -2.361406 -4.374492 -2.790301 -16.554218 -9.551147 15.677447 50.313835 36.309853 -54.620720 -2.823455 5.012728 -9.636843 -0.352529 -1.660696 -4.173485 7.258791 5.102646 11.482251 -25.165867 -34.280769 -85.954315 -13.885845 -15.679307 7.963615 11.156642 -14.416603 -4.650417 -5.811236 8.685758 34.332169 -0.079207 4.565185 -17.392719 -0.000001 -0.000001 -0.000303 9.954108 14.975700 6.467132 20.812784 -0.232626 67.959274 -14.002108 -15.229221 23.813276 -0.000003 0.000005 -0.000293
-14.937459 8.870646 -2.706319 -145.391388 -82.250931 126.141243 6.809076 -1.090661 37.339355 -0.000004 0.000003 -12.161670 0.000001 -0.000000 -0.005903 0.000003 -0.000004 5.829915 -0.000001 -0.000000 12.605159 -8.651778 7.692291 -8.705769 -2.384528 -4.165369 -3.405652 -16.497772 -8.603717 12.502089 51.650757 36.130207 -52.974987 -3.944105 4.779915 -9.096573 -0.949080 -1.072743 -3.656602 7.267082 7.768340 12.689384 -22.196342 -34.505913 -86.069412 -11.964643 -18.405849 10.980828 11.103347 -13.479795 -2.982872 -6.987299 6.932814 38.210007 -1.633888 6.307640 -20.703913 0.000005 0.000004 -0.000286 10.514997 14.567776 4.418574 20.430204 -1.021972 72.542305 -10.084275 -14.821097 19.199484 0.000003 -0.000000 -0.000292
-15.268605 8.842527 -2.742527 -153.867828 -82.219620 134.799973 6.250370 0.964107 37.425179 -0.000001 -0.000001 -12.161666 0.000001 0.000000 -0.005906 -0.000000 -0.000002 5.829915 0.000001 -0.000000 12.605160 -7.786930 7.319459 -9.041857 -2.079669 -3.621148 -3.931769 -16.150496 -7.681887 9.503036 51.576965 36.309715 -53.039494 -4.535823 5.635145 -8.812053 -0.507461 -0.243750 -3.352409 6.902892 8.852576 14.210833 -17.993153 -33.896774 -87.769745 -8.396708 -21.662888 12.032601 10.163175 -13.392566 -1.054686 -9.301907 4.782643 38.710892 -2.499331 9.529485 -23.061457 -0.000004 0.000005 -0.000293 9.536699 15.116706 0.883451 19.953661 -1.939677 75.591629 -6.649229 -14.631263 15.219980 -0.000009 0.000004 -0.000291
-15.597523 8.847078 -2.764473 -154.660248 -82.782616 135.510880 5.991996 2.080472 37.732468 -0.000003 0.000004 -12.161668 0.000003 -0.000002 -0.005902 -0.000001 0.000001 5.829916 0.000005 -0.000001 12.605155 -6.843235 6.721339 -8.865004 -1.972232 -2.982406 -4.624409 -15.431666 -6.203758 7.727451 49.428001 36.976494 -56.447433 -4.118815 6.917962 -8.710320 -0.143856 0.680283 -3.265305 6.985747 8.559000 15.663296 -14.218371 -32.605644 -90.047028 -6.302182 -23.158253 12.285871 9.338376 -14.033012 0.556841 -9.767529 4.841330 39.758690 -2.653104 9.672699 -25.145582 0.000003 0.000004 -0.000297 8.570305 15.492743 -2.315316 19.664471 -3.133337 76.520996 -4.494634 -14.446516 12.142821 -0.000004 0.000004 -0.000292
-15.928694 8.887744 -2.772591 -153.251328 -83.516357 133.792511 6.120039 3.248146 37.962704 -0.000002 0.000002 -12.161669 0.000002 0.000003 -0.005903 -0.000002 -0.000004 5.829915 0.000003 0.000002 12.605158 -6.180610 5.736776 -8.269547 -2.342138 -2.358418 -5.271444 -14.566315 -4.900253 7.083008 46.142696 37.894596 -61.873966 -3.476218 7.957953 -8.714520 -0.047911 1.283929 -3.254783 8.146067 8.308684 17.384874 -13.549135 -32.241409 -91.243591 -6.513338 -22.832268 12.272485 8.273530 -13.301559 3.087830 -8.838730 4.269773 39.662590 -2.600166 8.258228 -26.162071 0.000000 0.000006 -0.000298 7.350376 15.287928 -5.115107 19.138645 -3.714170 76.177757 -3.249945 -14.176797 9.238158 0.000009 0.000001 -0.000297
-16.261235 8.950304 -2.785043 -153.660431 -83.808975 134.505173 6.442599 5.209923 37.574982 -0.000001 0.000002 -12.161667 0.000002 -0.000004 -0.005903 0.000001 -0.000004 5.829914 -0.000001 0.000003 12.605162 -5.764073 4.569469 -7.794434 -2.733685 -2.034121 -5.861843 -13.960683 -4.744884 6.800556 43.131531 39.357243 -67.129654 -3.090542 9.099190 -8.818907 0.042644 1.757761 -3.365815 10.066997 8.455582 18.857677 -15.571584 -33.215866 -90.796867 -6.948110 -21.460390 11.780835 7.477843 -12.234056 6.053862 -8.399115 2.938290 37.887424 -2.489539 7.850367 -26.300762 0.000004 0.000004 -0.000288 6.087543 14.933350 -8.178661 17.719177 -3.425935 74.906349 -2.257343 -13.516646 6.392630 0.000002 0.000004 -0.000293
-16.606949 9.025347 -2.790021 -150.534897 -84.316315 132.533966 6.684690 6.865715 36.193863 -0.000002 -0.000002 -12.161668 0.000002 -0.000001 -0.005905 0.000002 -0.000001 5.829915 -0.000003 -0.000002 12.605162 -5.436510 3.377102 -7.350757 -3.102782 -1.755871 -6.314928 -13.523921 -6.102093 6.869400 40.498749 41.573902 -71.721184 -2.704544 10.540899 -8.925688 0.234987 2.283102 -3.480438 12.045055 8.511292 19.947798 -17.713017 -34.497559 -89.930946 -6.503334 -19.824463 10.944424 6.941279 -11.664079 8.343795 -8.357922 1.277161 35.237720 -1.961561 8.402534 -24.922344 0.000001 -0.000004 -0.000284 4.850221 13.852739 -11.670736 15.789210 -2.407369 72.389458 -1.675444 -12.522342 3.868179 -0.000001 -0.000000 -0.000292
-16.939774 9.122147 -2.791054 -143.295807 -85.155396 126.913048 6.770608 8.147256 34.277664 -0.000003 0.000007 -12.161671 0.000001 0.000000 -0.005905 0.000003 -0.000002 5.829916 -0.000001 -0.000005 12.605158 -5.018626 2.024333 -6.916930 -3.434090 -1.600049 -6.649561 -13.171218 -7.976301 7.268996 38.265167 43.735573 -75.858025 -2.101663 12.122524 -8.910029 0.363003 2.530117 -3.631905 13.650552 8.109982 20.845316 -18.855629 -35.241783 -89.621231 -5.394138 -19.043661 10.052464 6.525252 -11.553304 10.121734 -8.011858 0.271621 32.452774 -1.031720 8.629405 -22.102428 0.000002 -0.000001 -0.000285 3.653225 12.306259 -14.880431 13.873362 -0.926752 68.166573 -1.699153 -11.381719 2.001613 0.000001 0.000003 -0.000290
-17.276261 9.231205 -2.788691 -135.773621 -85.668442 121.087029 6.843762 9.455309 32.185894 -0.000003 0.000003 -12.161669 0.000004 -0.000001 -0.005903 -0.000002 0.000009 5.829916 0.000001 -0.000009 12.605156 -4.484090 0.843012 -6.402182 -3.716306 -1.362229 -6.694628 -12.907944 -9.259283 7.819530 36.516537 45.076435 -79.631432 -1.430432 13.139193 -8.785097 0.427925 2.739977 -3.598160 14.692266 7.336830 21.542316 -18.658297 -35.280495 -90.144943 -4.272295 -18.943699 9.262546 6.304510 -11.140765 11.647070 -7.585252 -0.565711 29.849970 -0.036655 8.676861 -17.930056 0.000006 -0.000004 -0.000282 2.654612 11.253360 -17.119165 12.002087 0.802011 62.002655 -1.714970 -10.204926 0.719954 -0.000000 0.000002 -0.000291
-17.619513 9.344174 -2.773441 -127.133812 -86.129807 114.177589 6.666027 10.358232 29.920603 -0.000003 0.000006 -12.161668 0.000001 0.000002 -0.005904 0.000000 -0.000008 5.829914 0.000003 0.000001 12.605161 -4.010125 0.049961 -5.840980 -3.960181 -0.922187 -6.427536 -12.614493 -9.763469 8.270929 35.553547 45.620140 -82.492432 -1.174406 13.181661 -8.647834 0.447711 3.013024 -3.311592 15.380117 6.825546 22.120480 -17.858330 -35.175591 -90.909332 -3.444542 -19.112076 8.660586 5.965939 -11.010576 12.897565 -7.375069 -1.425749 27.424398 1.014573 9.145774 -12.610064 -0.000003 0.000011 -0.000292 1.343078 10.796724 -18.223417 10.063766 2.217051 53.847252 -1.343422 -9.212943 -0.293037 0.000005 -0.000001 -0.000291
-17.971617 9.453482 -2.742770 -113.993416 -86.718361 102.777679 6.213903 10.853082 27.641741 0.000000 -0.000003 -12.161670 0.000001 -0.000012 -0.005902 -0.000001 0.000007 5.829914 0.000004 -0.000009 12.605160 -3.615092 -0.613967 -5.378402 -4.090106 -0.572139 -6.084787 -12.361894 -9.884163 8.559312 35.725845 45.795425 -83.803535 -1.291175 12.532893 -8.622982 0.488693 3.046813 -2.950210 15.707174 6.845531 22.583170 -17.327394 -35.209648 -91.144653 -3.034982 -19.022932 8.176729 5.511295 -11.227994 13.841398 -7.509870 -2.644446 25.311182 2.144639 10.209713 -6.315223 0.000000 0.000001 -0.000285 -0.546574 11.439725 -18.126493 8.188645 2.669098 44.017971 -1.305303 -9.301290 -1.201395 -0.000003 0.000003 -0.000296
-18.333069 9.548630 -2.709341 -99.986748 -86.931076 90.404320 5.908660 11.480022 25.497322 -0.000002 0.000005 -12.161666 0.000003 -0.000004 -0.005905 -0.000000 0.000005 5.829916 0.000002 -0.000003 12.605154 -3.214899 -1.339945 -5.009685 -4.068533 -0.525309 -5.758206 -12.317293 -9.949832 8.750364 37.074547 45.886810 -83.544014 -1.219389 11.582159 -8.495940 0.633082 2.710560 -2.535334 15.564292 7.079522 22.829535 -17.467716 -35.176342 -90.612877 -3.142498 -18.313280 7.922249 5.141311 -11.520715 14.551646 -7.950629 -4.161103 23.759901 3.618215 12.020709 0.520248 0.000004 -0.000007 -0.000290 -1.836736 13.480516 -16.903425 5.781343 2.096315 33.455544 -2.438709 -10.317253 -2.579054 -0.000005 0.000012 -0.000297
-18.702717 9.617647 -2.682151 -94.907135 -86.445374 86.464478 6.253155 12.228033 23.796419 -0.000005 -0.000000 -12.161666 0.000003 -0.000003 -0.005902 -0.000001 0.000009 5.829916 0.000002 0.000001 12.605158 -2.971132 -1.867016 -4.614471 -4.009391 -0.525678 -5.397593 -12.524943 -10.155519 8.938908 39.064339 46.098255 -82.223038 -0.746791 10.504604 -8.208081 0.761214 2.303395 -1.980121 15.014191 7.308569 22.863754 -18.145063 -34.975792 -89.621277 -3.620737 -17.268703 7.920775 5.171140 -11.506322 15.006970 -8.639647 -5.059926 23.627176 5.834124 13.921163 7.165869 0.000003 0.000002 -0.000291 -1.387392 16.182449 -15.068861 3.017408 1.703318 24.129007 -4.504476 -12.048100 -4.719786 -0.000003 0.000007 -0.000292
-19.074685 9.647015 -2.649883 -89.241837 -85.559883 80.979866 7.081397 12.210947 22.984318 -0.000001 0.000005 -12.161670 0.000002 -0.000012 -0.005902 0.000000 0.000005 5.829916 0.000001 -0.000009 12.605156 -2.863537 -1.977072 -4.172710 -3.911052 -0.431631 -5.005332 -12.967886 -10.413185 9.138598 41.161514 46.389042 -80.361984 -0.052381 9.639469 -7.975966 0.839148 2.033696 -1.367554 14.120199 7.470725 22.716812 -18.889011 -34.627769 -88.594833 -4.240792 -16.308725 8.037651 5.329159 -11.367648 15.120075 -9.413749 -5.304562 26.028328 8.698767 15.519814 12.817011 0.000000 0.000003 -0.000290 0.775177 16.681702 -13.140062 0.473037 3.389296 18.296492 -7.602498 -13.348553 -7.738237 -0.000003 0.000004 -0.000296
-19.444392 9.623697 -2.614654 -88.391502 -84.425743 79.800827 8.169110 11.911666 22.758451 -0.000002 0.000003 -12.161669 0.000002 0.000003 -0.005905 -0.000001 -0.000009 5.829916 0.000001 -0.000005 12.605158 -2.775964 -1.671424 -3.881572 -3.719570 -0.341227 -4.732494 -13.568748 -10.455219 9.388724 43.149284 46.579269 -78.251122 0.625942 9.181113 -7.869844 0.970696 1.980549 -0.814190 13.020167 7.572418 22.328115 -19.401625 -34.294003 -87.769821 -4.860041 -15.479468 8.150146 5.884508 -10.321006 14.528571 -10.822899 -6.239355 30.757975 12.204534 17.733007 17.806267 0.000003 0.000006 -0.000292 1.519293 17.900988 -11.343019 0.216473 4.046264 15.165426 -8.583025 -13.849994 -9.923928 0.000007 0.000002 -0.000293
-19.813704 9.550109 -2.575965 -90.546600 -83.336174 80.717834 9.317151 11.314620 23.689367 -0.000002 -0.000003 -12.161666 0.000005 -0.000000 -0.005904 -0.000001 -0.000003 5.829916 0.000003 0.000003 12.605158 -2.707069 -0.980913 -4.019065 -3.484564 -0.207204 -4.649541 -14.203571 -10.282008 9.706872 44.814823 46.567734 -76.079552 1.311995 8.892767 -7.883899 1.167032 2.195085 -0.462629 11.796238 7.636929 21.696978 -19.854776 -34.070454 -87.066673 -5.432647 -14.731294 8.389665 6.593331 -8.686886 14.007974 -13.215067 -7.501162 36.844830 16.409388 20.496601 23.221972 -0.000008 0.000007 -0.000290 1.186533 20.334063 -9.530430 1.180702 1.932530 15.446951 -1.217656 -12.072555 -8.627776 -0.000000 0.000005 -0.000294
-20.178223 9.426431 -2.527000 -87.478844 -82.861496 75.853699 9.711385 9.864682 25.370176 -0.000002 0.000003 -12.161668 0.000000 -0.000001 -0.005902 0.000001 -0.000000 5.829913 -0.000001 -0.000003 12.605160 -2.687814 -0.162068 -4.667019 -3.244106 -0.150490 -4.763569 -14.762349 -10.022452 10.220052 46.138466 46.281029 -73.756859 2.021761 8.581546 -7.912301 1.473902 2.449561 -0.167932 10.533255 7.655408 20.760958 -20.680574 -33.985443 -86.332375 -5.909002 -14.146575 8.875364 6.483496 -8.176805 13.474560 -15.598387 -7.455040 43.600441 20.673859 22.090322 27.581041 0.000003 0.000001 -0.000294 0.576284 22.757008 -8.316300 1.496732 -3.414279 19.509453 4.684579 -8.186669 -9.416591 -0.000006 0.000002 -0.000295
-20.491940 9.300810 -2.426610 -70.531425 -82.786346 56.689411 8.785860 6.940733 27.347858 -0.000001 0.000009 -12.161667 -0.000000 -0.000006 -0.005903 -0.000001 0.000003 5.829914 0.000002 -0.000008 12.605159 -2.554027 0.498748 -5.033045 -2.946467 -0.663479 -4.885916 -15.014388 -9.405088 11.077923 46.844227 45.619816 -71.401276 2.735025 8.093210 -7.976645 1.794994 2.216014 0.163340 9.405534 7.694836 19.575468 -21.698765 -34.002113 -85.509842 -6.080170 -13.877206 9.444337 4.941166 -9.054920 12.910920 -17.651300 -6.906871 50.671410 24.116987 21.672159 30.586527 -0.000005 0.000004 -0.000295 1.899936 19.834221 -7.088595 -0.697913 -7.222806 24.761662 6.148184 -3.097814 -7.425895 -0.000006 0.000003 -0.000289
-20.824236 9.143962 -2.371063 -50.200459 -83.216965 34.503544 6.224672 4.799267 28.719263 -0.000001 0.000003 -12.161666 0.000001 -0.000008 -0.005903 0.000001 -0.000000 5.829914 -0.000000 -0.000003 12.605158 -1.815319 1.226935 -5.085696 -1.901693 -1.448116 -4.724015 -15.468534 -8.788492 12.274471 47.250534 44.187416 -68.232430 3.334112 7.697450 -8.178287 2.161274 2.181211 0.624987 8.571709 6.716437 17.967295 -22.736153 -33.795021 -84.292480 -5.345485 -14.312165 10.039893 2.854344 -9.894838 12.026938 -20.338423 -5.537726 56.916779 25.129612 20.909285 28.298279 -0.000002 0.000003 -0.000295 0.101969 16.611563 -7.341998 -0.952856 -7.292786 32.409660 6.902040 -0.536358 -10.949726 -0.000001 0.000008 -0.000292
-21.150359 9.047794 -2.337863 -26.951437 -84.422234 9.630213 2.924045 4.152246 31.128433 -0.000001 -0.000000 -12.161668 0.000001 0.000003 -0.005905 -0.000000 0.000001 5.829917 -0.000000 -0.000003 12.605160 -1.331731 1.928547 -6.309437 -1.148501 -1.464457 -4.783582 -16.071903 -10.228972 13.151447 47.930450 42.658802 -63.585197 2.846589 7.489376 -8.082529 1.721955 1.990030 -0.389660 8.767436 5.681237 15.890020 -23.447233 -33.347580 -82.736145 -3.891112 -14.786363 11.455036 -0.039144 -9.104830 10.113185 -22.081827 -3.378344 63.010826 24.165205 20.831404 23.363554 0.000002 0.000003 -0.000293 -1.581363 17.912270 -6.406732 -1.293818 -7.166230 38.118847 7.957805 -0.973915 -15.061175 0.000003 0.000002 -0.000293
-21.471602 8.995601 -2.292701 -22.767412 -83.653412 5.287143 1.786923 2.349962 31.331785 0.000001 0.000004 -12.161666 0.000002 0.000004 -0.005904 0.000000 -0.000001 5.829916 -0.000000 -0.000002 12.605159 -1.327198 2.797566 -6.714154 -1.110263 -0.980700 -4.265873 -15.966968 -11.893021 14.588313 47.076012 41.066402 -59.792980 0.014484 7.898052 -8.274753 1.534888 1.866497 -0.811083 8.781081 4.830092 13.268503 -22.856560 -32.615017 -82.224373 -2.970355 -15.674345 13.660162 -0.538812 -8.891639 6.374538 -23.291889 -1.985141 68.055801 22.253132 21.072556 19.369150 0.000005 0.000001 -0.000292 -1.166273 19.800674 -4.464184 -0.336634 -7.614078 40.126862 8.383572 -3.101090 -18.636122 -0.000001 0.000004 -0.000292
-21.780421 8.964876 -2.240256 -22.714304 -83.281479 5.954809 1.205031 1.087708 30.841946 -0.000005 0.000008 -12.161667 0.000005 -0.000003 -0.005905 -0.000001 0.000002 5.829916 0.000000 0.000001 12.605157 -1.634813 3.520458 -6.724288 -1.220313 -1.012467 -3.892160 -15.352759 -12.123375 15.999626 43.686989 39.119488 -58.670429 -5.202894 9.319453 -8.975842 1.233221 1.340854 -1.463785 8.627921 4.153789 11.098144 -21.180267 -31.767262 -83.502686 -2.458216 -17.901793 14.480630 -0.737935 -10.059966 1.787667 -24.055872 0.618608 70.795792 19.926462 21.114635 15.979060 0.000001 0.000001 -0.000289 -1.190626 22.037252 -3.278137 1.431203 -8.020949 40.715260 8.753751 -5.446431 -21.304859 0.000006 0.000005 -0.000294
-22.112132 8.962957 -2.199710 -24.615824 -83.302505 7.848754 1.085704 0.228956 30.897871 -0.000002 0.000009 -12.161667 0.000002 -0.000009 -0.005907 -0.000001 0.000003 5.829916 0.000001 -0.000005 12.605158 -2.199328 4.093662 -6.274152 -1.236829 -1.502719 -3.494046 -14.944031 -11.037436 17.563711 38.038494 37.570698 -60.757683 -11.138386 11.054662 -9.217752 1.179529 0.862309 -2.031244 8.298704 3.448719 9.918932 -19.158522 -31.122349 -86.567780 -1.932299 -19.175688 13.997271 -0.419701 -11.554079 -1.566257 -24.558413 3.187676 71.393448 17.221819 20.673958 11.902043 -0.000004 0.000005 -0.000295 -0.680772 22.485901 -1.843879 0.789683 -9.348077 41.999886 8.753371 -3.786015 -23.266850 0.000000 0.000005 -0.000298
-22.432543 8.988050 -2.163490 -24.881905 -82.496269 7.829942 1.014834 -1.429404 30.966581 -0.000002 -0.000000 -12.161670 0.000001 -0.000008 -0.005903 0.000002 0.000004 5.829916 0.000003 -0.000007 12.605158 -3.157819 4.471281 -5.937397 -1.126114 -2.120729 -2.919966 -15.674552 -11.178742 19.636726 33.115097 37.868320 -63.100151 -15.304219 12.224977 -9.140729 1.466313 0.395112 -2.342828 7.918302 3.396764 8.695820 -18.461790 -30.821270 -89.156868 -1.002595 -18.614416 13.211050 0.107204 -12.887271 -4.231828 -24.846888 4.300228 70.858780 14.574823 19.427917 7.435742 0.000007 -0.000005 -0.000294 0.182056 20.074541 0.368481 0.178391 -8.389116 42.109062 8.638393 -2.779897 -24.249218 0.000007 0.000003 -0.000298
-22.760199 9.039318 -2.123445 -23.606672 -81.593140 6.051629 0.862778 -3.314514 31.359776 -0.000000 -0.000003 -12.161662 0.000001 -0.000000 -0.005905 0.000001 0.000002 5.829914 0.000002 -0.000002 12.605158 -4.403423 4.844333 -6.144170 -1.178269 -2.551351 -2.442030 -17.592806 -12.861805 21.899464 32.027428 38.850880 -63.352875 -15.983829 12.271438 -9.473326 1.757037 0.150558 -2.642503 7.526437 4.694953 7.400972 -19.365894 -31.780270 -90.514061 0.488897 -17.852753 12.270809 0.496540 -13.242997 -6.350245 -24.663963 3.939424 69.465828 12.116547 17.068317 3.336346 0.000003 0.000002 -0.000290 0.516893 17.682701 3.362700 0.953844 -6.785067 41.089478 8.165002 -3.152962 -24.869074 -0.000003 0.000005 -0.000288
-23.087040 9.103133 -2.086412 -24.814621 -81.599915 7.541137 0.939392 -4.241273 31.123102 0.000001 0.000001 -12.161668 0.000001 0.000001 -0.005903 -0.000001 0.000003 5.829914 0.000001 -0.000003 12.605160 -5.525109 5.291131 -6.624430 -1.285323 -2.862732 -2.220415 -19.749619 -14.765805 24.053190 34.252785 39.238739 -61.670467 -15.104928 11.401528 -10.086120 2.128166 0.109466 -3.075509 7.076601 6.246327 6.506919 -20.281982 -33.050606 -91.925186 2.088773 -17.306883 11.036843 1.314824 -11.740039 -8.841659 -24.224340 2.228869 67.097809 10.082896 14.016735 -0.120397 0.000003 0.000003 -0.000294 0.606907 16.638180 5.722730 2.022227 -5.597883 39.468784 7.259495 -3.827774 -24.481882 -0.000006 0.000008 -0.000288
-23.407744 9.174772 -2.045567 -26.561520 -81.896301 10.177887 1.040954 -4.762822 30.216606 -0.000003 -0.000001 -12.161668 0.000003 0.000002 -0.005903 0.000001 0.000006 5.829916 -0.000001 -0.000005 12.605158 -6.394686 5.769716 -6.892151 -1.389245 -3.179924 -2.111167 -21.532442 -15.978466 25.955647 36.944340 39.090591 -59.948025 -14.909359 10.161366 -10.564748 2.475255 0.037379 -3.355806 6.744999 7.120341 6.004990 -20.469479 -33.653328 -94.094780 3.544946 -16.982094 9.654351 2.024123 -9.284858 -11.469096 -23.878765 -0.702448 63.664097 8.765521 11.140575 -2.639671 0.000006 -0.000001 -0.000294 0.618329 15.832005 7.414001 2.523984 -4.634967 37.926701 6.155262 -4.193690 -22.964478 0.000004 -0.000002 -0.000290
-23.729834 9.253948 -2.003281 -27.561728 -82.149071 12.218170 1.030027 -5.160529 28.916647 0.000000 0.000002 -12.161666 0.000001 0.000001 -0.005904 0.000002 -0.000003 5.829914 -0.000002 -0.000003 12.605160 -6.929076 6.222312 -6.719732 -1.415563 -3.549268 -1.929041 -22.721128 -16.316919 27.518858 38.616344 38.513737 -59.189907 -15.046661 8.879594 -10.669614 2.774577 -0.087634 -3.308588 6.585483 7.373583 5.741515 -20.143826 -33.749153 -96.597397 4.912168 -16.897446 8.195381 2.467646 -7.725268 -13.275828 -23.203176 -3.673471 58.194244 8.116757 8.881891 -4.133106 -0.000001 -0.000001 -0.000285 0.701758 15.039496 8.850121 2.812907 -3.493768 36.674961 4.875525 -4.892487 -20.620556 0.000003 -0.000004 -0.000298
-24.059413 9.338023 -1.962398 -28.329319 -82.195984 13.880754 1.065547 -5.629969 27.595057 -0.000001 0.000002 -12.161669 0.000001 -0.000003 -0.005901 0.000001 0.000002 5.829914 0.000001 0.000001 12.605158 -7.258235 6.622575 -6.269551 -1.482948 -3.839538 -1.677683 -23.402569 -16.481819 28.675833 39.322701 37.944836 -59.030724 -14.991048 7.799659 -10.442355 2.965662 -0.200270 -3.154903 6.591322 7.471324 5.657287 -19.782454 -33.848644 -98.693047 6.297096 -16.943588 6.774827 2.967227 -7.322167 -14.003169 -21.407225 -6.007461 50.782162 7.649978 7.305799 -5.146893 -0.000004 0.000006 -0.000294 1.042046 14.634367 10.331074 3.175001 -2.553678 35.649876 3.527279 -6.060770 -17.522852 0.000001 0.000002 -0.000290
-24.399499 9.419080 -1.928419 -30.793941 -82.378693 17.072817 1.289117 -5.848915 26.345844 -0.000002 -0.000002 -12.161668 0.000001 0.000007 -0.005902 0.000002 0.000002 5.829912 0.000004 -0.000004 12.605160 -7.550720 7.007089 -5.719791 -1.613505 -3.907410 -1.400993 -23.874220 -16.848146 29.507811 39.702995 37.661880 -58.963051 -14.605599 7.240765 -10.037648 3.061737 -0.210642 -2.985496 6.755299 7.694569 5.654663 -19.712742 -34.186432 -99.948456 7.485592 -16.867725 5.650786 3.706807 -7.528685 -13.526976 -18.059467 -7.016797 41.454533 7.034610 6.633170 -6.244024 -0.000006 0.000002 -0.000290 1.761721 15.042074 11.711318 3.584622 -2.056950 34.986740 2.181098 -7.372728 -13.738375 0.000003 -0.000002 -0.000294
-24.746707 9.484308 -1.896592 -33.737373 -82.553024 20.842440 1.598282 -5.835100 25.125088 -0.000004 0.000002 -12.161665 0.000004 0.000001 -0.005905 -0.000001 0.000005 5.829914 0.000002 -0.000004 12.605162 -7.871267 7.223607 -5.335444 -1.748203 -3.892835 -1.263330 -24.105412 -17.299728 30.011772 39.784340 37.612762 -59.099209 -13.886450 7.103310 -9.413580 3.122679 -0.250276 -2.937348 6.987073 7.935580 5.683828 -19.931145 -34.620392 -100.464935 8.036604 -16.581438 5.122730 4.644035 -8.637840 -12.108087 -13.490213 -5.091383 30.606136 6.663982 6.717582 -7.996407 -0.000004 0.000001 -0.000290 2.529859 15.578214 12.550950 3.991024 -1.615769 35.028080 0.844570 -8.626635 -9.556694 -0.000003 0.000003 -0.000300
-25.096671 9.528024 -1.861635 -35.358868 -82.547493 23.105618 1.838280 -5.754572 24.387266 -0.000003 0.000010 -12.161666 0.000000 -0.000001 -0.005902 0.000001 0.000001 5.829913 0.000003 -0.000004 12.605158 -8.314303 7.167952 -5.354465 -1.861145 -3.935362 -1.258509 -23.990517 -17.653572 30.007118 39.484772 37.650959 -59.562038 -12.929325 7.095070 -8.931417 3.148503 -0.446949 -3.007582 7.259012 8.061926 5.660563 -20.371408 -34.902706 -100.493568 7.657849 -16.165407 5.154697 4.765226 -9.808475 -10.026640 -9.004263 -0.581132 20.358604 7.371581 7.412776 -10.296802 0.000004 -0.000007 -0.000294 3.165365 15.623055 13.023050 4.482614 -0.808337 35.986778 -0.180537 -9.847820 -5.115753 0.000001 0.000006 -0.000289
-25.442170 9.540054 -1.823193 -34.823044 -82.348480 22.675861 1.913501 -5.619536 24.421118 -0.000001 0.000000 -12.161666 0.000002 -0.000005 -0.005903 -0.000000 0.000002 5.829914 0.000004 0.000001 12.605157 -8.764691 6.783009 -5.809852 -1.917265 -4.042747 -1.103788 -23.607941 -17.981201 29.425713 39.156273 37.722317 -60.165478 -11.950627 7.194419 -8.843678 3.047033 -0.903989 -3.076227 7.528450 7.991930 5.597137 -20.931137 -34.932583 -100.190231 6.584908 -15.686846 5.426255 2.646211 -7.477928 -8.294984 -5.252121 -0.145119 12.642899 10.340889 9.710931 -11.261524 -0.000004 -0.000005 -0.000296 3.806531 15.300500 13.372442 5.068720 0.050176 38.135685 -1.176332 -10.885718 -0.768607 0.000000 0.000000 -0.000291
-25.786364 9.511415 -1.786010 -31.607363 -81.797279 18.711346 1.661826 -5.739048 25.174950 -0.000003 0.000009 -12.161666 0.000002 -0.000001 -0.005903 0.000002 -0.000005 5.829915 0.000003 0.000003 12.605155 -9.069110 6.312397 -6.351973 -1.872910 -4.279922 -1.084300 -23.060345 -17.709759 28.760479 38.651497 37.730873 -60.983456 -11.038219 7.261293 -8.933391 2.753781 -1.463825 -2.869505 7.768602 7.677628 5.656897 -21.456997 -34.734447 -99.687927 5.281754 -15.180980 5.645604 0.957568 -6.020144 -6.641122 -2.882592 -0.856844 8.388673 12.693508 12.236587 -13.126545 -0.000001 -0.000002 -0.000295 4.441905 14.670190 13.791402 5.913790 0.479606 41.746368 -2.411796 -11.568260 3.339237 -0.000003 0.000006 -0.000293
-26.135153 9.441828 -1.762088 -29.096722 -81.033096 14.612674 1.224794 -6.075402 26.580761 -0.000001 -0.000002 -12.161665 0.000002 -0.000003 -0.005906 -0.000001 0.000001 5.829917 -0.000000 -0.000004 12.605154 -9.252053 6.122545 -6.980022 -1.912703 -4.289450 -0.650769 -22.064230 -17.270048 27.376696 37.971451 37.733429 -61.792988 -10.258906 7.405056 -8.987576 2.489489 -1.422633 -2.525334 7.745814 6.788642 5.904789 -21.736042 -34.244995 -98.939507 4.149599 -14.703909 5.489206 1.455952 -6.955531 -5.039355 -2.945268 -0.559122 8.023746 14.681111 13.114500 -15.289948 -0.000007 0.000001 -0.000299 5.157713 13.928366 14.164459 7.159848 0.314477 46.801167 -4.006757 -11.636343 7.294698 -0.000003 0.000005 -0.000295
-26.477549 9.315956 -1.754547 -29.546122 -80.349113 13.976734 1.296901 -5.795759 27.610798 -0.000002 0.000007 -12.161665 0.000002 -0.000007 -0.005906 0.000001 -0.000000 5.829917 0.000002 -0.000009 12.605155 -9.158181 5.667210 -8.028620 -1.938712 -4.459920 -0.488833 -21.222452 -17.057413 25.706890 37.656967 38.049347 -62.003521 -9.668770 7.786797 -9.087091 2.279331 -1.480660 -2.746457 7.440467 5.790875 6.391342 -21.800499 -33.474380 -97.528099 3.510976 -14.469316 5.339046 4.051210 -12.022779 -5.048184 -5.026335 3.429785 10.613564 15.570308 12.872526 -15.709449 -0.000001 0.000007 -0.000290 5.869468 13.367085 13.128093 8.835456 -0.031055 52.794899 -4.361176 -11.729213 11.369084 0.000002 0.000003 -0.000293
-26.810280 9.145658 -1.743448 -29.467196 -79.420006 13.460079 1.490651 -5.116586 28.135460 -0.000003 -0.000000 -12.161663 0.000004 -0.000002 -0.005905 -0.000001 0.000003 5.829917 0.000001 -0.000008 12.605159 -8.554155 4.741745 -9.291334 -1.907576 -4.805912 -0.688384 -20.396099 -17.037214 24.153053 37.630898 38.525246 -61.803848 -9.372249 8.352679 -9.369358 2.319378 -1.808962 -3.326384 7.009657 5.449272 7.037841 -21.776184 -33.006649 -95.565086 2.970817 -14.440104 6.021799 5.003904 -15.202818 -6.165419 -5.762960 5.531517 15.573595 15.307132 11.376178 -12.529977 0.000004 0.000005 -0.000294 6.360498 13.099749 10.799061 10.830117 -0.967556 59.202515 -4.153414 -11.921309 14.184476 -0.000007 0.000008 -0.000294
-27.135970 8.971514 -1.725373 -28.574234 -78.421661 11.029930 1.692710 -4.174064 29.869015 -0.000001 0.000003 -12.161667 0.000001 -0.000002 -0.005903 0.000000 0.000003 5.829914 0.000003 -0.000007 12.605155 -8.297071 3.524373 -10.441623 -1.845052 -5.078731 -1.054866 -19.360090 -16.928329 22.714840 37.632202 38.802219 -61.591991 -9.413880 8.746062 -9.702564 2.168031 -2.208483 -3.731857 6.622852 5.865862 7.906759 -22.081318 -33.050930 -93.311783 1.794163 -14.718897 7.479201 4.715069 -14.790322 -5.643815 -5.746800 6.391751 19.473400 14.723573 9.282387 -4.950583 0.000000 -0.000001 -0.000294 6.843405 13.318264 9.364967 13.639975 -2.480048 65.301620 -5.229080 -9.382692 13.033705 -0.000007 0.000004 -0.000296
-27.486529 8.831582 -1.739129 -36.205601 -77.297440 16.191370 3.867063 -3.867414 31.139647 -0.000003 0.000006 -12.161668 -0.000000 -0.000007 -0.005904 0.000000 0.000001 5.829915 0.000003 -0.000002 12.605161 -9.615399 3.534308 -10.539970 -1.901927 -4.588607 -0.007514 -18.319698 -16.057236 20.673445 38.168304 38.525486 -60.755039 -10.042542 8.639158 -9.865385 0.927713 -1.374912 -2.528854 6.544532 6.302409 8.887728 -23.454262 -32.870983 -89.901741 0.305328 -15.210655 8.605647 7.007968 -14.064125 -6.254961 -5.187857 7.133273 28.639517 8.564949 7.869514 -9.039206 0.000008 0.000003 -0.000297 8.423148 14.133633 8.640056 17.652063 -4.495866 69.876823 -4.105807 -8.415778 9.155766 -0.000003 0.000004 -0.000292
-27.791339 8.755411 -1.699174 -45.586662 -74.634094 23.184885 7.735249 -4.249072 34.695557 -0.000000 0.000008 -12.161666 0.000004 -0.000008 -0.005903 -0.000001 -0.000004 5.829914 0.000001 -0.000000 12.605160 -10.988597 2.892974 -12.978523 -1.989248 -4.418869 -1.224795 -17.201696 -14.914159 17.534317 39.856922 37.507862 -58.660793 -10.875102 8.156331 -9.100521 -0.213389 -0.889445 -3.355275 6.395034 7.795929 9.501720 -25.409031 -32.825382 -85.389381 0.031881 -14.549417 9.647146 9.212147 -13.992701 -6.007568 -4.625083 4.945397 35.815693 4.707945 8.390821 -12.584539 0.000007 -0.000003 -0.000299 10.960298 13.616095 7.090590 19.419788 -7.016582 73.421104 -0.561904 -9.087339 5.951662 -0.000002 0.000003 -0.000294
-28.087969 8.724951 -1.658823 -45.133381 -74.968079 22.280695 8.491950 -1.916258 35.520325 -0.000001 0.000003 -12.161664 0.000000 0.000002 -0.005905 0.000002 -0.000005 5.829918 -0.000001 -0.000010 12.605156 -11.316306 2.516854 -13.498136 -2.117867 -4.038261 -1.367695 -16.014517 -13.052848 14.122966 41.302700 35.637547 -57.313278 -10.389832 7.620033 -8.180252 -0.161628 -0.572242 -2.967610 5.090282 8.350667 10.549386 -26.132841 -32.086063 -82.488602 2.180132 -13.510210 10.531388 9.305747 -13.900809 -5.107242 -7.197391 2.456497 38.927231 3.251609 11.770056 -15.516132 -0.000001 0.000002 -0.000297 9.873420 14.198507 4.085722 19.305086 -8.353598 76.614899 1.836354 -9.876129 2.619436 0.000003 0.000003 -0.000295
-28.378169 8.710658 -1.598599 -40.294308 -74.527458 17.889601 8.105070 -0.374648 35.210461 -0.000003 0.000003 -12.161665 0.000003 -0.000010 -0.005905 -0.000001 -0.000000 5.829916 0.000002 -0.000000 12.605156 -11.146632 2.785765 -13.124645 -1.970009 -3.460972 -1.704844 -15.286667 -10.894398 11.653919 42.191166 34.483753 -57.631649 -8.578261 7.788115 -7.945612 -0.021804 0.005447 -2.506678 4.362051 7.425792 12.207137 -25.874563 -30.871302 -82.438698 4.920916 -13.832091 10.009460 8.313543 -15.905184 -3.978245 -9.498205 1.541466 39.625008 2.667278 14.325939 -17.772238 -0.000004 0.000003 -0.000293 8.139408 14.094676 0.036557 18.470041 -9.489502 78.675690 1.452114 -10.554469 -0.200313 0.000004 0.000002 -0.000293
-28.653601 8.731552 -1.518784 -36.640438 -73.041756 14.311916 8.141851 0.595108 35.409466 -0.000001 0.000009 -12.161667 0.000000 -0.000002 -0.005906 0.000001 -0.000005 5.829913 0.000000 -0.000002 12.605161 -10.663965 3.011678 -12.600071 -2.103407 -2.860934 -2.773605 -14.909328 -9.504219 10.414268 41.895096 35.137539 -59.462364 -6.863986 7.763337 -8.335011 0.066229 0.798979 -2.681439 4.843451 7.405198 14.275352 -25.108526 -31.283302 -83.873100 4.675739 -13.663840 9.031193 7.692291 -17.938492 -2.318819 -9.280720 3.290529 40.032181 2.637289 12.748946 -19.736034 -0.000002 -0.000009 -0.000290 7.003575 13.647509 -3.489092 17.375139 -10.127466 79.292160 1.202592 -11.077380 -2.540587 -0.000005 0.000007 -0.000290
-28.920077 8.779029 -1.417139 -32.617416 -71.588852 9.895394 7.849213 1.577604 35.923679 -0.000004 -0.000002 -12.161666 0.000001 -0.000000 -0.005904 0.000001 -0.000000 5.829915 0.000002 -0.000003 12.605154 -9.896308 3.416961 -12.039432 -2.619257 -2.012676 -3.691206 -14.697887 -8.926637 9.387524 41.533344 36.303726 -61.455788 -5.415905 7.825331 -8.874681 0.104338 1.936639 -2.914440 6.380352 8.431276 16.056198 -25.493128 -32.862907 -84.648834 1.666901 -12.928392 8.239633 6.336201 -17.342884 -0.034646 -8.262151 2.619263 40.393612 2.539862 10.506104 -21.020096 0.000004 -0.000006 -0.000295 5.891603 12.982591 -6.314261 15.435329 -9.701105 79.164413 1.952073 -10.605835 -4.658957 -0.000001 0.000003 -0.000289
-29.186188 8.838573 -1.318634 -29.746544 -70.862587 6.972787 7.782574 3.894773 36.024437 -0.000003 -0.000005 -12.161668 0.000005 0.000003 -0.005905 -0.000002 -0.000003 5.829915 0.000004 -0.000007 12.605162 -9.147624 3.348889 -11.685977 -3.150222 -1.488088 -4.365146 -14.501048 -9.130649 8.570070 41.993557 37.459736 -62.686485 -4.146764 8.019558 -9.265416 0.207281 2.767138 -3.013972 8.053926 9.266760 17.439970 -26.773592 -34.061649 -84.750755 -2.124717 -12.605390 7.356392 5.120369 -15.867376 2.592301 -8.349923 0.106759 39.554131 2.558376 10.335987 -21.354242 -0.000004 -0.000001 -0.000293 5.055375 13.143720 -9.169189 13.057275 -8.385604 77.927887 2.348094 -9.141193 -6.390790 -0.000001 0.000003 -0.000292
-29.444390 8.905741 -1.215464 -27.430185 -69.298386 5.519342 7.840969 5.345356 35.200966 -0.000001 -0.000000 -12.161670 -0.000000 -0.000007 -0.005902 0.000003 0.000003 5.829916 0.000002 -0.000007 12.605157 -8.842864 3.289077 -11.732878 -3.741742 -0.655093 -5.054237 -14.494984 -9.621484 8.256797 43.003548 38.555141 -63.634743 -3.188966 7.741030 -9.605638 0.174727 3.646899 -3.182609 9.706930 10.097303 18.763523 -27.815556 -35.170361 -84.860443 -4.578226 -12.653899 6.321306 4.365211 -15.620957 4.666471 -8.655947 -2.240719 37.651669 3.079516 10.810257 -20.444927 -0.000004 0.000001 -0.000291 4.493748 12.664410 -12.479915 11.154261 -6.245171 75.221672 2.284617 -7.663603 -7.785295 -0.000004 0.000005 -0.000292
-29.699671 8.983923 -1.118518 -26.862110 -67.641930 6.037891 8.473599 6.726632 34.079918 -0.000006 0.000007 -12.161668 0.000004 -0.000003 -0.005903 -0.000000 -0.000003 5.829913 0.000000 0.000002 12.605161 -8.829405 3.207919 -11.872220 -4.262209 0.137731 -5.555523 -14.933803 -9.616400 8.209774 44.290119 39.271469 -64.720734 -2.535271 6.983784 -10.187588 -0.034867 4.289874 -3.360924 11.046292 10.525937 20.055746 -27.679739 -35.669838 -85.635605 -4.999756 -13.023566 5.190992 4.465630 -15.181721 6.451512 -8.520200 -3.970100 35.485149 3.855376 10.565614 -18.577644 0.000000 0.000006 -0.000290 4.733089 12.469279 -15.278024 9.976782 -3.331215 70.862663 2.386155 -6.569621 -8.852346 -0.000005 0.000005 -0.000294
-29.958212 9.071127 -1.016507 -26.898058 -66.049942 6.650669 9.183390 7.991787 33.257271 -0.000003 0.000003 -12.161670 0.000002 -0.000009 -0.005901 0.000001 0.000002 5.829913 0.000001 -0.000005 12.605158 -8.862438 3.315297 -11.914542 -4.543386 0.801674 -5.736766 -15.608909 -9.097489 8.185922 45.664112 39.645828 -65.675049 -2.043180 6.293217 -10.856049 -0.153857 4.829367 -3.392032 11.778766 10.605938 21.163311 -26.534554 -35.397942 -86.705383 -4.079198 -13.732322 4.147382 4.896978 -14.390064 8.675006 -8.208264 -5.358539 33.247185 4.898088 9.758748 -15.838852 -0.000000 0.000003 -0.000294 5.335189 12.899245 -16.690536 9.227835 0.183710 64.919449 2.637609 -5.633288 -9.532859 0.000003 -0.000000 -0.000291
-30.214694 9.157590 -0.897237 -26.097570 -64.124397 6.496073 9.367780 8.790192 32.302719 -0.000004 0.000007 -12.161668 0.000003 -0.000000 -0.005902 0.000000 -0.000005 5.829913 -0.000003 -0.000005 12.605162 -8.841288 3.467019 -11.997261 -4.630579 1.231938 -5.799325 -16.088917 -8.573934 8.082186 46.456028 39.920364 -66.465294 -1.296437 5.921718 -11.098869 -0.098178 5.200531 -3.344201 11.993742 10.867341 21.978226 -24.952829 -34.679646 -87.422806 -3.334287 -14.432938 3.659611 5.367851 -13.718454 10.462850 -8.321701 -7.048892 31.396833 5.987298 8.997318 -12.339567 0.000000 0.000009 -0.000290 5.146470 14.128900 -17.095074 8.366482 3.431013 57.297836 2.686614 -4.760410 -10.265857 0.000000 -0.000002 -0.000289
-30.465991 9.232937 -0.758055 -24.329876 -61.847214 5.794623 8.975062 9.132369 30.876513 -0.000003 0.000002 -12.161667 0.000002 -0.000003 -0.005901 0.000000 -0.000003 5.829913 0.000001 0.000002 12.605157 -8.820815 3.518935 -12.025160 -4.708620 1.377119 -5.732028 -16.263050 -8.359491 7.877285 46.428070 40.239746 -67.138367 -0.339742 5.851260 -10.724363 -0.025017 5.313704 -3.143417 11.852784 11.498650 22.504923 -23.364977 -33.822632 -87.625099 -3.739709 -14.898827 4.279059 5.651324 -13.445840 11.510397 -8.788419 -8.729456 30.116291 7.084633 8.306861 -8.313932 0.000003 0.000008 -0.000290 4.115523 16.475586 -16.911503 6.547866 5.669979 48.560352 2.532243 -4.208215 -11.395007 -0.000001 0.000005 -0.000290
-30.716876 9.294908 -0.607676 -22.674683 -59.758801 5.461384 8.425610 9.500734 29.197731 -0.000003 0.000003 -12.161670 0.000000 0.000005 -0.005905 0.000003 -0.000003 5.829916 -0.000002 -0.000012 12.605158 -8.825902 3.519670 -12.014165 -4.808293 1.333937 -5.578800 -16.242868 -8.488965 7.620221 45.993179 40.622868 -67.541283 0.560535 6.063642 -9.974451 -0.074843 5.227747 -2.846104 11.638634 12.232261 22.815409 -22.156597 -32.982819 -87.439774 -4.917772 -15.293296 5.640275 5.967595 -13.209892 12.056336 -9.420053 -9.771544 29.386524 8.190702 7.499777 -3.736104 0.000003 0.000001 -0.000293 3.016146 20.503859 -16.086344 3.736073 6.589554 39.303188 1.882477 -4.251137 -12.333932 0.000001 0.000007 -0.000293
-30.973097 9.341961 -0.450117 -21.821791 -58.002007 5.514805 8.114647 9.916683 27.809233 0.000000 0.000003 -12.161670 -0.000002 -0.000002 -0.005903 0.000003 0.000005 5.829912 -0.000001 -0.000000 12.605159 -8.824997 3.593546 -11.961099 -4.822729 1.272041 -5.335806 -16.095955 -8.742770 7.387914 45.525730 40.852936 -67.544518 1.400488 6.410038 -9.191433 -0.163330 5.118183 -2.432827 11.306474 12.706152 22.920315 -21.174025 -32.157166 -87.116798 -6.020647 -15.714676 6.620067 6.549291 -12.709586 12.321951 -10.303547 -9.797219 29.903624 9.637121 6.400992 1.019483 0.000000 -0.000002 -0.000297 2.532178 25.257090 -14.554947 0.874484 6.655391 30.753460 0.366753 -5.245924 -13.074059 0.000003 -0.000000 -0.000293
-31.230895 9.366158 -0.283906 -21.449825 -56.172562 5.268930 8.052782 9.876323 27.040983 0.000000 -0.000005 -12.161667 0.000003 -0.000002 -0.005906 0.000003 -0.000005 5.829916 -0.000001 -0.000003 12.605161 -8.870801 3.794989 -11.877703 -4.734828 1.337594 -5.074217 -15.818996 -8.802154 7.243076 45.030441 40.651760 -67.279106 2.131092 6.600016 -8.524369 -0.228364 4.998042 -2.008593 10.716782 12.853642 22.838562 -20.221809 -31.331451 -86.807755 -6.580095 -16.086363 6.845896 6.953295 -11.973418 12.317758 -11.171845 -9.971362 32.244442 11.336051 5.679845 5.970990 -0.000010 0.000008 -0.000292 3.565893 27.637730 -12.650065 -1.538120 7.739698 25.047720 -0.918053 -5.987198 -14.232475 0.000001 0.000007 -0.000289
-31.483595 9.353372 -0.105711 -21.652536 -54.317257 5.060139 8.325338 9.537653 26.621429 0.000000 0.000005 -12.161666 0.000002 -0.000003 -0.005904 -0.000001 0.000002 5.829916 0.000000 -0.000003 12.605155 -9.000062 4.095315 -11.807304 -4.518520 1.519571 -4.894439 -15.689889 -8.675192 7.270951 44.702606 40.063450 -66.698433 2.711797 6.449446 -8.053136 -0.235659 4.876015 -1.570962 9.927326 12.658791 22.585987 -19.423067 -30.629976 -86.588760 -6.887730 -16.180471 6.791608 7.114257 -11.367781 11.839918 -12.330398 -10.768847 36.530117 12.446442 6.814285 11.114124 -0.000005 0.000004 -0.000294 2.032404 30.373434 -11.176742 -0.495626 5.698647 21.135309 -0.543059 -5.557716 -15.412456 0.000001 0.000002 -0.000294
-31.733649 9.302759 0.082149 -22.132154 -52.577343 4.472896 8.791056 8.950515 26.805027 -0.000001 0.000005 -12.161666 0.000004 -0.000007 -0.005904 0.000002 -0.000005 5.829917 -0.000003 0.000003 12.605158 -9.270514 4.528010 -12.117730 -4.226854 1.838535 -4.809782 -15.779108 -8.646889 7.477669 44.783619 39.408642 -65.563522 3.063460 6.166417 -7.806749 -0.193484 4.784228 -1.291115 9.144930 12.331319 22.241219 -19.181568 -30.225063 -86.186142 -7.340464 -16.081123 6.763782 6.904490 -10.932255 11.110026 -14.210024 -11.969982 42.412437 13.293309 9.796046 16.662651 0.000000 0.000001 -0.000296 -0.033025 31.155861 -10.060973 1.701568 2.298447 19.527922 4.686758 -2.955126 -13.888662 0.000001 0.000009 -0.000293
-31.981692 9.206218 0.272212 -22.224037 -51.087830 3.351776 8.958424 8.198473 27.297897 -0.000003 0.000009 -12.161665 -0.000001 -0.000003 -0.005907 0.000000 0.000005 5.829914 0.000000 -0.000002 12.605162 -9.712584 5.189850 -12.807849 -3.882428 2.456788 -4.935977 -16.118801 -8.829535 8.067751 45.182755 38.807114 -63.896114 3.231884 5.944160 -7.749461 -0.101139 4.899182 -1.171772 8.450368 11.912348 21.736868 -19.473936 -30.194813 -85.577515 -8.009874 -15.830618 6.816515 6.130980 -10.997060 9.958522 -16.810295 -12.265180 49.008049 13.984425 13.743896 22.980433 0.000002 0.000001 -0.000294 0.477956 26.718327 -9.064192 1.630566 1.858750 22.311581 11.172348 1.755803 -12.246884 0.000000 0.000005 -0.000291
-32.168307 9.099318 0.470789 -21.463585 -49.033344 0.406687 8.670745 6.357857 28.929581 -0.000002 0.000010 -12.161670 0.000000 -0.000009 -0.005904 0.000000 -0.000002 5.829916 0.000003 -0.000002 12.605158 -10.361860 6.127935 -13.307901 -3.597554 3.240748 -5.024005 -16.718105 -9.109407 8.996400 45.664249 38.232536 -61.938614 3.539082 5.835887 -7.772351 -0.040137 5.298205 -0.964328 7.778329 11.328668 20.849930 -19.941589 -30.406979 -84.989059 -8.712585 -15.597473 6.841014 4.350675 -12.401637 9.531591 -19.119553 -11.154264 55.166656 14.704229 17.238518 28.919130 -0.000002 0.000002 -0.000291 3.421569 20.656221 -8.021791 -1.716887 1.377225 27.123077 14.325883 6.183486 -10.614867 0.000003 0.000003 -0.000293
-32.384707 8.959843 0.684950 -20.250809 -47.131107 -3.333867 8.011275 5.221068 31.041346 0.000000 -0.000000 -12.161663 0.000002 -0.000002 -0.005906 0.000002 0.000003 5.829914 0.000000 -0.000000 12.605157 -10.761275 6.712671 -13.721413 -2.888682 2.796172 -5.229388 -17.447689 -8.951853 10.614315 45.850765 37.463226 -59.444286 4.246765 6.141062 -8.195995 0.092142 5.572675 -0.750761 7.242892 9.945486 19.712355 -20.469341 -30.511637 -84.398521 -9.285529 -15.632996 6.795802 2.933983 -12.712408 9.424590 -21.727955 -9.667046 61.111588 16.656662 17.770620 32.343357 0.000007 0.000002 -0.000293 2.514969 19.952841 -6.029011 -1.092986 -2.463806 31.765636 13.369645 9.326159 -12.268330 0.000003 0.000005 -0.000291
-32.577857 8.847939 0.902692 -15.960474 -45.554394 -8.927815 5.804225 5.311237 33.238174 -0.000002 -0.000000 -12.161666 0.000000 -0.000005 -0.005904 -0.000000 0.000007 5.829916 0.000003 -0.000009 12.605153 -10.973292 6.573379 -14.097116 -2.763875 2.075025 -4.911330 -18.776739 -10.678940 12.280510 46.924618 36.618549 -54.838192 4.547492 6.462332 -9.068236 -0.715487 5.203584 -1.157056 7.470066 8.283223 18.361170 -21.340435 -30.371843 -83.197174 -9.931019 -15.831542 7.333799 0.037037 -11.839931 8.485226 -22.975767 -7.504829 66.505486 16.398663 15.075717 28.004210 -0.000003 0.000001 -0.000291 1.544906 19.513329 -5.035245 -1.168611 -1.009874 37.830853 13.758626 8.107172 -16.331680 0.000005 0.000003 -0.000295
-32.749190 8.770679 1.108100 -13.242030 -43.669998 -11.185043 3.832321 4.580560 33.712029 0.000000 0.000003 -12.161665 0.000000 -0.000002 -0.005908 0.000000 0.000003 5.829917 0.000002 -0.000007 12.605157 -11.232385 7.290569 -14.776433 -3.146111 2.684059 -4.637558 -19.985044 -12.311863 14.289982 48.018585 34.863983 -50.232437 2.790166 5.683654 -9.284869 -1.194813 5.556578 -1.334813 7.562430 7.547884 15.924936 -21.261166 -30.686342 -82.595245 -10.569004 -16.767904 9.237720 -1.839866 -9.924808 4.730598 -23.052279 -6.059696 71.916992 14.614336 12.417397 21.906685 0.000007 0.000001 -0.000290 -0.477708 22.358082 -4.218294 0.123567 -3.087570 40.509182 13.926040 6.347578 -19.773344 0.000003 0.000005 -0.000292
-32.899642 8.727103 1.301244 -12.835014 -41.489151 -10.638513 3.447950 3.721146 33.107285 -0.000003 0.000007 -12.161666 0.000004 -0.000005 -0.005904 -0.000001 -0.000005 5.829915 0.000000 -0.000000 12.605156 -11.806508 7.612154 -15.432160 -3.472768 2.519694 -4.337437 -20.374678 -11.152886 16.410151 48.443054 31.183413 -47.429394 -1.051418 4.248439 -9.387449 -1.582062 5.391462 -1.459749 7.342907 6.749748 13.744511 -18.946886 -30.949320 -84.839653 -10.835362 -19.771980 11.807652 -2.138501 -10.001346 0.008165 -22.748384 -3.950357 75.260231 11.783200 10.044638 16.202360 0.000010 -0.000003 -0.000290 -1.651528 24.362478 -3.748696 1.209926 -5.781145 41.219711 13.960366 5.185531 -21.780458 0.000003 -0.000000 -0.000300
-33.049120 8.725833 1.487419 -12.607158 -39.583298 -11.008615 3.397748 3.074016 33.476505 -0.000001 0.000005 -12.161669 0.000001 -0.000005 -0.005903 -0.000001 0.000009 5.829912 0.000003 -0.000010 12.605157 -12.645334 7.901459 -15.667988 -3.685201 1.993655 -3.997257 -21.320143 -9.843125 18.577871 49.608200 27.825172 -44.940006 -4.713189 2.359421 -10.409006 -1.650746 5.332450 -1.646191 6.750204 5.274554 12.189233 -15.208695 -30.457706 -89.387390 -11.897664 -22.672493 14.386413 -2.000369 -11.318942 -2.923219 -22.797796 -1.222891 75.829208 9.065566 8.855195 11.204969 -0.000005 0.000001 -0.000298 -1.796542 24.075180 -2.722737 0.829968 -7.254713 42.537537 13.960135 5.645787 -22.984674 0.000002 0.000002 -0.000299
-33.196364 8.748472 1.675109 -12.501318 -37.000317 -11.811255 3.554879 1.946324 34.080441 -0.000003 -0.000002 -12.161663 0.000003 -0.000003 -0.005905 0.000000 -0.000002 5.829915 0.000004 -0.000003 12.605160 -13.435537 7.932384 -15.393361 -3.768484 1.158023 -3.579001 -23.130056 -9.515011 21.262823 51.135693 26.017496 -42.984665 -6.079217 0.680940 -11.551149 -1.389069 5.009350 -1.691360 5.830418 4.409278 10.646372 -12.531602 -29.930866 -93.501877 -13.841024 -23.912516 17.013521 -1.310012 -13.101688 -4.667984 -23.860481 0.687648 74.147087 7.224265 9.353927 7.262136 -0.000005 0.000001 -0.000295 -1.296366 21.243156 -1.334713 -0.050327 -6.871280 43.997383 13.898505 6.057947 -23.840269 0.000003 -0.000000 -0.000298
-33.333239 8.788129 1.872128 -12.427835 -33.761791 -12.627014 3.732876 0.168373 34.567101 0.000001 0.000003 -12.161666 -0.000001 -0.000005 -0.005904 0.000002 0.000002 5.829913 0.000002 -0.000005 12.605160 -14.325930 7.910329 -15.105119 -3.983634 0.287229 -3.118119 -25.426287 -10.028850 24.101852 52.501911 25.738710 -41.669617 -6.317057 0.878416 -12.240195 -1.055009 4.696057 -1.818951 4.850475 4.920165 9.128232 -12.354340 -30.690233 -95.841560 -15.238788 -23.891541 18.829809 -0.614690 -14.411797 -5.997284 -25.402473 0.942846 71.707619 6.568416 11.026859 3.737898 0.000007 0.000003 -0.000290 -1.100121 17.904858 0.738595 0.032836 -5.973255 44.131973 13.730475 5.404327 -24.445206 0.000002 0.000003 -0.000293
-33.459036 8.838244 2.070054 -12.064282 -30.964283 -12.864275 3.553471 -1.399187 34.517632 -0.000003 0.000007 -12.161667 0.000001 -0.000003 -0.005906 0.000000 0.000003 5.829916 0.000003 -0.000007 12.605162 -15.222421 8.261868 -15.087591 -4.307085 -0.103448 -2.890087 -27.834570 -11.063824 26.737654 52.970032 26.967308 -40.908699 -7.052720 1.624093 -13.051486 -0.681498 4.706853 -2.364204 3.921726 6.013514 8.072091 -13.613702 -32.139088 -97.293686 -15.277238 -23.194460 19.019287 0.169184 -13.983459 -7.781072 -26.400133 -0.167313 68.412064 6.839758 11.970122 1.020885 0.000002 0.000005 -0.000294 -1.455903 16.166576 2.508889 0.482774 -5.949095 43.410740 13.548194 4.427956 -24.750242 -0.000001 -0.000000 -0.000292
-33.575884 8.894899 2.265519 -11.622688 -28.785980 -12.369253 3.381011 -2.136873 33.710979 -0.000003 0.000002 -12.161669 0.000003 -0.000002 -0.005903 0.000003 -0.000000 5.829914 -0.000000 -0.000005 12.605159 -15.729617 8.603170 -14.915185 -4.546803 -0.521258 -2.733805 -29.656269 -11.694551 29.044348 52.223583 28.601387 -41.172001 -8.209341 2.152836 -13.795931 -0.255945 4.495007 -2.917159 3.106288 6.765060 7.422589 -15.095009 -33.270622 -98.821617 -14.399357 -22.207563 17.871326 0.841139 -11.874349 -9.826483 -25.937164 -2.511390 64.545876 6.422249 11.276093 -1.445807 -0.000002 -0.000002 -0.000289 -1.920158 15.449705 3.729623 0.669766 -6.694335 42.288322 13.220072 3.745031 -24.551632 -0.000003 -0.000000 -0.000299
-33.681384 8.957032 2.465222 -11.126477 -26.376137 -11.622009 3.089628 -2.883572 32.481720 -0.000002 -0.000000 -12.161669 0.000003 -0.000009 -0.005901 0.000003 0.000010 5.829913 -0.000000 -0.000007 12.605161 -15.800651 8.849568 -14.495289 -4.635645 -1.045079 -2.543567 -30.490942 -11.569693 30.908054 50.820972 29.547594 -42.363308 -9.081975 2.531205 -14.244584 0.105991 4.103403 -3.217945 2.538847 7.127857 6.924219 -16.450769 -34.093231 -100.438797 -13.171451 -20.982405 15.836508 0.871436 -9.952323 -11.437092 -24.206806 -5.393395 59.621338 5.821943 9.827063 -3.659701 0.000007 0.000002 -0.000290 -2.353790 14.610813 4.747926 0.714621 -7.445341 41.079693 12.860764 2.848861 -23.916029 0.000001 0.000002 -0.000286
-33.786513 9.026317 2.669588 -10.777477 -24.070990 -10.913614 2.926656 -3.414072 31.176340 -0.000002 0.000002 -12.161668 0.000003 -0.000000 -0.005902 0.000000 -0.000000 5.829916 0.000000 -0.000005 12.605161 -15.580462 8.955932 -13.878219 -4.626258 -1.611131 -2.284925 -30.695763 -11.302672 32.287766 49.544018 29.884953 -43.568657 -9.432621 2.797550 -14.284152 0.378667 3.640002 -3.232225 2.344682 7.311671 6.492235 -17.746016 -34.829308 -101.772522 -11.903379 -19.335663 12.817873 0.695238 -8.891222 -12.054201 -21.197048 -7.620193 52.496822 6.177713 8.574504 -5.165856 0.000004 0.000003 -0.000292 -2.400743 14.013829 5.846592 0.948674 -7.915683 39.906437 12.364326 1.333312 -22.873489 0.000004 0.000005 -0.000296
-33.895976 9.096995 2.879644 -10.579679 -22.109772 -10.135426 2.900065 -3.730144 29.872669 -0.000002 0.000003 -12.161663 0.000002 -0.000007 -0.005904 0.000001 0.000005 5.829914 0.000001 -0.000009 12.605156 -15.359862 9.063113 -13.389841 -4.633025 -1.939582 -2.220212 -30.729189 -11.306914 33.186180 48.725208 30.110950 -44.244823 -9.390945 2.888343 -13.833012 0.531739 3.330503 -3.209272 2.554797 7.449383 6.175049 -19.415052 -35.615791 -102.343361 -11.194122 -17.970474 10.026353 1.024640 -9.011991 -11.526916 -17.615076 -7.945833 43.601631 7.399491 8.580595 -7.285867 -0.000004 0.000003 -0.000295 -2.229198 13.598166 6.768802 1.343763 -8.136929 38.987427 11.657911 -0.378163 -21.414452 -0.000002 0.000005 -0.000289
-34.008219 9.161747 3.095492 -10.411688 -20.567968 -9.373268 2.929867 -3.564991 28.671000 -0.000001 -0.000002 -12.161670 -0.000001 -0.000000 -0.005903 0.000004 -0.000000 5.829914 0.000001 -0.000002 12.605155 -15.080971 9.027458 -13.209620 -4.616034 -2.313466 -2.251182 -30.739052 -11.530814 33.468376 48.506889 30.423674 -44.261139 -9.135802 2.950055 -13.260630 0.634898 2.937088 -3.215343 3.097925 7.712879 6.047720 -21.742130 -36.667305 -101.932281 -10.433105 -17.104996 7.930940 1.527827 -9.827499 -9.908180 -13.193544 -5.656978 32.501244 8.668969 9.143441 -9.272097 -0.000000 0.000007 -0.000294 -2.015763 13.171378 7.445427 1.729703 -8.061094 38.490032 10.867999 -1.893813 -19.588600 -0.000002 -0.000000 -0.000284
-34.119124 9.209991 3.314778 -10.238129 -19.411819 -8.772853 2.899397 -3.127671 27.806440 -0.000004 0.000002 -12.161664 0.000001 -0.000002 -0.005907 0.000001 -0.000002 5.829918 0.000001 -0.000000 12.605162 -14.778950 9.077729 -13.553864 -4.557239 -2.414010 -2.328220 -30.541834 -11.807050 33.228725 48.606613 30.731514 -44.087654 -8.881724 3.210369 -12.854912 0.730369 2.649064 -3.303488 3.780086 8.034859 6.176111 -23.470255 -37.502220 -101.526161 -9.854816 -16.228695 7.246829 0.735566 -8.092244 -7.809831 -8.923569 -3.845813 21.942251 9.902081 10.347919 -10.703961 -0.000003 -0.000000 -0.000289 -1.755675 13.054803 7.874235 2.158752 -8.009311 38.728783 9.979200 -3.203549 -17.692707 0.000001 -0.000000 -0.000304
-34.223597 9.230752 3.534088 -9.903861 -18.245834 -8.560877 2.709855 -2.770942 27.434088 -0.000003 -0.000000 -12.161670 0.000004 -0.000000 -0.005905 0.000002 -0.000002 5.829918 0.000000 -0.000005 12.605160 -14.607466 9.125679 -14.375822 -4.485822 -2.371400 -2.452516 -30.097004 -11.783807 32.647831 48.494480 31.198795 -44.354774 -8.820761 3.658288 -12.528604 0.776104 2.453674 -3.439233 4.466104 8.212641 6.585285 -23.893721 -37.761868 -101.692261 -9.549282 -15.913766 7.256115 -0.874563 -4.225189 -5.985949 -5.955490 -3.231624 13.930215 12.739663 11.032319 -12.053908 -0.000001 -0.000002 -0.000289 -1.581475 13.206155 8.021100 2.701069 -8.186337 40.167942 8.991627 -4.454405 -15.724559 -0.000001 0.000007 -0.000294
-34.320071 9.217316 3.751676 -9.466955 -16.556961 -8.936770 2.563557 -2.585006 27.674835 -0.000001 -0.000000 -12.161666 0.000001 0.000002 -0.005904 0.000002 0.000002 5.829914 0.000000 -0.000003 12.605158 -14.590692 8.626760 -15.401792 -4.456241 -2.435839 -2.696787 -29.477297 -11.289282 31.859449 47.917133 31.684223 -45.263889 -9.045415 4.143979 -12.239367 0.690765 1.968441 -3.514035 5.093957 8.147001 7.128831 -23.630089 -37.630177 -101.862808 -8.908081 -16.238174 7.225213 -2.304204 -1.664316 -4.886002 -3.752342 -3.259591 10.243273 15.209414 11.218944 -13.290073 0.000000 0.000003 -0.000294 -1.580325 12.843821 7.805975 3.429060 -8.231834 43.286098 8.023338 -5.726708 -13.447407 0.000003 0.000002 -0.000295
-34.423392 9.167055 3.959419 -9.195167 -14.746966 -9.659730 2.731332 -2.442629 28.288109 -0.000004 0.000005 -12.161667 0.000003 -0.000003 -0.005903 0.000000 0.000002 5.829913 0.000002 -0.000005 12.605162 -14.911333 7.697510 -16.507475 -4.505446 -2.422644 -2.889240 -28.972515 -10.705731 31.019394 47.173435 32.495453 -46.340355 -9.437078 4.699575 -11.975542 0.384946 1.631508 -3.523450 5.516758 7.681782 7.734844 -23.194145 -37.209076 -101.454384 -7.819009 -16.431154 7.191739 -1.159123 -2.936387 -4.857341 -4.514519 -2.197343 10.814166 18.036875 13.364575 -12.211468 0.000000 0.000002 -0.000299 -1.312844 12.462530 6.875739 4.314096 -8.174589 48.175465 6.675765 -7.158017 -10.410753 0.000002 0.000007 -0.000285
-34.536254 9.080976 4.155016 -9.194503 -13.191301 -10.328418 3.474959 -1.643154 29.023779 -0.000005 0.000004 -12.161667 0.000004 -0.000004 -0.005906 0.000000 0.000002 5.829916 0.000001 -0.000004 12.605162 -15.331741 6.034657 -17.392069 -4.575576 -2.450093 -3.132388 -28.794216 -10.146486 30.028473 46.831154 33.178082 -47.068420 -9.710634 5.270973 -11.805104 -0.095676 1.324052 -3.691669 5.453839 6.588506 8.291993 -22.928169 -36.377903 -99.994881 -6.692287 -16.227125 7.277977 1.071907 -9.182779 -5.154062 -6.230931 3.860178 14.493115 18.675121 15.396385 -9.771464 0.000001 0.000001 -0.000289 -0.616689 12.382341 5.000814 5.799630 -7.726577 54.325123 4.740452 -9.415102 -6.630475 0.000005 0.000003 -0.000301
-34.654761 8.973127 4.341103 -9.428699 -11.996246 -11.341805 4.463792 -0.267381 30.200392 -0.000001 0.000002 -12.161667 0.000003 -0.000003 -0.005904 -0.000001 0.000002 5.829912 -0.000001 -0.000003 12.605161 -15.448862 4.082811 -17.662413 -4.556767 -2.267877 -3.407675 -28.736666 -9.724090 28.988789 47.058353 33.659935 -47.207943 -9.994973 5.745637 -11.673392 -0.458773 1.142479 -3.758305 4.962712 5.217619 8.575825 -23.147184 -35.051250 -97.402359 -6.376091 -15.697187 7.762280 2.136099 -13.207119 -5.754506 -6.884047 9.596848 18.645977 19.560268 12.360717 -8.052646 0.000003 0.000001 -0.000298 0.503713 12.964178 2.862887 8.374955 -7.299333 60.724686 2.202711 -12.531408 -1.933494 0.000002 0.000001 -0.000294
-34.769400 8.861963 4.517025 -9.514403 -10.048264 -12.961513 5.086549 0.094217 32.009731 -0.000002 0.000003 -12.161668 0.000001 -0.000004 -0.005905 0.000001 0.000001 5.829916 -0.000001 -0.000002 12.605160 -15.755833 2.292483 -18.063711 -4.705579 -1.706404 -3.318824 -28.392712 -9.521907 27.123806 47.940975 33.695747 -46.367111 -10.808639 5.922758 -12.093904 -0.941476 1.433994 -3.812506 4.633697 4.615353 8.822332 -24.431126 -33.856598 -93.529442 -7.362342 -15.206635 8.588363 1.268590 -11.906551 -6.465013 -6.284289 7.165420 26.285288 17.304899 12.204964 -10.711672 0.000000 0.000002 -0.000289 1.038377 13.149627 1.108449 12.761770 -6.932159 66.074242 -0.319659 -16.435438 3.268628 0.000003 0.000003 -0.000295
-34.857653 8.759457 4.707936 -10.524763 -7.721298 -14.161959 6.786080 0.032037 33.236454 0.000000 0.000002 -12.161663 0.000002 -0.000002 -0.005904 0.000002 -0.000001 5.829916 -0.000001 -0.000002 12.605157 -16.389402 0.268847 -18.623280 -4.799855 -1.358042 -3.067836 -27.775764 -9.015416 24.493052 48.778130 32.812080 -44.566101 -12.877133 5.302709 -13.859883 -1.915918 1.608943 -3.395503 4.995251 5.781341 9.491881 -26.409756 -33.794834 -88.845703 -7.414086 -14.946464 8.668858 1.773303 -14.981194 -7.949169 -5.827450 6.336281 34.467113 11.845726 14.312040 -14.045357 0.000003 0.000002 -0.000296 2.257661 12.930572 -0.850660 16.777596 -6.945221 70.534019 -2.271579 -18.165028 6.241822 -0.000000 0.000006 -0.000297
-34.935778 8.710960 4.898191 -10.689088 -5.734667 -15.379970 7.445500 0.342615 35.202381 -0.000002 0.000004 -12.161669 0.000001 -0.000003 -0.005904 -0.000000 0.000002 5.829913 0.000003 -0.000004 12.605163 -16.672121 -1.413288 -19.581707 -4.818911 -0.693030 -3.631963 -26.181040 -8.102211 21.869003 48.119457 31.840174 -44.132057 -15.627015 4.430437 -15.437693 -2.432402 1.948987 -3.403425 5.266186 7.118528 10.690269 -28.391348 -34.086750 -85.218231 -5.265728 -14.830141 6.900429 1.457678 -17.734575 -6.771034 -6.752433 6.236213 37.716824 9.954638 15.663216 -17.125410 0.000002 0.000005 -0.000288 3.133258 13.746316 -3.216964 18.261623 -8.129707 74.879906 -2.868486 -15.696939 3.000829 -0.000000 0.000002 -0.000292
-35.015143 8.689738 5.119431 -10.338402 -3.754520 -15.961348 7.590452 1.718638 35.740948 -0.000005 0.000003 -12.161665 0.000004 -0.000001 -0.005909 -0.000001 -0.000002 5.829919 0.000003 -0.000001 12.605155 -16.485760 -2.915246 -19.055822 -4.538066 -0.839261 -3.444104 -24.079699 -5.657357 19.565784 46.542679 30.740032 -46.437252 -16.967888 4.123265 -16.326527 -2.306843 1.931640 -2.701800 5.356024 6.782146 12.362043 -30.173429 -33.578728 -83.732361 -3.946211 -13.838402 5.034684 0.766048 -19.254450 -4.975861 -7.862550 5.552746 38.595501 8.842951 16.507154 -19.482273 0.000002 0.000004 -0.000287 3.410660 15.578894 -5.746231 18.508282 -9.767596 77.720726 0.170661 -13.704403 -1.046473 -0.000001 0.000008 -0.000294
-35.062842 8.697099 5.320341 -10.280975 -1.091468 -16.550938 7.855358 2.441420 36.271175 0.000001 0.000000 -12.161670 0.000002 -0.000001 -0.005900 -0.000002 0.000002 5.829913 0.000002 -0.000009 12.605156 -16.291084 -3.944646 -18.522549 -4.297336 -0.828635 -3.614736 -22.648996 -4.220107 17.873245 45.772747 30.801510 -48.857845 -16.577084 4.416302 -17.256233 -2.305226 2.191513 -2.291074 6.228390 6.835952 14.014697 -31.553162 -33.605057 -83.311981 -5.744591 -12.606148 3.945261 0.318395 -21.034025 -3.138791 -8.110372 6.461612 39.349072 8.289342 14.727346 -21.679787 -0.000001 0.000004 -0.000287 3.442161 16.839378 -7.961179 17.525177 -10.998105 79.064720 3.072735 -12.231354 -3.299765 -0.000001 0.000001 -0.000294
-35.089591 8.727757 5.516983 -10.193505 1.649440 -16.720629 8.088464 3.249318 36.417614 -0.000001 -0.000003 -12.161665 0.000003 -0.000002 -0.005904 0.000001 -0.000001 5.829913 0.000000 -0.000002 12.605162 -15.882240 -4.664921 -17.967356 -4.415894 -0.717140 -4.149820 -21.444023 -4.728032 16.217024 45.621498 32.391960 -50.197815 -15.563317 4.983082 -17.903101 -2.105133 2.642473 -2.287548 7.841531 7.998882 15.602618 -33.091263 -34.903072 -82.558006 -7.882862 -12.363817 3.110640 -0.333353 -19.637997 -1.429439 -7.838981 4.521943 39.790749 8.193645 12.380482 -22.993187 -0.000001 0.000001 -0.000299 3.059156 17.457142 -10.662609 15.658585 -11.330586 79.511803 2.817274 -11.244754 -5.002764 0.000004 -0.000001 -0.000297
-35.104022 8.778596 5.710163 -10.188616 4.241374 -16.530586 8.275640 4.305023 36.102272 -0.000005 -0.000002 -12.161671 0.000001 -0.000000 -0.005906 0.000003 -0.000005 5.829918 0.000002 0.000003 12.605159 -15.279113 -4.997071 -17.352989 -4.510051 -0.523902 -4.688269 -20.343502 -5.919008 14.735423 46.332947 34.523178 -51.188732 -14.221785 5.676592 -18.205282 -1.701586 3.231849 -2.372377 9.516056 8.920753 17.127516 -33.868641 -36.164455 -82.375572 -8.981005 -12.619947 2.834066 -0.603917 -17.921782 0.536865 -8.283574 1.233413 38.977768 8.322537 11.101706 -22.990555 0.000003 0.000001 -0.000296 2.973023 17.166391 -13.520560 13.315375 -10.130705 79.153755 2.047197 -10.976259 -7.082862 0.000003 0.000004 -0.000295
-35.103442 8.846823 5.903376 -10.136045 7.155963 -16.154793 8.278485 5.287055 35.517479 -0.000000 0.000005 -12.161670 0.000002 -0.000003 -0.005900 -0.000001 -0.000003 5.829911 -0.000000 -0.000006 12.605162 -14.521599 -5.192411 -16.786789 -4.483391 -0.326625 -5.155226 -19.211107 -6.609749 13.699756 47.402637 36.414921 -52.802399 -12.671835 6.206023 -18.404886 -1.325203 3.607437 -2.450862 10.922161 9.071300 18.581099 -33.934517 -36.702549 -82.846207 -9.466064 -12.611617 2.981863 -0.907794 -17.396082 2.828855 -8.923289 -1.627165 36.981529 8.891889 10.484504 -21.574066 0.000003 0.000002 -0.000299 3.026418 16.066965 -16.039837 10.482066 -7.690804 77.763016 2.355068 -10.223709 -9.318383 -0.000002 0.000007 -0.000295
-35.089240 8.935043 6.098992 -10.216682 10.074468 -15.938233 8.537675 6.212641 35.099689 -0.000003 0.000007 -12.161668 0.000002 -0.000009 -0.005906 -0.000001 0.000005 5.829919 0.000006 -0.000007 12.605158 -13.844033 -5.378834 -16.315214 -4.529999 -0.105308 -5.548218 -18.023161 -6.404985 12.869908 48.028358 37.890545 -55.434669 -11.151643 6.649680 -18.348043 -1.122272 3.829813 -2.544621 11.884080 8.819319 19.874262 -33.740337 -36.668976 -83.394653 -10.138541 -12.540689 3.766335 -1.080985 -17.392511 5.438538 -9.025741 -3.284190 34.422012 9.781223 9.325406 -19.122946 0.000003 0.000002 -0.000303 3.265725 14.968730 -17.710546 7.796637 -4.823707 74.848541 2.077080 -8.175932 -11.308056 0.000000 0.000007 -0.000290
-35.057147 9.034555 6.297203 -10.431793 12.965581 -15.694136 8.995205 7.168429 34.583584 -0.000003 0.000005 -12.161670 0.000002 -0.000009 -0.005906 0.000002 0.000003 5.829910 0.000000 -0.000005 12.605161 -13.185989 -5.663576 -15.842216 -4.633217 -0.022181 -5.823231 -16.935612 -5.748754 11.985037 48.399872 39.170719 -58.336891 -9.863111 7.030533 -17.956917 -0.980007 3.882398 -2.566307 12.488291 8.703301 20.858461 -32.986954 -36.447582 -83.909111 -11.170697 -12.691242 5.074162 -1.073618 -17.518951 8.049385 -8.746937 -4.424943 31.597361 10.736648 7.677808 -15.764175 -0.000004 0.000003 -0.000289 3.278331 14.457487 -18.580133 6.394542 -1.917823 69.938652 1.757607 -5.569917 -12.791461 0.000004 0.000005 -0.000290
-35.005133 9.134537 6.495866 -10.633882 15.988619 -15.006207 9.262477 8.148312 33.492474 -0.000004 -0.000000 -12.161671 0.000003 -0.000005 -0.005904 0.000002 -0.000000 5.829912 -0.000001 -0.000007 12.605163 -12.384239 -6.077268 -15.316295 -4.693071 -0.091637 -5.967888 -16.019209 -5.299746 10.914165 49.749050 40.271294 -60.060360 -8.726206 6.907784 -17.250010 -0.774605 3.748219 -2.414616 12.825027 8.798279 21.488708 -31.776642 -36.191269 -84.214386 -12.000427 -13.291255 6.217997 -0.927625 -17.435272 10.154868 -8.568233 -6.227742 28.654423 11.568941 6.288047 -11.413665 -0.000001 -0.000000 -0.000289 2.671091 14.679209 -19.076948 6.253012 1.088232 63.393864 2.077995 -3.448262 -13.941470 0.000000 -0.000003 -0.000302
-34.937506 9.229729 6.695557 -10.765611 19.188435 -13.933938 9.235770 8.900023 32.001614 -0.000001 -0.000000 -12.161664 -0.000001 -0.000009 -0.005905 0.000003 0.000002 5.829915 -0.000001 -0.000002 12.605159 -11.579255 -6.539673 -14.905156 -4.807909 -0.156733 -6.110662 -15.048403 -5.172317 9.817921 52.895153 41.119690 -59.829636 -7.326967 5.980686 -16.292078 -0.647440 3.546492 -2.223652 12.867929 8.858381 21.909069 -30.258352 -35.796490 -84.339821 -12.118709 -14.106694 6.688065 -0.593069 -17.066641 11.670699 -8.536337 -8.487239 25.957495 12.293585 4.984362 -6.529561 -0.000003 0.000003 -0.000294 1.519340 15.793221 -19.267601 6.329828 4.072419 55.703423 2.105028 -2.654943 -15.021799 -0.000001 0.000005 -0.000290
-34.858725 9.316267 6.899663 -10.886289 22.376310 -12.832839 9.043377 9.441811 30.469545 -0.000003 -0.000000 -12.161673 0.000000 -0.000005 -0.005904 0.000000 0.000002 5.829916 0.000002 -0.000005 12.605154 -10.841145 -6.978541 -14.661435 -4.983572 -0.249429 -6.265206 -13.994195 -5.248695 8.604719 57.276955 41.716766 -57.989796 -5.466017 4.508480 -15.261908 -0.681816 3.272976 -2.103429 12.794926 8.805649 22.450693 -28.427462 -35.212845 -84.606262 -11.663637 -14.751838 6.551938 0.164470 -16.249470 12.760679 -8.675038 -10.039540 23.785776 13.084052 3.047879 -1.774408 0.000002 -0.000004 -0.000292 -0.169069 18.317137 -18.784111 5.535605 6.090802 47.170601 1.774851 -3.408659 -15.907033 0.000002 0.000005 -0.000288
-34.775584 9.384152 7.110394 -11.099636 24.990038 -11.668962 8.817638 10.059751 28.850378 -0.000003 0.000005 -12.161662 0.000001 -0.000007 -0.005904 0.000002 0.000002 5.829910 0.000000 0.000007 12.605164 -10.305623 -7.129726 -14.589709 -5.129333 -0.034769 -6.485174 -12.772023 -5.023523 7.359871 60.963654 41.968536 -56.308540 -3.134465 3.252485 -14.068232 -0.807207 3.160268 -2.043644 12.705782 8.777464 23.258801 -26.753935 -34.552349 -84.825256 -11.117783 -15.164948 6.218224 1.540332 -14.756622 13.105642 -8.910205 -9.992493 22.507891 13.655416 0.115286 2.657619 -0.000001 -0.000001 -0.000302 -2.114609 22.465736 -17.680771 3.051744 5.879440 38.338024 1.056152 -4.390313 -16.835203 -0.000006 0.000007 -0.000296
-34.685900 9.425486 7.326758 -11.484867 27.113504 -10.721247 8.706282 10.684792 27.373270 -0.000002 0.000010 -12.161666 -0.000001 -0.000010 -0.005906 0.000003 -0.000009 5.829919 0.000001 0.000002 12.605156 -10.064627 -7.053733 -14.643042 -5.109429 0.617137 -6.730891 -11.714367 -4.587502 6.314772 62.765301 42.261230 -56.064968 -0.469513 2.740866 -12.517219 -0.948542 3.179779 -1.970104 12.576177 8.857500 24.148483 -25.790693 -33.867226 -84.567688 -10.761073 -14.817703 6.095592 3.017821 -12.629105 12.910741 -9.193198 -9.593668 22.660667 13.992010 -2.349965 6.614057 0.000002 0.000004 -0.000297 -3.167273 26.877964 -16.387459 -0.383393 4.181892 30.943735 -0.597723 -5.180977 -17.720600 0.000000 -0.000000 -0.000296
-34.578250 9.435336 7.543907 -12.007889 29.416977 -10.582642 8.844434 10.846536 26.480282 -0.000005 0.000005 -12.161662 0.000006 -0.000009 -0.005903 0.000000 -0.000002 5.829912 -0.000000 -0.000002 12.605157 -10.142953 -7.008343 -14.668361 -5.017028 1.287158 -6.995483 -11.056025 -4.277040 5.713490 63.100937 42.970245 -56.977509 2.271028 2.995925 -10.605222 -1.116568 3.089108 -1.730322 12.441718 9.190949 24.892300 -26.337984 -33.251289 -83.274872 -10.651548 -13.271979 6.147093 4.025629 -10.535439 12.953620 -9.683750 -10.284220 24.320965 14.257436 -2.544955 10.459867 -0.000001 0.000003 -0.000290 -3.473222 28.565050 -15.076424 -1.978625 4.193181 26.134489 -3.257086 -6.343307 -18.184109 0.000005 0.000017 -0.000289
-34.449778 9.406165 7.757094 -12.749417 32.167480 -11.394189 9.331055 10.447363 26.254835 -0.000001 0.000002 -12.161661 0.000001 -0.000014 -0.005905 0.000003 0.000007 5.829915 0.000000 -0.000005 12.605156 -10.309842 -7.113997 -14.684292 -4.943650 1.429905 -7.174868 -10.639676 -3.872398 5.278135 62.650978 43.830933 -58.329815 4.733013 3.776908 -8.781621 -1.245694 2.880885 -1.313145 12.266700 9.828607 25.348213 -28.379126 -32.904232 -81.045517 -10.466788 -11.939582 5.774210 4.529516 -9.130697 13.183517 -10.412372 -11.729002 27.511456 14.583000 -0.269607 14.432957 0.000000 0.000003 -0.000299 -5.214448 28.478376 -13.796939 -0.216496 4.105475 23.515076 -0.922135 -6.355441 -18.161339 0.000009 0.000007 -0.000293
-34.320647 9.331173 7.969254 -13.683971 34.963242 -12.543195 9.924637 9.840492 26.341896 -0.000001 0.000002 -12.161670 0.000002 -0.000003 -0.005904 0.000001 -0.000000 5.829913 -0.000000 -0.000000 12.605158 -10.253422 -7.176023 -15.061976 -4.841497 1.383832 -7.275687 -10.617772 -3.979277 4.809857 62.189541 44.770767 -59.282722 6.947108 4.607107 -7.258266 -1.255048 2.789027 -1.022653 11.984656 10.673620 25.554438 -30.661793 -32.781677 -78.799416 -10.303681 -11.361239 5.179612 4.623054 -8.486931 12.887516 -11.286522 -12.869333 32.053017 15.504200 3.460150 18.776423 0.000002 0.000001 -0.000289 -6.683282 27.086630 -12.936364 1.816375 2.931141 23.878504 5.552424 -3.994074 -17.505764 0.000002 0.000005 -0.000293
-34.212107 9.218705 8.190603 -14.820689 37.127193 -13.957284 10.522798 9.396464 26.723135 -0.000002 -0.000002 -12.161665 0.000003 -0.000000 -0.005908 0.000000 0.000002 5.829918 0.000002 -0.000002 12.605161 -9.867858 -6.852624 -15.806402 -4.639745 1.574693 -7.392809 -11.025390 -4.679672 4.703908 62.107922 45.714024 -59.523220 8.736599 5.403075 -6.077615 -1.060158 2.989313 -0.829481 11.496737 11.508056 25.460308 -31.821951 -32.679962 -77.495522 -10.155019 -11.141003 4.779401 4.431875 -8.147531 12.122562 -12.417176 -13.369810 37.684105 17.543161 7.947602 23.481087 -0.000002 0.000005 -0.000292 -5.876369 23.081760 -13.181674 1.885413 2.106334 27.730692 10.918160 0.074487 -18.491899 0.000001 -0.000003 -0.000303
-34.104743 9.095630 8.420972 -15.796952 39.400314 -16.261768 10.723414 8.273416 28.104813 -0.000001 -0.000000 -12.161664 0.000002 -0.000000 -0.005903 0.000001 -0.000007 5.829914 -0.000001 -0.000002 12.605161 -9.178543 -6.101749 -16.628925 -4.443197 2.044740 -7.199269 -11.456323 -5.290082 4.904516 62.051579 46.241844 -59.493877 9.140002 6.306794 -5.298068 -0.773704 3.515819 -0.578070 10.839805 11.976592 24.850910 -31.563528 -32.468040 -77.382004 -9.718184 -11.388697 4.516422 3.561748 -8.878822 11.816620 -14.110886 -12.972884 43.725182 20.550398 13.087824 28.777712 0.000001 -0.000000 -0.000290 -3.416139 19.546833 -12.196043 -1.099443 0.472477 31.337379 14.280051 4.847062 -17.964224 -0.000006 0.000007 -0.000299
-33.978304 8.957114 8.625408 -15.970270 42.597851 -19.131851 9.933537 6.448214 30.619400 0.000000 0.000003 -12.161668 0.000002 -0.000002 -0.005903 0.000003 0.000003 5.829913 0.000000 -0.000007 12.605158 -8.114208 -5.504040 -17.587593 -4.053752 1.922870 -6.905353 -11.506295 -4.889386 5.455798 60.048981 45.950195 -60.494522 8.686057 6.547340 -5.079796 -0.511400 3.970621 -0.085909 10.137439 11.805857 23.297977 -30.612223 -32.102406 -77.737953 -8.781265 -12.058734 4.135315 1.809361 -10.908882 12.289702 -16.264082 -11.400584 49.310612 24.153883 16.681707 32.956570 0.000002 0.000001 -0.000293 -3.485001 18.842169 -9.680494 -1.066490 -2.830673 35.227177 13.753104 6.531506 -20.380781 -0.000001 0.000007 -0.000303
-33.845969 8.827253 8.811060 -14.213660 45.563057 -19.770206 7.998028 5.641500 32.152767 -0.000002 -0.000002 -12.161663 0.000002 -0.000000 -0.005906 0.000001 -0.000002 5.829920 0.000001 -0.000003 12.605153 -7.191146 -5.086977 -18.269156 -3.554425 1.512183 -5.931756 -11.502670 -4.583678 6.172799 57.089069 44.418602 -60.959091 7.914406 5.984985 -5.271688 -0.836641 4.100186 0.605052 10.001600 11.061845 21.254562 -30.215528 -31.442463 -77.389549 -7.752156 -12.311626 3.832504 -0.393092 -11.509017 11.489727 -18.219744 -9.366501 54.758972 25.517580 16.318972 33.637264 0.000000 0.000001 -0.000294 -4.222963 18.906883 -9.267012 -1.195425 -3.422180 40.729137 13.858440 5.682290 -23.854225 -0.000001 -0.000002 -0.000289
-33.707091 8.731256 8.981490 -12.600951 48.493275 -19.446005 6.253679 4.478237 33.294167 -0.000003 0.000005 -12.161668 0.000002 -0.000014 -0.005905 0.000002 0.000002 5.829918 0.000001 -0.000000 12.605159 -6.757953 -4.373463 -19.166416 -3.573170 1.490203 -5.364491 -11.298595 -5.108062 7.037562 55.362862 41.724331 -59.193882 6.295239 4.924960 -4.787565 -1.489344 3.980857 0.839145 10.123418 10.854327 18.708792 -30.838984 -30.911484 -76.012741 -6.748638 -12.105534 3.968302 -2.017128 -10.737823 9.307656 -19.705658 -8.174265 60.609062 24.446280 14.633371 28.409401 0.000002 -0.000000 -0.000294 -5.541437 21.827442 -7.554241 -0.423038 -5.913894 42.698883 14.284106 3.337239 -26.663731 0.000003 0.000005 -0.000291
-33.568289 8.670692 9.144323 -12.325858 50.883781 -19.188570 5.386611 3.650487 33.281578 -0.000002 0.000005 -12.161666 0.000001 -0.000007 -0.005902 -0.000001 0.000003 5.829917 0.000003 -0.000005 12.605152 -6.507800 -3.496365 -19.214800 -3.443013 0.995914 -4.675243 -11.278320 -5.478405 7.952826 55.148441 38.159489 -55.994717 3.071010 4.298019 -4.189781 -1.815431 3.287959 1.222416 10.233890 10.836168 16.326157 -31.389149 -30.699202 -75.315964 -5.113751 -12.550140 3.822283 -2.513868 -10.399223 6.016207 -21.087790 -6.384895 65.249481 21.990288 12.594906 22.321243 0.000003 0.000001 -0.000290 -6.054301 24.039862 -6.206049 -0.092393 -8.588425 43.356155 14.743642 2.040365 -28.426672 0.000001 0.000007 -0.000295
-33.423361 8.648302 9.304864 -12.841845 53.277199 -19.826159 4.811203 2.305023 33.532562 0.000001 0.000002 -12.161665 -0.000002 0.000005 -0.005906 0.000004 0.000007 5.829913 0.000000 -0.000009 12.605156 -6.761166 -2.226333 -19.067148 -3.107896 0.372296 -4.080413 -11.575228 -5.647966 8.876409 54.502293 34.990734 -53.489433 -0.252972 4.283941 -5.502907 -1.854383 2.607840 1.172370 10.002643 10.066648 14.602689 -30.627340 -30.362251 -77.037880 -3.829839 -13.266619 3.367117 -2.389561 -10.767990 3.200583 -22.105885 -4.341301 68.025772 18.203545 10.241842 16.449741 0.000000 -0.000003 -0.000294 -5.835417 23.375847 -5.116822 -0.406432 -9.851430 44.289745 14.760816 2.022277 -29.292820 0.000001 0.000002 -0.000286
-33.273356 8.657191 9.466836 -13.633388 55.945095 -20.910355 4.283893 0.490813 33.862797 -0.000003 0.000005 -12.161665 0.000001 0.000002 -0.005904 0.000001 0.000007 5.829915 0.000002 -0.000003 12.605156 -7.131051 -0.907254 -18.864046 -2.721828 -0.479736 -3.606412 -12.402374 -5.964567 10.279488 53.736259 33.378841 -52.412067 -2.104247 4.821193 -7.016247 -1.404329 1.928475 0.819353 9.222672 9.243849 13.142387 -29.300440 -30.063337 -79.916611 -4.436763 -13.133525 3.303936 -1.731868 -11.144012 0.871876 -22.823013 -2.976309 69.281769 13.562552 7.639662 10.559279 0.000002 0.000001 -0.000294 -4.985766 20.652969 -3.570483 -0.837235 -9.143469 44.654850 14.728772 1.696814 -29.668142 -0.000004 -0.000000 -0.000296
-33.106501 8.697556 9.622662 -14.647403 58.909931 -22.452971 3.896368 -1.883617 34.419350 -0.000003 -0.000002 -12.161667 0.000001 -0.000000 -0.005909 0.000002 0.000003 5.829917 0.000003 -0.000010 12.605156 -7.509904 0.267620 -18.764563 -2.580002 -1.299715 -3.212183 -13.956094 -6.828833 12.172449 53.134987 33.643703 -52.778969 -1.771670 4.825013 -7.455321 -0.901666 1.403611 0.328932 8.507651 9.319581 11.500403 -29.211561 -30.609213 -81.946266 -5.799772 -13.162313 3.052789 -0.853714 -11.597706 -1.072068 -23.778061 -2.294192 69.188538 9.111382 5.427421 5.059273 0.000007 -0.000003 -0.000297 -4.330832 18.175732 -0.869871 -0.455788 -8.582485 43.569134 14.414872 0.785677 -29.760948 0.000003 0.000002 -0.000285
-32.929167 8.760714 9.772048 -15.729920 60.985352 -23.630493 3.948322 -3.694364 34.727341 -0.000001 -0.000005 -12.161667 0.000006 -0.000009 -0.005904 -0.000000 0.000003 5.829915 0.000000 -0.000003 12.605160 -7.993095 1.266548 -18.947790 -2.739919 -1.968499 -3.114966 -15.978717 -8.409024 14.187946 53.694920 34.776176 -52.791340 -0.280055 4.771224 -7.592731 -0.558155 1.048873 -0.304128 7.996787 9.960052 9.895906 -29.582499 -31.841976 -83.689285 -6.511078 -13.159496 2.893900 0.345574 -11.405158 -3.326459 -24.830246 -2.015904 67.756172 5.826526 3.860411 0.492778 -0.000009 0.000003 -0.000294 -3.682585 17.383425 1.635096 0.000572 -8.948066 41.726341 14.064385 -0.206702 -29.244221 0.000001 0.000009 -0.000295
-32.745928 8.836739 9.908847 -16.997349 62.454559 -24.149374 4.316830 -4.992545 34.314960 -0.000001 0.000007 -12.161668 -0.000001 0.000005 -0.005902 0.000003 -0.000007 5.829916 0.000001 -0.000005 12.605154 -8.306887 2.111985 -19.252218 -2.996615 -2.751850 -3.290865 -18.043854 -9.918797 16.022179 54.893353 35.825989 -52.292244 1.397869 4.586526 -7.596483 -0.182489 0.577384 -1.003357 7.462232 10.331778 8.626792 -29.488071 -32.815048 -86.020638 -6.878062 -12.957172 2.619085 1.747037 -10.582685 -6.148848 -25.713100 -2.496467 65.162971 4.284217 2.837069 -2.950976 0.000003 -0.000003 -0.000301 -2.975673 17.316059 3.425657 0.407858 -9.840371 39.495625 13.381092 -1.418340 -28.016645 -0.000001 0.000003 -0.000302
-32.556593 8.927904 10.038533 -18.264671 63.542328 -24.497704 4.746727 -5.979477 33.651443 -0.000003 -0.000005 -12.161667 0.000001 -0.000005 -0.005907 0.000002 -0.000002 5.829913 0.000000 -0.000003 12.605162 -8.435062 2.898731 -19.446821 -3.192984 -3.547173 -3.407864 -19.842545 -10.776918 17.530357 55.727524 36.502998 -52.097153 2.456713 4.213247 -7.512745 0.247778 0.068389 -1.508435 7.012526 10.151254 7.647987 -29.243910 -33.254879 -88.690933 -7.243375 -12.689404 2.215881 2.983686 -9.182205 -8.649159 -26.163675 -3.859792 61.401421 4.538848 2.188312 -4.932329 -0.000003 0.000002 -0.000296 -2.040388 17.123127 5.085285 0.577676 -10.291985 37.170208 12.391600 -2.813529 -25.892761 0.000003 0.000003 -0.000292
-32.356219 9.032619 10.163505 -19.472218 64.554146 -25.110725 5.098248 -6.940540 33.169209 -0.000005 -0.000000 -12.161670 0.000001 0.000002 -0.005905 0.000002 -0.000000 5.829917 -0.000000 0.000003 12.605159 -8.507988 3.570718 -19.480711 -3.291013 -4.200767 -3.400415 -21.281525 -11.174097 18.746395 55.891300 36.931362 -52.399185 2.748505 3.909283 -7.485806 0.610304 -0.405542 -1.782732 6.850048 9.764314 6.837486 -29.346386 -33.535698 -90.894875 -7.585799 -12.349609 1.626712 3.778021 -7.833292 -10.228454 -25.388718 -5.492814 56.457127 5.525497 1.605496 -6.232491 0.000000 -0.000002 -0.000298 -0.960897 16.651464 7.005812 0.809515 -10.080582 34.829159 11.111550 -4.539401 -22.736483 0.000010 0.000002 -0.000299
-32.143752 9.142293 10.286658 -20.336245 65.428909 -25.643557 5.305558 -7.736399 32.871090 -0.000003 0.000014 -12.161663 0.000001 -0.000009 -0.005906 0.000001 0.000002 5.829916 -0.000000 -0.000000 12.605160 -8.639009 4.073409 -19.450970 -3.338454 -4.687616 -3.346179 -22.333897 -11.348825 19.693916 55.512539 37.167267 -53.030415 2.688426 3.833407 -7.280161 0.879826 -0.798313 -2.023380 6.956213 9.608369 6.219931 -29.715137 -34.007668 -92.207352 -7.836656 -11.940312 1.025432 4.049927 -6.637889 -10.839546 -22.921373 -6.950506 50.360405 5.930892 1.602380 -7.978218 -0.000003 -0.000003 -0.000297 0.058045 16.286196 8.983853 1.191333 -9.597544 32.722885 9.582478 -6.425686 -18.834623 -0.000001 0.000005 -0.000291
-31.923098 9.246119 10.411403 -20.689688 65.946548 -25.598392 5.397731 -8.218036 32.458565 -0.000003 0.000009 -12.161666 0.000003 -0.000009 -0.005907 -0.000001 0.000015 5.829916 0.000001 -0.000005 12.605157 -8.916793 4.553541 -19.414991 -3.392841 -4.880717 -3.283412 -22.984129 -11.416527 20.333458 54.674572 37.229694 -53.860657 2.750201 3.883117 -6.742968 1.086567 -0.971282 -2.304988 7.147456 9.613783 5.872128 -29.921888 -34.483078 -92.893234 -7.996481 -11.702451 0.831145 3.882748 -5.492118 -10.814073 -18.841722 -7.406353 42.987568 5.919188 2.330856 -9.662215 0.000002 0.000002 -0.000291 0.974594 16.487171 10.656604 1.632612 -9.290248 30.960960 7.756945 -8.280413 -14.400002 0.000003 0.000005 -0.000289
-31.696143 9.335144 10.537438 -20.757483 66.226089 -25.040113 5.498168 -8.533477 31.807888 -0.000007 0.000014 -12.161668 -0.000003 0.000005 -0.005900 0.000003 -0.000000 5.829914 -0.000002 -0.000003 12.605156 -9.396114 5.027961 -19.431822 -3.492206 -4.787984 -3.254658 -23.337433 -11.543196 20.611107 53.710503 37.129265 -54.437325 2.930207 4.030423 -6.283631 1.209271 -0.984274 -2.631123 7.312438 9.492164 5.812095 -29.582058 -34.579777 -93.423431 -8.094042 -11.770999 1.097330 3.969741 -5.462974 -10.344011 -14.520504 -5.503882 34.203449 7.038455 3.769503 -11.032557 0.000006 -0.000003 -0.000291 1.657597 16.866657 11.765720 2.159593 -9.026160 29.747540 5.772303 -9.992754 -9.584856 0.000000 0.000012 -0.000289
-31.463736 9.404165 10.664032 -20.652552 66.391769 -24.348928 5.682966 -8.643470 31.247959 -0.000003 -0.000003 -12.161666 0.000002 -0.000010 -0.005907 0.000001 0.000005 5.829919 0.000001 -0.000005 12.605156 -9.962072 5.336145 -19.604422 -3.569821 -4.634267 -3.337749 -23.499104 -11.668073 20.537258 52.818222 36.862103 -54.606544 2.801378 4.238291 -6.185701 1.242745 -1.061940 -2.945523 7.359151 9.146653 5.946404 -28.741350 -34.227951 -93.851624 -8.222332 -12.037382 1.463953 4.255551 -6.361245 -9.377816 -11.095010 -2.281820 25.056702 9.592247 6.095189 -12.087651 0.000004 -0.000003 -0.000294 2.093874 16.813810 12.285972 2.716706 -8.276816 29.581060 3.735687 -11.437075 -4.722980 0.000004 0.000003 -0.000288
-31.229460 9.444705 10.789522 -20.417013 66.527321 -23.858496 5.902421 -8.507578 30.998404 -0.000002 -0.000000 -12.161665 0.000003 -0.000005 -0.005901 -0.000000 -0.000002 5.829913 0.000001 -0.000005 12.605158 -10.417480 5.409653 -19.899136 -3.451945 -4.234108 -3.496960 -23.664091 -11.855901 20.361542 52.056152 36.464195 -54.604053 2.095911 4.366928 -6.218396 1.168323 -1.287896 -3.170537 7.251106 8.586272 6.246926 -27.816225 -33.620007 -93.932579 -8.193116 -12.420332 1.773659 3.150729 -5.436613 -8.656600 -8.106578 -1.889836 18.589685 13.408502 9.641273 -12.300841 -0.000002 0.000002 -0.000290 2.400285 15.919158 12.185502 3.335610 -6.479853 31.074892 1.585226 -12.837478 -0.031338 0.000002 -0.000000 -0.000290
-30.997054 9.445454 10.913057 -19.782757 66.854004 -23.455950 5.935514 -8.153951 31.164268 0.000005 -0.000005 -12.161667 -0.000001 0.000007 -0.005906 0.000001 0.000002 5.829916 -0.000001 -0.000005 12.605157 -10.622427 5.124959 -20.288576 -3.280765 -4.079219 -3.591256 -23.709848 -11.900264 20.073841 51.710205 36.150185 -54.332596 0.859891 4.342005 -6.291670 0.975904 -1.664452 -3.271863 7.036068 7.890590 6.656708 -27.033991 -32.939751 -93.585785 -8.020798 -12.713979 1.833048 1.584216 -3.986428 -8.535090 -6.089166 -4.379364 15.379953 17.761271 13.450895 -11.753826 -0.000001 0.000007 -0.000297 2.101212 14.382671 11.456828 4.561962 -4.108278 34.502903 -0.606094 -14.227950 4.169137 -0.000005 0.000005 -0.000291
-30.765942 9.401148 11.039624 -18.671911 67.811592 -23.131466 5.584563 -7.934222 31.739910 -0.000003 0.000002 -12.161670 0.000002 0.000003 -0.005904 0.000001 0.000007 5.829916 0.000004 -0.000005 12.605158 -10.414085 4.469782 -20.687656 -3.183280 -4.049638 -3.574290 -23.486591 -11.894913 19.638252 52.110394 35.739079 -53.405071 -0.851708 3.953325 -6.511098 0.695374 -1.759170 -3.220961 6.673220 6.885223 7.032560 -26.628422 -32.273903 -92.611832 -7.854580 -12.874187 1.862827 2.281252 -6.344586 -8.033545 -6.306425 -5.084210 14.638387 19.962105 15.672608 -12.152267 -0.000003 0.000003 -0.000297 1.269238 12.577365 10.195529 6.394275 -2.249689 39.749458 -2.886381 -15.412091 8.157387 -0.000006 0.000003 -0.000299
-30.539324 9.316012 11.178406 -17.602486 68.886375 -23.182768 5.274516 -7.475501 32.573208 0.000000 0.000003 -12.161672 -0.000001 -0.000002 -0.005907 0.000001 -0.000002 5.829916 0.000003 -0.000000 12.605159 -9.620552 3.580028 -21.046558 -3.304332 -3.964572 -3.473829 -22.929489 -11.824166 19.119005 53.337536 35.047749 -51.785374 -2.342708 2.928176 -6.721703 0.329823 -1.513946 -3.525799 6.155317 5.702049 7.705658 -26.517487 -31.492056 -90.840790 -7.975574 -12.716681 1.962003 3.765669 -11.520745 -7.749096 -7.573116 -2.594389 15.773850 17.562319 15.325833 -11.093750 0.000001 -0.000002 -0.000296 0.698698 11.602764 8.528450 8.400733 -1.730317 46.144840 -4.712662 -16.567396 12.693807 0.000005 -0.000000 -0.000287
-30.315039 9.193968 11.331304 -16.489500 69.517059 -23.413853 4.980978 -6.302845 33.492870 -0.000003 0.000002 -12.161670 -0.000000 -0.000000 -0.005905 0.000003 -0.000002 5.829916 -0.000002 -0.000003 12.605159 -8.156336 2.640270 -21.120199 -3.476481 -3.424672 -3.259999 -22.062132 -11.572051 18.825470 55.204426 33.983223 -50.038383 -2.591110 1.612652 -6.734731 0.154315 -1.012779 -3.552476 5.663927 5.242605 8.176871 -26.661819 -30.840996 -88.434410 -8.764776 -12.231368 2.651790 3.538809 -13.981954 -7.340084 -7.906847 -0.833949 20.213003 14.045884 14.581462 -12.195262 0.000001 -0.000003 -0.000289 0.873191 11.672520 6.759676 10.379020 -1.675476 52.857975 -6.101922 -17.986931 17.698143 -0.000008 0.000007 -0.000290
-30.141806 9.067909 11.536752 -15.214491 69.046600 -24.293751 5.331344 -4.024624 35.325558 -0.000004 0.000010 -12.161664 0.000003 -0.000005 -0.005904 0.000000 -0.000002 5.829912 0.000001 -0.000003 12.605160 -7.102391 1.349172 -20.783121 -4.088639 -2.885790 -2.715766 -20.811825 -10.865583 18.241949 57.502632 32.773891 -48.518635 -1.797099 0.771155 -6.737314 -0.410948 -0.577009 -3.319239 5.332659 6.380789 8.958376 -26.856281 -31.028696 -86.050194 -10.231669 -12.548484 3.592026 3.437792 -14.952363 -5.753973 -8.496099 3.503755 23.985409 11.963751 12.173884 -14.134685 0.000004 -0.000002 -0.000288 2.093404 13.460081 5.974823 12.888055 -1.825774 58.673683 -8.563013 -19.181322 22.570665 -0.000002 0.000002 -0.000293
-29.909649 8.931907 11.691311 -18.268751 68.644089 -28.977833 7.103306 -3.070295 36.297337 -0.000005 0.000012 -12.161666 0.000002 -0.000000 -0.005909 -0.000000 -0.000002 5.829916 0.000000 -0.000003 12.605154 -7.239872 0.820047 -20.068316 -4.444702 -2.055018 -1.498690 -20.046803 -9.336985 17.247616 59.724274 31.840847 -47.221615 -1.180970 0.386624 -7.019528 -1.623527 0.583590 -1.477452 5.296238 8.258233 9.717691 -27.098598 -31.360722 -84.017090 -10.840062 -14.210102 4.011440 5.006265 -14.511697 -5.477274 -7.005674 7.139499 31.287748 7.776403 7.756562 -18.326197 0.000000 0.000005 -0.000293 4.269860 15.406218 5.220459 16.768192 -2.579849 62.665039 -11.908455 -17.634775 25.056183 -0.000003 0.000007 -0.000293
-29.672415 8.844971 11.826322 -24.219936 68.469650 -35.992229 9.870555 -2.602252 38.273926 -0.000003 -0.000002 -12.161666 0.000003 -0.000003 -0.005904 -0.000002 -0.000000 5.829916 0.000006 -0.000010 12.605158 -7.257403 0.088702 -20.677639 -4.232141 -1.642279 -2.018344 -19.971516 -7.678419 15.918746 61.403297 31.161068 -46.036644 -1.592888 -0.205109 -6.994253 -2.447900 1.137405 -1.230961 5.413426 10.204345 11.327790 -26.554026 -31.542667 -82.766022 -9.262427 -14.911714 4.188371 6.631777 -14.775683 -4.959157 -6.115109 7.244427 36.399166 5.728112 6.624759 -21.778652 -0.000001 0.000002 -0.000291 7.201613 15.813747 3.285948 19.305367 -3.510895 67.001183 -11.097852 -15.708243 21.202803 -0.000006 0.000002 -0.000291
-29.436934 8.803883 11.970213 -23.285538 68.719490 -35.771736 10.490067 -0.432893 38.842121 -0.000002 0.000002 -12.161669 0.000004 -0.000000 -0.005903 -0.000000 -0.000003 5.829913 0.000003 0.000005 12.605159 -6.870848 -0.836969 -20.112041 -4.322426 -1.592281 -2.009415 -19.331968 -5.917208 14.102342 62.121117 30.665644 -46.014725 -2.305082 -0.612031 -6.556435 -2.339385 1.181928 -0.515048 5.043561 11.541207 13.216221 -25.307304 -31.504354 -82.353958 -6.763917 -15.279205 4.514157 6.612413 -14.668674 -2.790128 -8.728995 4.231208 37.244762 4.627874 9.821060 -23.729372 0.000009 0.000002 -0.000289 7.707446 16.906195 0.436687 20.270573 -4.571897 70.910263 -6.589308 -14.561759 15.582773 0.000002 0.000007 -0.000294
-29.200991 8.783875 12.110256 -23.588400 70.095955 -35.943562 10.408689 0.824497 38.570862 -0.000004 0.000004 -12.161671 0.000001 -0.000002 -0.005902 0.000003 0.000003 5.829916 -0.000001 -0.000007 12.605159 -6.171214 -1.402275 -19.381342 -4.051539 -1.216667 -2.315749 -18.593172 -5.061045 12.686337 62.419487 31.126389 -46.940300 -1.648916 0.231563 -6.261608 -2.004873 1.659741 -0.255396 5.288438 11.919588 15.040036 -24.032785 -31.264933 -82.697304 -6.189398 -16.248137 4.766695 6.208891 -16.103540 -0.758779 -10.073560 3.635071 37.154572 4.357335 10.769726 -25.418957 0.000001 0.000005 -0.000289 7.427424 17.583664 -3.225196 19.861042 -6.069960 73.331726 -1.388757 -13.007155 10.312991 0.000004 0.000003 -0.000295
-28.953856 8.800404 12.221148 -26.518921 72.363953 -38.865196 10.391503 0.930776 38.471954 -0.000001 0.000002 -12.161670 0.000002 -0.000002 -0.005900 -0.000000 0.000008 5.829917 0.000004 -0.000021 12.605155 -5.170098 -1.963891 -18.692553 -3.961953 -0.812366 -2.833010 -17.841234 -5.334803 11.979682 62.364544 33.071384 -48.661572 -0.257737 1.242415 -5.603166 -1.772669 2.387202 -0.335187 6.512639 11.955889 16.938869 -22.984301 -31.707644 -83.721970 -8.006462 -16.981127 5.217911 5.517072 -16.935883 1.362020 -9.265088 3.622940 36.919216 4.214209 8.670164 -26.473705 0.000001 -0.000003 -0.000291 6.571889 17.196020 -6.670826 18.878832 -7.313051 74.190857 1.570661 -11.104044 5.828696 0.000007 0.000000 -0.000296
-28.685443 8.842081 12.334169 -27.950285 74.044373 -40.244362 10.304596 2.190854 38.190533 -0.000003 0.000006 -12.161668 0.000002 -0.000007 -0.005904 0.000001 0.000008 5.829915 0.000003 -0.000012 12.605162 -3.867422 -2.776564 -18.000576 -4.007745 -0.531992 -3.179634 -17.160490 -6.145641 11.539036 62.427773 35.491013 -50.936607 0.913551 2.059865 -4.799398 -1.453641 2.761765 -0.603822 8.394541 11.807968 18.979977 -22.966103 -32.707088 -84.235107 -9.623776 -17.481186 5.418463 4.762408 -16.041283 4.053321 -8.725446 2.000305 35.546101 4.365639 7.490205 -26.356409 0.000001 -0.000002 -0.000289 5.256336 16.986151 -9.938044 17.955759 -7.762967 73.792938 1.508875 -10.009363 2.206699 0.000001 0.000004 -0.000288
-28.425084 8.915279 12.429221 -27.770971 75.138077 -39.918686 10.114861 4.371282 37.994934 -0.000001 0.000006 -12.161666 0.000000 -0.000007 -0.005905 0.000000 0.000009 5.829914 0.000000 -0.000005 12.605161 -2.545196 -3.734870 -17.668627 -3.945257 -0.424343 -3.676506 -16.417086 -7.157460 11.280905 62.445450 38.004536 -53.417564 2.152916 2.959898 -4.032130 -1.004177 2.951098 -1.053878 10.281693 11.172583 20.684252 -23.674011 -33.630043 -84.026215 -9.996269 -17.256552 5.280096 4.048044 -14.685471 6.898143 -8.670421 -0.414181 33.335361 4.717131 7.546869 -24.412405 0.000003 -0.000002 -0.000289 3.966196 16.959831 -12.877080 16.519575 -7.450170 72.383904 0.466239 -9.707662 -0.722729 0.000005 -0.000004 -0.000291
-28.160491 9.006950 12.503707 -28.928164 76.744156 -40.473602 9.847481 5.881578 37.446152 -0.000001 0.000002 -12.161662 0.000002 -0.000001 -0.005907 -0.000003 0.000001 5.829917 0.000004 -0.000005 12.605162 -1.580495 -4.796652 -17.595798 -3.983910 -0.359012 -4.306772 -15.672492 -7.963111 11.224214 62.016460 40.382366 -56.417213 3.868614 3.854167 -3.101652 -0.731857 3.005490 -1.515061 11.932243 10.208121 22.070902 -24.830656 -34.291393 -83.388573 -9.758324 -16.599960 4.910164 3.335040 -14.296187 9.130386 -8.515522 -2.329859 31.046707 5.329009 7.708687 -20.938364 0.000002 0.000003 -0.000299 2.650787 15.822299 -15.505200 14.356638 -6.198874 69.649574 0.030348 -9.723120 -2.917672 -0.000003 0.000000 -0.000295
-27.891863 9.114439 12.570280 -31.464582 78.055756 -42.015579 9.900324 7.206504 36.548717 0.000001 -0.000004 -12.161665 0.000002 -0.000000 -0.005907 0.000000 0.000001 5.829915 0.000003 -0.000008 12.605155 -1.024170 -5.801703 -17.514399 -4.173689 -0.262007 -4.801166 -15.129834 -8.508719 11.186314 61.714249 42.445866 -59.257389 6.015941 4.582756 -2.140735 -0.663199 3.003084 -1.828281 13.130569 9.006228 23.247906 -26.036425 -34.531017 -82.631355 -9.456319 -15.855500 4.537934 3.148481 -13.944788 11.028955 -8.165046 -3.607518 28.652771 6.069536 7.330644 -16.348696 -0.000006 0.000002 -0.000301 1.778661 14.481721 -17.555729 11.818654 -4.359849 65.202484 0.128886 -9.662870 -4.322509 -0.000001 0.000001 -0.000299
-27.615605 9.230864 12.629331 -33.931278 79.015633 -43.552834 9.932710 8.497694 35.674328 -0.000000 -0.000001 -12.161668 0.000002 0.000002 -0.005905 -0.000000 0.000003 5.829912 0.000003 -0.000006 12.605162 -0.697509 -6.596529 -17.360796 -4.357724 -0.089258 -5.103822 -14.809319 -8.742308 11.070715 61.619961 44.131172 -61.542561 8.218582 4.952526 -1.496988 -0.632686 3.044813 -1.961968 13.999136 7.963263 24.141352 -27.282829 -34.561146 -81.544235 -8.998616 -14.228187 4.325660 3.199798 -13.470020 12.865204 -7.918674 -4.535255 26.211344 6.705157 6.750558 -10.910914 -0.000001 -0.000000 -0.000295 0.956189 13.613529 -18.717699 9.605392 -2.516509 59.128929 0.170487 -9.453863 -5.268036 0.000002 0.000003 -0.000297
-27.329091 9.343203 12.674388 -36.325382 80.257607 -45.058556 9.563705 9.440835 34.724171 0.000002 -0.000006 -12.161667 0.000003 0.000007 -0.005902 0.000005 -0.000002 5.829913 -0.000000 -0.000000 12.605161 -0.440037 -7.305141 -17.182241 -4.444430 -0.014504 -5.289787 -14.658699 -8.742853 10.841379 61.486134 45.420223 -63.212242 9.926214 5.062238 -1.207164 -0.541141 2.931964 -1.925594 14.558344 7.437963 24.707451 -29.271780 -34.454399 -79.622452 -8.447392 -12.434138 4.064992 3.114529 -13.309531 14.561254 -7.884390 -5.345311 23.803057 7.064979 6.124522 -4.810734 0.000006 -0.000007 -0.000288 -0.549544 13.406466 -19.083670 7.939287 -1.368467 51.569229 -0.189362 -8.936881 -6.050117 -0.000005 0.000008 -0.000295
-27.031386 9.442051 12.710986 -38.745331 81.730934 -46.563702 8.877267 10.180944 33.668980 -0.000002 0.000002 -12.161670 0.000002 -0.000006 -0.005905 -0.000000 0.000008 5.829914 0.000006 -0.000007 12.605159 -0.160541 -8.039017 -17.045547 -4.474587 -0.111219 -5.393775 -14.686294 -8.821543 10.594624 61.391762 46.415920 -64.146057 10.855142 5.285794 -1.162235 -0.384228 2.542187 -1.716325 14.800701 7.425065 24.973736 -31.327291 -34.270752 -77.577820 -7.843694 -11.669163 3.577510 3.005335 -13.257149 15.934968 -8.103887 -6.015578 21.670265 7.325286 5.404300 1.467151 0.000002 0.000002 -0.000294 -2.918181 14.516034 -18.605190 6.749274 -1.473851 42.632195 -0.804956 -8.501975 -6.915612 -0.000001 0.000007 -0.000290
-26.725180 9.519123 12.753042 -40.902447 82.830185 -47.667751 8.144269 10.847074 32.467033 -0.000003 0.000006 -12.161670 0.000002 -0.000003 -0.005906 0.000002 -0.000003 5.829914 0.000000 0.000000 12.605155 0.069925 -8.471994 -17.013288 -4.520470 -0.007944 -5.488991 -14.860428 -9.011981 10.520073 61.209412 47.188690 -64.564171 11.213734 5.702631 -1.220947 -0.296724 2.263199 -1.466687 14.780334 7.494767 25.034666 -31.887117 -33.949924 -76.773727 -7.376015 -11.419558 3.178260 3.403396 -12.603409 16.779772 -8.529634 -6.184573 20.160990 7.689696 4.210969 7.492747 -0.000005 0.000005 -0.000292 -4.947400 16.837509 -17.520428 5.492394 -2.474331 33.448864 -1.478515 -8.839151 -8.328973 -0.000004 0.000010 -0.000285
-26.413096 9.564857 12.804015 -44.115181 83.407898 -49.805477 7.589359 11.354104 31.188963 0.000001 0.000009 -12.161665 0.000003 -0.000011 -0.005902 -0.000003 0.000007 5.829910 0.000002 0.000003 12.605165 0.320528 -8.523140 -16.999571 -4.503672 0.283029 -5.572948 -15.124339 -8.944332 10.666291 60.780884 47.430099 -64.765907 11.412174 5.994995 -1.231096 -0.252777 2.157256 -1.294759 14.552884 7.417572 24.997459 -31.007505 -33.468685 -77.217476 -7.093059 -11.507396 2.956519 4.383199 -11.244138 16.926115 -8.965942 -5.658701 20.125296 7.886443 2.559407 12.497142 -0.000005 0.000003 -0.000293 -5.537017 19.185740 -16.458794 3.534523 -4.157295 25.929260 -2.154935 -9.339662 -9.791452 -0.000001 0.000006 -0.000301
-26.096324 9.572151 12.855569 -50.211605 83.571480 -55.258556 7.465342 11.457860 30.210077 -0.000001 0.000008 -12.161664 0.000003 -0.000017 -0.005905 -0.000000 0.000002 5.829913 0.000002 0.000005 12.605158 0.506906 -8.303531 -16.875765 -4.404526 0.542011 -5.552439 -15.485251 -8.519501 10.887411 60.531624 46.919411 -64.356560 11.441321 5.934975 -1.229869 -0.221234 2.114925 -1.102713 14.198045 7.382207 24.795645 -29.847038 -32.990452 -77.974327 -6.943571 -11.841607 2.860561 5.440917 -9.642107 16.545959 -9.326585 -5.350082 22.334335 8.308873 1.784385 16.223282 0.000009 -0.000005 -0.000286 -5.015472 20.062672 -15.743991 1.851575 -5.674212 21.786650 -2.662823 -9.299661 -11.351651 -0.000003 0.000005 -0.000291
-25.772292 9.539709 12.901595 -57.863697 83.133301 -63.364586 8.029704 11.118780 30.264568 -0.000003 0.000007 -12.161666 0.000003 -0.000004 -0.005906 -0.000001 0.000008 5.829915 -0.000001 -0.000004 12.605152 0.546330 -7.780622 -16.710148 -4.239173 0.669602 -5.508329 -15.919406 -8.083316 11.170304 60.804211 45.835651 -62.799206 11.205459 5.806010 -1.464579 -0.157115 2.258835 -0.881564 13.756293 7.531049 24.346760 -29.027079 -32.737720 -78.437035 -6.889673 -12.121766 2.863604 6.588227 -8.081367 16.286247 -10.102700 -6.235774 26.628628 8.642902 3.316761 19.543619 -0.000001 -0.000000 -0.000295 -4.807562 19.357542 -14.555777 2.258978 -6.019464 20.921064 1.194487 -8.845258 -10.622627 0.000003 0.000003 -0.000290
-25.442175 9.462081 12.951329 -62.286613 82.065483 -69.212456 9.120255 10.691051 31.326168 -0.000003 -0.000005 -12.161670 -0.000000 0.000002 -0.005901 0.000003 0.000009 5.829916 0.000003 -0.000010 12.605160 0.491339 -6.977518 -16.723368 -4.054839 0.735021 -5.376805 -16.191448 -7.857350 11.506759 60.716549 44.394676 -60.813580 10.739638 5.734117 -1.912244 -0.128011 2.445480 -0.856948 13.245222 7.851593 23.872313 -28.429829 -32.661339 -78.683739 -6.781006 -12.445314 2.793954 7.576024 -6.704231 16.161119 -11.407530 -7.807349 32.573822 8.599910 7.130056 22.944094 0.000001 -0.000003 -0.000292 -4.363121 18.687004 -13.721261 3.538433 -6.077467 24.333309 4.788783 -7.385542 -10.611622 0.000003 0.000008 -0.000292
-25.142207 9.342240 12.957710 -68.706673 81.558037 -77.869843 9.685436 8.955433 33.046562 -0.000001 0.000007 -12.161666 0.000002 -0.000003 -0.005907 0.000000 -0.000000 5.829916 0.000000 -0.000010 12.605153 0.423553 -5.725548 -16.624380 -3.926003 1.040628 -5.033020 -16.277399 -7.777029 11.961293 59.620544 42.771465 -59.235767 10.184680 5.492965 -2.478613 -0.280892 2.606032 -1.007742 12.890868 8.356679 23.540461 -28.062010 -32.630703 -78.894379 -6.644320 -12.657713 2.744572 7.410019 -6.995842 16.113949 -13.793707 -9.313164 39.698620 10.090010 12.330852 26.352478 -0.000004 0.000002 -0.000294 -1.342847 17.467442 -12.580285 2.069629 -7.342398 29.783258 4.890721 -4.634928 -13.255129 0.000010 0.000004 -0.000293
-24.812869 9.196666 12.980409 -76.685936 82.003380 -88.147606 9.010318 7.042103 34.916618 -0.000004 0.000003 -12.161665 0.000002 -0.000001 -0.005905 0.000001 -0.000000 5.829914 0.000003 -0.000009 12.605161 0.958718 -4.653356 -16.833166 -3.501902 0.521328 -4.793450 -16.066126 -7.260441 12.664538 57.771297 40.565552 -57.835106 9.599533 5.535593 -2.990167 -0.284722 2.458789 -0.816645 12.550767 8.655012 22.553465 -28.198431 -32.582615 -78.754257 -6.345863 -12.696080 2.530366 6.460388 -8.444235 15.683888 -17.723980 -9.970840 46.843632 13.789113 15.254430 29.317579 0.000003 0.000002 -0.000292 -0.486712 15.195081 -10.444087 1.027066 -8.127382 34.632668 6.033629 -2.228625 -14.260966 0.000004 0.000005 -0.000285
-24.485835 9.059496 13.002960 -77.896317 84.091827 -91.394096 6.303895 6.279984 36.600849 -0.000003 0.000005 -12.161665 0.000000 -0.000006 -0.005904 0.000001 0.000007 5.829915 0.000002 -0.000006 12.605162 1.975424 -3.484474 -17.304846 -2.723293 -0.095611 -4.152116 -15.926816 -7.236407 13.204957 55.939491 37.809223 -55.708172 8.142711 5.444869 -3.295161 -0.539795 2.136386 -0.810330 12.876277 8.656105 21.346483 -29.488943 -32.380749 -77.452003 -5.652088 -12.474140 2.371106 4.030769 -9.184677 14.533510 -21.617043 -8.860126 53.670292 15.965561 14.673007 28.294716 0.000002 0.000001 -0.000294 -2.154468 17.406494 -8.915962 0.497400 -10.434651 39.620667 7.260898 -1.034920 -18.129732 0.000001 0.000007 -0.000299
-24.159413 8.959120 13.015873 -77.667130 86.067421 -92.490578 3.717105 5.214285 37.629082 -0.000003 0.000006 -12.161664 0.000000 -0.000000 -0.005905 0.000001 -0.000009 5.829916 0.000001 0.000001 12.605157 2.557726 -2.086794 -17.429676 -2.621521 -0.024797 -3.281235 -15.556179 -8.077847 13.684196 54.768261 34.926304 -52.675575 5.242083 5.137315 -3.644822 -1.153849 1.944308 -0.557297 13.465612 9.179976 19.453804 -31.505283 -32.437008 -75.159767 -4.656409 -12.043633 2.822073 1.562407 -8.969995 12.293379 -23.911766 -7.235621 60.395721 15.624422 13.399929 23.762020 0.000000 0.000001 -0.000293 -3.091598 20.013540 -6.352848 0.691188 -11.295085 41.833607 8.038724 -1.905770 -21.277111 -0.000006 0.000010 -0.000295
-23.842970 8.892731 13.012786 -83.809280 86.765839 -98.677971 2.352741 3.864501 37.457069 -0.000005 0.000004 -12.161663 0.000004 -0.000006 -0.005904 0.000001 -0.000002 5.829911 0.000001 -0.000000 12.605159 2.976765 -0.971666 -17.109745 -2.594890 -0.528420 -2.490341 -14.908785 -8.468947 14.100182 53.795692 32.016327 -49.998531 1.574634 5.214436 -4.135001 -1.833058 1.470869 -0.183616 13.868440 9.440938 17.398081 -32.679676 -32.519913 -74.001152 -3.689305 -12.166358 3.195010 0.363597 -10.081366 8.500715 -25.348570 -4.431027 65.536400 13.932921 12.045957 19.052721 -0.000007 0.000005 -0.000292 -3.310341 21.233963 -4.122590 2.163946 -10.908748 41.966778 8.446080 -3.772150 -23.531750 0.000006 0.000009 -0.000288
-23.534821 8.857301 13.010671 -83.186935 87.344872 -97.711830 1.061502 2.702649 37.107990 -0.000000 0.000001 -12.161670 0.000001 -0.000004 -0.005908 0.000001 -0.000000 5.829918 -0.000000 -0.000010 12.605156 3.024074 0.198571 -16.707294 -2.497772 -1.201261 -2.016428 -14.586028 -8.436766 14.870707 51.923111 30.735912 -49.487293 -0.958981 5.536624 -5.099417 -2.027991 1.046981 -0.151731 13.495975 8.205529 15.792377 -32.479214 -31.946674 -75.408096 -3.050587 -12.763516 2.860758 -0.394214 -10.992993 4.187645 -25.583593 -1.372872 69.131424 11.698751 10.524829 14.551382 0.000000 -0.000000 -0.000291 -3.577676 20.918621 -3.012045 1.968098 -10.774488 42.815598 8.475450 -3.045295 -24.999973 0.000004 0.000004 -0.000296
-23.224907 8.854986 13.018317 -80.577171 87.834267 -95.120590 -0.059980 1.395090 36.980175 -0.000004 0.000006 -12.161662 0.000001 -0.000009 -0.005906 -0.000000 -0.000000 5.829916 0.000003 -0.000001 12.605159 2.559259 1.263609 -16.183084 -2.491942 -1.816092 -1.781475 -15.119153 -8.502917 16.170540 50.781345 31.219698 -50.225224 -1.284317 6.290377 -5.605745 -1.797682 0.586356 -0.271675 12.931565 6.715085 14.657134 -31.626354 -31.542679 -78.298027 -3.307815 -12.770195 2.416729 -0.551292 -11.532424 0.455228 -25.269714 0.934426 71.169441 9.262198 9.325382 10.225162 -0.000001 -0.000000 -0.000300 -3.264351 19.498550 -0.958986 1.249773 -9.617710 42.691532 8.415136 -2.188116 -25.734234 -0.000005 0.000003 -0.000295
-22.907317 8.883591 13.019106 -100.497849 88.013176 -115.387878 -0.849462 -0.890971 37.219711 -0.000006 0.000011 -12.161662 0.000002 -0.000011 -0.005906 0.000003 0.000003 5.829916 0.000002 -0.000004 12.605162 1.623739 2.174528 -15.848585 -2.735136 -2.467697 -1.867788 -16.420902 -9.267322 17.753210 50.918327 32.938087 -50.751183 0.698625 6.730967 -5.450595 -1.552147 0.132092 -0.561420 12.843844 6.567908 13.663338 -31.738113 -32.412327 -80.580017 -3.897415 -12.654099 1.978278 -0.282806 -12.506865 -2.594200 -24.974243 2.229717 71.599953 7.092432 8.787025 6.310936 -0.000007 0.000002 -0.000292 -2.943534 18.050980 2.186918 1.702982 -8.288076 41.266605 8.133791 -2.703981 -26.128647 0.000005 -0.000001 -0.000291
-22.583605 8.941648 13.023957 -104.683739 87.680580 -119.855667 -1.017401 -3.071837 37.510689 -0.000006 0.000003 -12.161662 0.000003 -0.000013 -0.005903 0.000002 0.000002 5.829913 -0.000001 -0.000009 12.605162 0.547636 3.141745 -15.820424 -3.107950 -2.977941 -2.234932 -17.995810 -10.160734 19.120213 52.102654 34.763611 -50.631973 3.165899 7.025494 -5.133889 -1.245474 -0.140800 -1.090174 13.047956 7.463667 12.865771 -32.612144 -34.237488 -82.311577 -4.380107 -12.666119 1.387678 0.716710 -12.675308 -5.421942 -24.600174 2.511795 70.724838 5.564790 8.605588 2.789913 0.000003 -0.000000 -0.000298 -2.205049 17.399099 5.476215 2.437844 -7.191592 39.142105 7.540341 -3.749746 -25.612421 0.000001 -0.000001 -0.000293
-22.261298 9.018102 13.035114 -92.140625 87.264832 -106.771088 -0.621677 -4.426686 37.010147 -0.000001 0.000001 -12.161665 -0.000001 -0.000000 -0.005905 0.000003 -0.000003 5.829913 0.000002 0.000002 12.605158 -0.272621 3.812439 -15.960697 -3.335071 -3.653498 -2.604319 -19.570549 -10.520671 20.205940 53.437958 36.189255 -50.641232 4.879281 7.018910 -4.914847 -0.775921 -0.626267 -1.750406 13.104495 8.259145 12.324750 -33.215393 -35.912880 -84.364075 -4.941633 -12.587422 0.586924 2.303321 -11.387389 -8.650043 -24.187059 1.470179 68.713470 5.045286 8.415998 -0.213045 -0.000005 0.000003 -0.000295 -1.204661 17.574959 8.061769 2.759769 -6.597720 36.639721 6.523659 -4.829109 -23.756607 0.000002 0.000010 -0.000297
-21.940266 9.111917 13.044086 -79.972656 86.890198 -93.588593 -0.112730 -5.273627 36.062355 -0.000000 -0.000001 -12.161663 0.000000 -0.000001 -0.005902 -0.000000 0.000006 5.829911 0.000004 -0.000006 12.605158 -0.824990 4.118018 -16.152739 -3.369275 -4.473018 -2.926641 -20.975685 -10.349147 21.120493 54.150330 37.252426 -51.274120 5.835148 6.648185 -4.860030 -0.253145 -1.303493 -2.409302 13.000237 8.451882 11.870477 -33.532791 -37.021503 -86.642036 -5.610419 -12.474408 -0.307357 3.700729 -9.237389 -11.655488 -23.604429 -0.713031 65.423431 5.346739 7.936985 -2.725188 0.000000 0.000009 -0.000294 -0.250550 17.815674 10.194371 2.855414 -5.842622 34.058479 5.061316 -6.149717 -20.534893 0.000002 0.000008 -0.000297
-21.612883 9.221274 13.044928 -73.655090 86.763542 -86.350975 0.144264 -6.172326 35.136391 -0.000004 0.000008 -12.161666 0.000001 -0.000004 -0.005900 0.000002 -0.000003 5.829916 -0.000002 -0.000004 12.605158 -1.222638 4.289104 -16.249432 -3.335888 -5.170393 -3.081136 -21.977610 -9.994431 21.650763 54.258762 37.716064 -52.119942 6.483942 6.317977 -4.832836 0.218173 -1.931036 -2.964223 12.989775 8.419566 11.473527 -33.955647 -37.896423 -88.483749 -6.197906 -12.267555 -1.216343 4.603664 -7.623985 -13.648639 -22.622478 -3.137953 60.313152 5.801495 7.122516 -4.879034 -0.000004 0.000002 -0.000295 0.526869 17.997169 12.407237 3.057045 -4.971945 31.493679 3.233051 -7.797556 -16.210485 -0.000003 0.000005 -0.000287
-21.275969 9.335169 13.042376 -67.653557 86.728104 -79.550735 0.288324 -6.962390 34.182022 0.000003 -0.000008 -12.161668 0.000001 0.000002 -0.005903 -0.000001 0.000009 5.829915 0.000000 0.000002 12.605158 -1.493635 4.415510 -16.185801 -3.281463 -5.627862 -3.018695 -22.767069 -10.107540 21.976818 54.151665 38.002888 -52.574448 6.907901 6.165930 -4.742598 0.628113 -2.390048 -3.310128 13.139359 8.433122 11.143092 -34.541065 -38.784882 -89.634659 -6.524303 -12.013673 -1.985792 5.232436 -6.661879 -14.349232 -20.581516 -5.438366 53.140472 5.868547 6.006871 -6.836040 0.000005 -0.000003 -0.000292 1.143453 18.115341 14.541799 3.359554 -4.002957 29.174948 1.073049 -9.472989 -11.061250 -0.000002 0.000003 -0.000298
-20.930897 9.438964 13.040127 -60.956715 86.610489 -71.767044 0.521497 -7.590721 32.867729 0.000000 -0.000002 -12.161665 0.000001 -0.000009 -0.005906 -0.000000 0.000017 5.829915 0.000003 -0.000007 12.605158 -1.741658 4.516219 -16.071867 -3.263105 -5.815186 -2.869887 -23.269602 -10.698998 22.139881 53.728390 38.160648 -52.705452 7.105387 6.144579 -4.504156 0.933216 -2.658751 -3.538149 13.394846 8.494073 10.959166 -35.076759 -39.639126 -90.272545 -6.576423 -11.780903 -2.469363 6.149671 -6.610005 -14.114190 -17.271595 -6.236459 43.806389 5.672353 5.063538 -9.182224 -0.000002 0.000005 -0.000287 1.444968 18.073277 15.917778 3.790076 -2.946545 27.302399 -1.224409 -10.876296 -5.210790 0.000001 0.000002 -0.000296
-20.579093 9.523586 13.038518 -54.556328 86.376045 -64.025917 0.921405 -7.903389 31.358437 -0.000003 0.000007 -12.161669 0.000003 -0.000000 -0.005903 0.000001 -0.000001 5.829913 0.000002 -0.000002 12.605159 -1.981427 4.440058 -16.125082 -3.228449 -5.924335 -2.772138 -23.341875 -11.341269 22.097216 52.715363 38.048454 -52.968361 6.987240 6.354187 -4.326709 1.178368 -2.886320 -3.798475 13.621636 8.383188 10.945626 -35.221958 -40.214859 -90.757240 -6.511113 -11.679029 -2.640885 7.319106 -8.173656 -13.175251 -13.543340 -4.160146 33.166096 5.814771 5.734540 -11.553089 0.000001 0.000004 -0.000292 1.372587 17.789511 16.568031 4.402328 -1.648434 26.026709 -3.519123 -12.001663 0.962419 -0.000003 0.000003 -0.000294
-20.221514 9.581644 13.033150 -49.183037 86.227318 -57.690762 1.240121 -7.939440 30.228870 -0.000003 0.000005 -12.161670 0.000002 0.000002 -0.005904 0.000001 -0.000003 5.829912 0.000003 -0.000004 12.605160 -2.142444 4.100032 -16.404703 -3.103106 -5.983241 -2.618313 -23.120905 -11.940112 21.901566 51.163715 37.840546 -53.541927 6.474142 6.674575 -4.319014 1.389006 -3.188967 -3.953630 13.807007 8.175611 11.009630 -35.012672 -40.442310 -91.137474 -6.762248 -11.725759 -2.467611 6.924876 -8.998792 -11.716333 -10.121127 -2.842170 23.748735 7.533201 8.741058 -13.474784 0.000007 -0.000003 -0.000289 1.093425 17.351831 17.054609 5.159708 -0.451010 25.803595 -5.846156 -12.693111 6.717770 0.000006 0.000001 -0.000293
-19.862691 9.598593 13.023584 -43.444523 86.535645 -51.702141 1.093174 -7.832443 29.792261 -0.000003 0.000002 -12.161671 0.000003 -0.000003 -0.005901 -0.000000 -0.000001 5.829911 0.000003 -0.000006 12.605159 -2.075324 3.450149 -16.750359 -2.851420 -5.912265 -2.414760 -22.770021 -12.538019 21.701572 49.450108 37.659943 -54.352196 5.684535 6.966872 -4.367285 1.516716 -3.573539 -3.973107 13.917256 7.876348 11.098952 -34.877216 -40.424320 -91.043381 -7.427632 -11.883472 -2.081300 5.138405 -8.982451 -10.494247 -7.148391 -2.360576 17.686844 8.918306 11.688838 -15.126108 -0.000005 -0.000006 -0.000295 0.700444 16.934446 17.313086 6.015768 -0.031540 27.493591 -8.228038 -12.979806 11.367622 0.000001 0.000003 -0.000294
-19.507138 9.564242 13.019819 -31.918684 87.244019 -40.731331 0.399009 -7.664323 30.137554 -0.000002 -0.000004 -12.161669 0.000004 -0.000003 -0.005906 0.000002 0.000009 5.829916 -0.000001 -0.000009 12.605162 -1.928761 2.537870 -17.176067 -2.652623 -5.549019 -2.148677 -22.175341 -13.095313 21.383877 48.081112 37.406532 -55.065002 4.721650 7.367722 -4.482059 1.420309 -3.654135 -3.860662 13.880565 7.175823 11.162250 -34.919479 -40.108562 -90.355988 -8.148319 -12.055373 -1.821555 4.049106 -9.732774 -9.246153 -5.839002 -1.033609 15.205632 8.489661 11.298183 -16.827562 0.000005 0.000003 -0.000298 0.310518 16.537872 17.097290 6.838961 0.113426 31.683466 -10.320930 -13.482011 15.189600 -0.000002 0.000007 -0.000297
-19.155322 9.475917 13.033313 -11.210756 87.757729 -20.954906 -0.340211 -7.092835 30.760870 0.000002 -0.000007 -12.161662 0.000000 0.000004 -0.005904 0.000000 0.000007 5.829914 0.000002 -0.000003 12.605163 -1.763761 1.210731 -17.654877 -2.593106 -5.140015 -1.797469 -21.277657 -13.346960 20.785105 47.340652 37.097134 -55.472576 3.555629 7.721076 -4.765454 1.166230 -3.460878 -3.671425 13.479586 5.979767 11.245844 -34.858162 -39.373806 -89.080399 -8.542218 -12.125868 -1.774866 4.713992 -10.781847 -8.119215 -6.768411 1.067000 15.614185 5.480051 8.068479 -16.840235 -0.000006 -0.000004 -0.000297 0.048868 16.238792 16.193741 8.288776 0.905066 37.752552 -12.121138 -15.101851 19.127989 0.000003 0.000006 -0.000293
-18.805064 9.345883 13.057087 13.258286 87.946434 2.142141 -0.921798 -6.225543 31.817999 -0.000003 0.000012 -12.161665 0.000001 -0.000006 -0.005903 0.000002 0.000003 5.829913 0.000000 -0.000003 12.605159 -1.471042 -0.472602 -18.098505 -2.726609 -4.787475 -1.591123 -20.117958 -13.038269 19.857479 47.166130 36.804375 -55.702068 2.648598 7.689433 -5.053279 0.816994 -3.331238 -3.644210 12.900309 4.584500 11.626262 -34.476082 -38.023918 -87.506134 -8.804556 -12.023253 -1.622092 5.245283 -11.686326 -7.039479 -8.102713 3.388774 18.772095 3.908746 6.213144 -15.778870 0.000001 -0.000003 -0.000286 0.327990 16.135458 15.259905 10.811903 2.148657 44.674702 -14.339543 -17.513279 23.103384 -0.000003 0.000009 -0.000290
-18.463570 9.180119 13.097489 16.873329 87.373558 3.434559 -0.794960 -4.460561 33.955139 -0.000002 -0.000002 -12.161668 0.000004 -0.000003 -0.005905 -0.000001 -0.000003 5.829916 0.000000 0.000003 12.605154 -0.893976 -2.363782 -18.350096 -3.037666 -4.457957 -1.219087 -18.624346 -12.263518 18.060833 47.624779 36.534885 -55.783096 2.322745 7.688083 -5.265065 0.321027 -3.304816 -3.893898 12.524679 3.781194 12.577497 -33.853710 -36.544209 -85.469582 -9.173449 -11.960170 -1.282825 4.241416 -10.596764 -4.785165 -7.881354 5.467158 21.951401 3.775505 3.360630 -12.353892 -0.000001 0.000003 -0.000290 1.713922 16.695557 14.986200 14.150250 3.022164 51.691055 -17.813486 -17.502520 26.351904 -0.000003 0.000003 -0.000295
-18.138768 9.029669 13.175880 -13.446215 86.273170 -28.783178 0.982903 -3.353071 35.498753 -0.000006 0.000007 -12.161670 0.000004 -0.000004 -0.005904 0.000002 -0.000000 5.829913 0.000000 -0.000008 12.605162 -0.630521 -3.489312 -18.790495 -2.955232 -3.730927 -1.058384 -17.691580 -10.176702 15.668591 48.684368 36.122078 -55.558559 2.280347 8.035065 -5.370441 -0.653618 -2.281001 -3.631692 12.857302 4.325199 13.973806 -33.642895 -35.459530 -82.289070 -9.000606 -12.233741 -0.661881 6.907429 -10.169342 -4.891946 -7.357420 8.311711 30.103203 0.521822 0.579283 -15.201877 -0.000002 -0.000000 -0.000292 4.023427 17.119076 13.732571 18.480190 3.356314 58.267662 -20.328997 -15.099219 25.292316 -0.000002 0.000001 -0.000293
-17.807238 8.921643 13.218801 -42.070610 83.748283 -58.719219 4.919009 -2.574364 37.465092 0.000000 0.000005 -12.161667 -0.000001 -0.000006 -0.005908 -0.000001 -0.000003 5.829917 0.000001 0.000002 12.605159 -0.543201 -5.405104 -20.371742 -2.741462 -3.656020 -1.925980 -17.566460 -8.130732 12.445337 49.622139 36.135571 -55.009968 2.096911 8.234076 -5.285264 -1.346480 -2.163274 -3.357767 13.561171 6.993788 15.395986 -34.198586 -35.553078 -78.383530 -6.596877 -12.194827 0.026243 10.299070 -11.688131 -5.210070 -7.450520 8.833331 36.636135 -0.529073 1.316123 -19.471281 0.000006 0.000006 -0.000289 8.007665 15.868089 11.344279 20.804447 3.309479 64.710709 -19.457994 -13.400525 21.839029 -0.000002 0.000005 -0.000290
-17.473565 8.859360 13.255991 -38.820107 83.530609 -56.540997 5.364643 -1.117913 38.766216 -0.000005 0.000012 -12.161664 0.000003 -0.000008 -0.005905 0.000000 -0.000006 5.829918 0.000000 -0.000004 12.605153 0.038563 -7.458366 -21.208639 -2.725214 -3.670691 -2.677064 -17.233644 -6.487992 9.020204 50.096424 36.720551 -54.798538 1.696473 8.976346 -5.098558 -1.271124 -1.924697 -2.909550 13.468475 7.950604 17.538977 -34.280323 -34.959137 -76.105728 -2.605732 -12.227079 0.120231 9.845450 -12.408179 -3.133972 -9.905986 5.582624 39.041454 -1.499577 6.059400 -22.784477 -0.000001 0.000003 -0.000295 8.767520 15.201283 8.411593 21.498039 2.649174 70.241936 -15.853682 -13.075804 17.917604 -0.000009 0.000006 -0.000294
-17.148945 8.807903 13.296522 -32.918961 84.089912 -50.333599 4.838046 0.468838 38.640533 -0.000002 0.000012 -12.161666 0.000002 -0.000006 -0.005900 0.000000 -0.000008 5.829914 0.000001 -0.000006 12.605161 1.104915 -9.265190 -21.507202 -2.539719 -3.451673 -3.462718 -16.752083 -4.774011 6.188551 49.510181 37.523155 -56.455425 1.893627 10.075863 -4.838664 -1.008726 -1.611452 -2.573802 13.362210 7.739762 19.755436 -33.636169 -33.728050 -75.826645 -0.669463 -12.061747 -0.342712 8.678716 -13.919165 -1.432245 -11.816039 4.733746 39.331985 -1.784165 9.000031 -25.070906 0.000003 0.000002 -0.000289 8.551953 16.471527 4.222530 21.696819 0.503951 73.657722 -11.499848 -13.888798 14.293402 0.000000 0.000004 -0.000293
-16.822865 8.791279 13.317931 -41.800465 84.899689 -59.211517 4.924999 0.837196 38.697124 -0.000003 0.000005 -12.161665 0.000002 0.000001 -0.005905 -0.000002 -0.000004 5.829916 0.000000 0.000008 12.605160 2.165828 -11.077051 -21.356096 -2.505437 -2.741623 -4.228267 -16.290592 -3.410760 4.390012 48.358387 38.388725 -59.669136 2.769910 10.523846 -4.371808 -0.950576 -0.979961 -2.325779 14.095126 7.689420 21.787798 -32.889034 -33.327271 -76.382584 -1.162654 -12.123322 -0.655717 8.254388 -14.662509 0.055156 -10.777745 5.868606 40.232929 -1.686508 6.892413 -26.745251 0.000007 -0.000002 -0.000291 8.608809 17.366226 0.469881 21.724035 -1.987623 74.968117 -7.937781 -14.775916 11.071506 -0.000005 0.000003 -0.000288
-16.491870 8.809031 13.333646 -47.003693 84.935974 -64.593651 5.440240 2.219919 38.962780 -0.000001 -0.000000 -12.161663 0.000002 -0.000005 -0.005903 0.000001 0.000006 5.829914 0.000000 -0.000006 12.605161 3.324843 -13.063997 -21.082546 -2.685152 -2.090633 -4.726197 -15.820130 -2.973812 2.909243 48.174225 39.242748 -62.380699 3.555991 10.487781 -4.012210 -0.922839 -0.377321 -2.229777 15.850127 8.284513 23.569317 -32.922771 -34.221977 -76.560257 -1.902531 -12.683659 -1.046628 7.852983 -13.016919 2.592697 -9.355236 4.960019 40.149261 -1.587018 4.947523 -27.650732 0.000003 0.000001 -0.000294 8.474190 18.519403 -2.817808 21.447977 -3.592389 74.765213 -5.634645 -15.154470 7.952669 0.000008 -0.000001 -0.000295
-16.156790 8.856306 13.347038 -47.224648 84.663582 -64.947449 6.180236 4.494358 39.182880 -0.000000 0.000002 -12.161670 0.000001 0.000004 -0.005903 0.000001 -0.000003 5.829913 -0.000001 0.000000 12.605157 4.674437 -15.318340 -20.798763 -2.938367 -1.751116 -5.064220 -15.269092 -3.776529 1.850926 48.806103 40.533840 -63.991470 4.110512 10.275419 -3.834979 -0.755926 -0.005055 -2.149598 17.535067 8.902161 24.924589 -33.058216 -35.384293 -76.524963 -2.248390 -12.989121 -1.482542 7.505932 -11.244466 5.932977 -9.182776 2.623715 38.342926 -1.378193 5.347068 -27.275505 0.000003 -0.000004 -0.000293 8.071040 19.483370 -5.873640 20.009426 -4.402786 73.637924 -4.193581 -14.308586 4.886653 -0.000005 0.000005 -0.000294
-15.825003 8.918654 13.344166 -56.033638 85.053116 -72.864075 6.678192 5.909960 38.404003 -0.000001 -0.000005 -12.161664 0.000001 -0.000001 -0.005904 0.000001 0.000002 5.829917 0.000003 -0.000005 12.605157 5.916189 -17.644651 -20.622364 -3.316195 -1.499611 -5.526236 -14.768667 -4.991398 1.429948 49.123478 42.087154 -65.641861 4.621502 10.289089 -3.692582 -0.721274 0.204200 -2.121582 18.598522 9.018615 25.885366 -33.108303 -35.961433 -76.626282 -2.208715 -12.946434 -1.978522 6.948743 -10.879055 8.258826 -9.112889 0.585015 35.871357 -0.799115 6.394513 -25.349142 0.000001 0.000001 -0.000293 6.809906 18.658806 -9.778069 17.867352 -4.117972 71.524742 -3.433107 -12.487582 2.414828 0.000007 0.000002 -0.000295
-15.496607 9.004632 13.331954 -70.313873 85.453903 -85.828140 7.023046 6.943800 37.080395 -0.000001 0.000000 -12.161663 0.000002 -0.000002 -0.005904 0.000001 -0.000010 5.829916 -0.000000 -0.000003 12.605158 7.064891 -19.883495 -20.388592 -3.677037 -1.383135 -5.779798 -14.536180 -5.622120 1.334995 48.357845 43.478081 -68.364571 5.182485 10.611285 -3.708886 -0.744382 0.270413 -1.917166 18.932148 8.654728 26.525143 -33.002064 -35.890888 -76.962845 -1.752694 -12.715569 -2.522048 6.311005 -11.004376 10.221270 -8.474679 -0.607833 33.128353 -0.072972 6.790841 -22.003382 0.000001 -0.000003 -0.000290 5.443022 16.577520 -13.602419 16.010164 -2.535460 68.183624 -3.117188 -10.641782 0.350371 -0.000005 0.000006 -0.000294
-15.166449 9.106654 13.309810 -85.276237 85.491547 -99.558891 7.131871 7.599594 35.713257 -0.000000 -0.000004 -12.161668 0.000001 0.000006 -0.005905 0.000002 -0.000003 5.829914 -0.000004 -0.000001 12.605159 8.131063 -21.634844 -20.097525 -3.944103 -1.008328 -5.750940 -14.544118 -5.790242 1.343610 47.064682 44.635109 -71.560768 5.983616 10.968118 -3.639629 -0.760442 0.562075 -1.346327 18.903837 8.557807 26.725029 -32.920029 -35.781116 -77.114937 -0.909182 -12.199971 -3.042783 5.696925 -11.076396 12.220581 -7.724271 -1.732172 30.377007 0.638461 7.027281 -17.593094 0.000003 -0.000001 -0.000298 4.257264 14.658617 -16.405491 14.507383 -0.633297 62.927231 -2.997339 -9.108660 -0.983152 0.000004 0.000003 -0.000288
-14.830383 9.214511 13.275070 -99.578606 85.437309 -112.731949 6.798638 7.981748 34.395321 -0.000001 0.000009 -12.161672 0.000003 -0.000010 -0.005899 0.000000 0.000006 5.829912 -0.000001 -0.000008 12.605155 9.187304 -23.028677 -19.834333 -4.094982 -0.622441 -5.666157 -14.572094 -5.749508 1.405615 46.140812 45.498554 -73.962631 7.018647 11.151936 -3.395636 -0.832106 0.848236 -0.720395 18.944946 9.025414 26.771336 -33.220882 -35.924328 -76.742119 -0.145720 -11.743125 -3.401690 5.048201 -11.032150 14.172668 -7.240892 -3.125496 27.773363 1.224555 7.436743 -12.454685 -0.000004 0.000003 -0.000298 2.757905 13.805999 -17.957294 12.918756 0.647067 55.561783 -2.680945 -8.287569 -1.663197 -0.000001 -0.000000 -0.000293
-14.488128 9.314368 13.232719 -114.465965 85.325249 -126.397354 6.070038 8.387690 33.049778 -0.000004 0.000007 -12.161666 0.000003 -0.000008 -0.005904 0.000001 -0.000001 5.829913 0.000001 0.000006 12.605155 10.414313 -24.396271 -19.781181 -4.124775 -0.723907 -5.751383 -14.498301 -5.719605 1.534135 45.823814 46.174175 -75.076775 7.851235 11.192037 -3.096932 -0.834751 0.670957 -0.187276 18.924568 9.794533 26.761726 -33.752964 -36.080257 -76.137108 0.411364 -11.140090 -3.511297 4.683667 -10.855645 15.698842 -7.288902 -4.754457 25.469435 1.659357 7.852469 -6.684335 -0.000003 0.000002 -0.000292 0.707926 14.234370 -18.344929 10.939389 0.383747 46.570076 -2.721368 -8.284210 -2.624431 0.000004 -0.000000 -0.000291
-14.139365 9.397900 13.193695 -127.064575 85.131874 -137.757843 5.026025 8.761622 31.824734 -0.000002 -0.000003 -12.161667 0.000002 0.000003 -0.005904 0.000000 -0.000006 5.829913 0.000000 -0.000003 12.605158 11.706184 -25.484306 -20.036354 -4.038747 -0.959390 -6.007038 -14.345952 -5.954002 1.755412 45.993816 46.817490 -75.132690 8.195076 11.316539 -2.785932 -0.674780 0.207642 0.127487 18.584583 10.365203 26.814934 -34.085423 -35.957108 -75.914085 0.473035 -10.609239 -3.299453 4.841188 -10.331986 16.747667 -7.867891 -6.111277 23.796238 2.103712 7.902247 -0.797475 -0.000002 0.000003 -0.000299 -1.007322 15.472260 -17.634417 8.716726 -0.826980 36.977230 -3.523668 -9.254149 -4.589976 -0.000003 0.000004 -0.000294
-13.789313 9.451618 13.165301 -133.660507 84.838135 -143.074829 3.931524 8.887963 30.560476 -0.000004 -0.000001 -12.161665 0.000002 -0.000003 -0.005904 -0.000001 0.000004 5.829916 0.000004 -0.000003 12.605156 12.814683 -26.000851 -20.352161 -3.854760 -0.916982 -6.242327 -14.189452 -6.230745 2.248737 46.318943 47.384731 -74.803299 8.312208 11.470254 -2.602535 -0.408302 -0.046918 0.342328 17.940290 10.347909 26.713516 -34.002941 -35.474529 -76.283592 0.323484 -10.050277 -3.073144 5.507286 -9.743390 17.038275 -8.644754 -5.915106 23.464037 2.849947 6.812010 4.057209 0.000001 0.000005 -0.000295 -0.880562 15.462201 -16.864622 5.940464 -0.892646 29.193640 -4.304515 -10.553906 -7.316055 -0.000002 0.000014 -0.000290
-13.435018 9.467695 13.137899 -134.404526 84.338943 -143.087128 3.319021 8.640644 29.599087 -0.000002 0.000010 -12.161668 0.000002 -0.000003 -0.005905 -0.000002 -0.000005 5.829917 0.000000 -0.000001 12.605154 13.414866 -26.241629 -20.338211 -3.637096 -0.866852 -6.295007 -14.143276 -5.874782 2.976066 46.575638 47.372696 -74.464035 8.427178 11.282390 -2.565433 -0.200494 -0.184865 0.550211 17.349548 9.986303 26.342545 -33.832535 -34.958698 -76.654915 0.158708 -9.765110 -3.032677 6.258264 -9.134672 16.663607 -9.167814 -4.906392 25.571554 3.259622 5.574408 8.328355 0.000006 0.000003 -0.000290 0.163136 14.894534 -15.778699 3.744540 -0.775558 23.807724 -5.970930 -11.095805 -10.260292 -0.000003 0.000012 -0.000293
-13.072422 9.444860 13.100722 -131.373260 83.616081 -140.636215 3.462185 7.840631 29.683661 -0.000004 0.000004 -12.161672 0.000003 -0.000006 -0.005903 0.000002 0.000009 5.829916 0.000003 -0.000003 12.605155 13.235646 -26.246748 -19.870663 -3.454059 -0.780468 -6.193404 -14.351348 -5.268974 3.730096 47.334934 46.854752 -73.463272 8.633071 10.583664 -2.442877 -0.070039 -0.156791 0.795150 16.989553 9.702301 25.598001 -33.719875 -34.800041 -76.626572 0.015440 -9.934679 -2.988446 6.947838 -8.422691 16.411758 -10.053770 -5.309484 30.076981 3.686221 6.029067 11.542125 0.000001 0.000002 -0.000289 1.136726 15.098128 -13.937667 2.986163 -1.716716 21.460651 -6.745633 -10.902851 -11.937509 0.000000 -0.000007 -0.000293
-12.707358 9.372901 13.055634 -125.623779 82.950760 -136.206467 4.203359 7.034830 30.397331 -0.000002 -0.000001 -12.161666 0.000001 -0.000000 -0.005905 0.000003 -0.000010 5.829917 -0.000000 0.000011 12.605159 12.453873 -26.181520 -19.186060 -3.328398 -1.077612 -6.088138 -14.643003 -5.201679 4.558474 49.146790 46.170437 -70.668205 9.111040 9.854254 -2.398809 0.126560 -0.294896 1.003297 16.560762 9.431476 24.598072 -33.348080 -34.908344 -76.568573 -0.148661 -10.384959 -2.799592 7.459868 -7.807707 16.026398 -12.139497 -7.152214 36.318344 4.141135 8.934138 14.886227 0.000001 0.000001 -0.000292 1.348605 15.662475 -12.814221 3.627445 -3.011974 23.239725 -2.273255 -8.488478 -10.079277 -0.000004 0.000005 -0.000294
-12.343651 9.258614 13.006330 -120.868408 82.477493 -133.358582 4.973522 6.214239 31.830872 -0.000001 0.000005 -12.161673 0.000004 -0.000004 -0.005902 0.000000 0.000003 5.829916 -0.000001 0.000001 12.605157 11.514913 -25.992065 -18.528486 -3.229014 -1.674773 -6.101786 -14.991238 -5.800862 5.709129 51.064285 45.603992 -67.183685 9.424565 9.130247 -2.486394 0.471416 -0.700914 0.971676 15.780046 8.724324 23.368546 -32.570168 -34.831554 -76.813301 -0.172140 -10.936295 -2.648820 7.162826 -8.197587 15.734541 -15.321010 -8.603765 43.426697 4.556314 13.298844 17.812943 -0.000002 0.000003 -0.000291 2.710299 18.090576 -11.479928 1.928752 -7.388062 27.851606 -0.262168 -5.748319 -11.306591 -0.000005 0.000003 -0.000284
-11.988742 9.113779 12.941987 -123.382133 82.144417 -137.904480 4.902498 5.063765 33.434170 -0.000002 -0.000001 -12.161670 0.000001 0.000003 -0.005904 0.000000 -0.000010 5.829916 -0.000000 -0.000002 12.605162 11.132211 -25.886982 -17.906391 -2.925714 -2.843641 -5.738384 -15.264055 -6.445808 6.950231 52.294270 44.695599 -63.949581 9.629750 8.566114 -2.661032 0.950599 -1.535110 0.881267 14.955503 7.546405 21.768822 -31.772306 -34.519321 -77.079796 0.181589 -11.278877 -2.621976 6.225200 -9.248608 15.243445 -19.446648 -9.436999 50.521095 6.507421 15.799370 20.866280 -0.000006 0.000003 -0.000292 3.478109 17.484842 -9.684578 0.636244 -9.935494 32.771832 1.287452 -2.918422 -11.756974 0.000003 -0.000002 -0.000297
-11.652240 8.974593 12.865322 -134.015137 83.251999 -150.368546 2.699845 4.474627 34.982491 -0.000004 0.000005 -12.161669 0.000003 -0.000008 -0.005903 0.000002 0.000003 5.829916 -0.000001 0.000003 12.605158 11.395460 -25.438511 -17.595776 -2.067243 -3.835866 -5.232815 -15.706107 -7.197369 8.455802 53.078396 43.056946 -60.638401 9.407149 8.159428 -2.756763 1.717116 -1.845249 0.615582 14.316679 5.563684 19.519007 -31.581717 -33.947906 -76.591721 0.567095 -11.626652 -2.603961 3.999043 -10.178095 14.230586 -23.149298 -8.052207 56.909832 8.262785 13.512728 20.604006 0.000000 0.000002 -0.000294 1.831114 18.101791 -8.945621 0.537363 -11.134935 38.634193 2.611807 -2.007846 -14.667544 -0.000002 -0.000000 -0.000303
-11.303170 8.873830 12.810206 -150.533081 84.978821 -168.015854 -0.158216 3.967637 36.010872 -0.000003 0.000004 -12.161664 0.000003 -0.000009 -0.005907 -0.000002 0.000007 5.829916 0.000005 -0.000009 12.605162 11.030586 -24.254482 -17.223104 -1.714139 -3.339161 -4.492285 -16.077557 -8.743138 10.181094 53.842564 40.991367 -57.194305 8.169751 7.736051 -2.880743 1.576784 -1.597138 0.407471 14.771329 3.999568 16.321444 -31.734152 -33.414917 -75.416252 1.179311 -11.703978 -2.333228 1.497324 -9.168568 11.807783 -25.437897 -6.489689 63.526962 8.062247 10.790966 16.622402 0.000000 -0.000001 -0.000292 -0.081349 20.644983 -7.496315 0.816585 -11.795882 42.774017 3.674702 -2.543430 -18.479153 0.000008 -0.000000 -0.000289
-10.967168 8.807594 12.742169 -152.021790 85.276566 -169.625320 -0.852997 2.789155 35.955120 -0.000004 0.000002 -12.161668 0.000002 -0.000005 -0.005904 0.000000 0.000005 5.829914 0.000001 -0.000005 12.605162 10.490088 -23.229645 -16.739477 -1.806100 -3.198757 -3.870617 -16.184797 -9.630609 11.971670 54.202816 38.437027 -54.402718 6.385852 7.378620 -3.091285 0.985646 -1.583658 0.045433 15.814039 2.782825 12.992041 -31.357637 -33.059517 -74.722580 1.650996 -12.505634 -1.992459 1.087663 -9.699368 8.013171 -26.994173 -3.923975 68.536385 6.994086 9.270476 13.112983 0.000002 -0.000002 -0.000291 0.319691 21.930405 -5.451040 1.565644 -11.384064 44.316517 4.066639 -4.003132 -21.515102 -0.000008 0.000008 -0.000295
-10.642294 8.762915 12.670525 -150.367752 85.826599 -167.558640 -1.257503 1.612709 35.594528 -0.000003 0.000003 -12.161667 0.000001 -0.000004 -0.005902 0.000001 -0.000000 5.829911 0.000002 -0.000010 12.605163 9.935662 -21.960169 -16.224110 -1.942659 -3.364965 -3.596182 -16.393002 -9.857039 13.316068 53.632187 36.165909 -52.792397 4.903066 6.866334 -3.349574 0.491037 -1.821429 -0.501626 16.345881 2.035532 10.225144 -29.292181 -32.617958 -76.049660 1.666058 -14.042988 -1.760717 1.112117 -10.746306 3.666262 -27.768812 -0.841784 71.647743 5.125891 8.898520 10.286587 -0.000001 0.000005 -0.000291 0.715194 22.867355 -3.880474 2.147875 -10.691902 45.163731 4.651027 -4.911366 -23.959885 0.000006 0.000002 -0.000292
-10.316204 8.749128 12.611768 -150.554123 86.495361 -167.968964 -1.930355 0.299891 35.682777 -0.000005 -0.000000 -12.161663 0.000005 -0.000002 -0.005905 0.000000 0.000004 5.829915 0.000000 -0.000010 12.605159 9.148150 -20.560625 -15.284960 -1.841487 -3.791984 -3.324964 -17.068966 -9.737617 14.522470 52.734409 35.145344 -52.240822 3.962516 6.817334 -3.765576 0.658727 -2.184328 -0.870050 16.107323 1.833172 8.293669 -26.136913 -32.083740 -79.206879 1.308738 -15.069086 -1.639571 1.371460 -11.497432 0.278797 -27.885956 1.645066 73.069641 3.301413 9.272756 7.723487 0.000009 0.000005 -0.000295 1.297998 22.326195 -1.752361 1.352235 -9.899574 46.103565 4.771438 -4.067595 -25.779560 0.000007 0.000002 -0.000293
-9.984491 8.760825 12.558797 -152.760422 86.317192 -170.525925 -2.548184 -2.050822 35.876926 -0.000004 0.000008 -12.161669 0.000003 -0.000008 -0.005905 0.000001 -0.000001 5.829917 -0.000001 0.000001 12.605158 8.178914 -19.048182 -14.456992 -1.779001 -4.354154 -3.121960 -18.365198 -9.746084 15.757414 52.308666 35.509090 -52.260536 4.008210 7.231244 -4.011718 1.095650 -2.511723 -1.135144 15.564611 2.293074 6.717701 -24.125826 -31.502810 -82.142632 0.706875 -15.835141 -1.906293 2.141473 -12.329754 -2.731869 -27.370535 3.244823 73.248978 2.217364 9.726097 4.796233 0.000002 -0.000000 -0.000294 1.991376 20.748871 1.079825 0.963655 -8.542529 45.628357 4.899794 -3.799640 -26.807245 -0.000005 0.000012 -0.000282
-9.646231 8.803983 12.509817 -150.320938 86.115211 -168.363922 -2.775818 -4.502310 36.126556 -0.000004 0.000009 -12.161666 0.000002 0.000004 -0.005905 -0.000001 -0.000001 5.829916 0.000001 -0.000004 12.605158 7.136709 -17.491652 -14.017619 -1.827050 -4.909400 -3.168842 -19.962709 -10.055082 16.896645 52.266529 36.581718 -52.382683 5.020165 7.607719 -3.919850 1.393982 -2.823155 -1.522482 15.148354 3.601572 5.377494 -24.040356 -31.332977 -83.843094 0.390556 -15.492558 -2.005489 3.496150 -12.407206 -5.510385 -26.194702 3.929890 72.367989 1.667877 9.484702 2.308245 -0.000004 0.000003 -0.000292 2.538592 19.761021 4.304619 1.651057 -7.297148 44.009808 4.670337 -4.444914 -27.243834 0.000004 0.000009 -0.000293
-9.310853 8.867816 12.466582 -139.686340 86.578812 -157.015305 -2.527906 -5.961165 35.533409 -0.000001 0.000002 -12.161670 0.000003 -0.000003 -0.005905 -0.000000 -0.000003 5.829916 -0.000001 0.000001 12.605162 6.325140 -16.181738 -13.926125 -1.843399 -5.604908 -3.543137 -21.436495 -10.389472 17.834970 52.568546 37.535477 -52.314342 6.129593 7.847115 -3.760585 1.667134 -3.241468 -2.084465 14.813478 5.199297 4.345386 -25.060228 -31.442822 -84.800819 0.484541 -14.737125 -2.076642 5.337074 -10.755343 -8.701418 -24.876703 3.309448 70.390923 1.337766 8.973513 -0.309384 0.000003 -0.000000 -0.000290 2.824360 19.723028 6.723518 2.491912 -6.290437 41.695045 3.908318 -5.248645 -26.496862 -0.000003 0.000007 -0.000303
-8.976554 8.953327 12.416145 -127.769218 87.048393 -143.931961 -2.239672 -7.009222 34.432514 -0.000003 -0.000005 -12.161664 0.000004 0.000002 -0.005904 -0.000001 -0.000001 5.829916 -0.000000 -0.000001 12.605161 5.733156 -15.277805 -13.794187 -1.847928 -6.436006 -3.874018 -22.576824 -10.519906 18.619961 52.863663 38.100922 -52.349911 6.679793 7.852001 -3.719668 1.920093 -3.816989 -2.540075 14.435147 6.473183 3.615017 -26.052774 -31.424635 -85.765259 0.702076 -13.857526 -2.510265 6.770681 -8.376342 -11.500484 -23.737759 1.379662 67.010544 1.178295 8.275526 -2.627751 -0.000003 -0.000002 -0.000297 2.900662 19.493408 8.784484 2.907693 -5.146080 39.124916 2.720626 -6.096498 -24.275904 0.000005 -0.000000 -0.000287
-8.637180 9.056076 12.356995 -121.847336 87.358322 -136.938202 -2.092690 -8.081249 33.302765 -0.000006 0.000003 -12.161665 0.000005 -0.000007 -0.005906 -0.000000 0.000005 5.829916 -0.000002 -0.000003 12.605157 5.297011 -14.729737 -13.507132 -1.877721 -7.250493 -3.975001 -23.426199 -10.700224 19.378492 52.929462 38.478115 -52.591534 6.814139 7.674011 -3.777112 2.088652 -4.407142 -2.847966 14.026561 7.198547 3.111428 -26.376913 -31.138308 -87.073517 0.859586 -13.269463 -2.688903 7.659980 -6.701274 -13.291872 -22.646765 -0.989712 61.715412 1.324806 7.178659 -4.439188 0.000004 0.000003 -0.000288 2.901082 18.725481 10.888906 3.097471 -3.538051 36.646763 1.179232 -7.351913 -20.730398 0.000000 0.000007 -0.000289
-8.288793 9.167490 12.301144 -110.022392 87.705353 -124.052673 -1.883778 -8.891782 31.999666 -0.000007 0.000003 -12.161666 0.000003 -0.000005 -0.005902 0.000002 -0.000007 5.829916 -0.000002 -0.000001 12.605157 4.962193 -14.260151 -13.061191 -1.899361 -7.701868 -3.805391 -24.019712 -11.122108 20.141930 52.830009 38.708195 -52.905544 6.821968 7.593643 -3.787027 2.218558 -4.723176 -3.023820 13.636744 7.603004 2.811796 -26.026682 -30.778521 -88.533882 0.684736 -13.162677 -2.856608 8.437644 -5.452466 -14.001084 -20.937096 -3.512708 54.473965 1.251089 5.653954 -5.687933 -0.000003 0.000003 -0.000296 3.140307 18.511677 13.061590 3.307348 -1.993433 34.125687 -0.740884 -9.013647 -15.985747 0.000003 0.000006 -0.000298
-7.932250 9.275869 12.249124 -89.621475 87.841515 -102.251358 -1.453285 -9.413229 30.217878 -0.000001 0.000004 -12.161664 0.000004 -0.000009 -0.005907 -0.000001 0.000007 5.829915 0.000001 -0.000011 12.605162 4.652063 -13.922811 -12.576098 -1.949231 -7.917929 -3.451738 -24.257082 -11.651085 20.788164 52.399925 38.801403 -53.387463 6.812737 7.562618 -3.702258 2.356969 -4.862870 -3.113524 13.237523 8.053992 2.735379 -25.269207 -30.676846 -89.827774 0.342880 -13.332096 -2.708123 9.417206 -4.774095 -13.877540 -18.138454 -5.434928 45.215290 0.979997 3.988074 -6.851912 0.000001 -0.000003 -0.000296 3.433506 18.831774 14.724936 3.593981 -0.751349 31.766470 -3.113525 -10.804986 -10.207453 -0.000001 0.000005 -0.000293
-7.568989 9.373430 12.195757 -70.509537 87.706039 -81.482727 -0.857856 -9.726738 28.226521 -0.000003 0.000006 -12.161665 0.000002 -0.000003 -0.005904 -0.000000 0.000001 5.829913 0.000001 -0.000006 12.605162 4.288789 -13.842387 -12.326481 -2.004943 -8.068068 -3.178967 -24.142235 -12.133266 21.215021 51.659946 38.739346 -53.942036 6.715700 7.494635 -3.634086 2.485814 -5.031343 -3.171604 12.842118 8.539052 2.848404 -24.455189 -30.834663 -90.860855 -0.112576 -13.543031 -2.420172 10.610967 -5.607065 -12.817542 -14.341595 -5.233468 34.209995 1.090422 3.229089 -8.841584 -0.000008 0.000010 -0.000299 3.358538 18.927832 15.659961 4.084851 0.677089 29.847582 -5.685035 -12.397836 -3.477425 -0.000004 0.000012 -0.000288
-7.200371 9.454487 12.134763 -56.303741 87.614433 -65.969040 -0.358414 -9.830994 26.806030 -0.000006 0.000007 -12.161668 0.000001 -0.000008 -0.005902 0.000003 -0.000003 5.829914 -0.000002 0.000003 12.605161 3.887806 -14.045146 -12.514175 -2.039178 -8.271524 -3.064628 -23.795761 -12.625838 21.255838 50.895027 38.397259 -54.423386 6.649901 7.494981 -3.569658 2.563701 -5.346136 -3.259507 12.471169 8.766225 3.084543 -23.785624 -31.024666 -91.679527 -0.740826 -13.823509 -2.242367 10.378538 -6.530162 -11.097149 -10.056973 -4.337739 23.834106 2.417910 4.967045 -10.962719 0.000004 -0.000001 -0.000296 2.773209 18.568680 16.355051 4.912927 2.194510 28.638731 -8.643676 -13.669406 3.684672 -0.000003 0.000005 -0.000298
-6.831780 9.502892 12.065326 -44.312500 87.879387 -53.271500 -0.295353 -9.897920 26.015753 -0.000006 0.000010 -12.161669 0.000002 -0.000004 -0.005904 0.000004 0.000003 5.829914 0.000000 -0.000004 12.605158 3.556233 -14.404736 -12.891918 -2.020695 -8.418948 -2.853702 -23.289690 -13.117761 20.949324 50.340282 38.081711 -54.645737 6.410625 7.451424 -3.609675 2.575786 -5.734486 -3.193485 12.193534 8.512240 3.397171 -23.392656 -31.051741 -92.254265 -1.214678 -13.970014 -2.263686 8.813429 -7.342705 -9.815641 -6.596629 -4.393659 16.135361 5.944778 9.656669 -12.005630 -0.000001 0.000003 -0.000296 1.769290 17.876183 16.901785 5.953620 2.635029 28.632505 -11.981557 -14.119523 10.126175 0.000000 0.000003 -0.000292
-6.462893 9.506745 11.996078 -22.608786 88.484444 -31.724447 -0.845513 -9.890677 25.973709 -0.000000 0.000001 -12.161669 0.000001 -0.000003 -0.005904 -0.000000 0.000003 5.829913 0.000003 -0.000011 12.605163 3.355578 -14.834568 -13.128003 -1.980349 -8.485397 -2.473850 -22.594278 -13.384943 20.420525 49.990013 37.747810 -54.795273 6.101463 7.386113 -3.645952 2.485331 -5.998208 -3.003635 12.042476 7.776662 3.812551 -23.380234 -30.987585 -92.400826 -1.748699 -14.029642 -2.361577 7.654939 -10.017190 -8.343358 -4.657016 -3.024998 11.500787 9.604924 13.602226 -12.766030 -0.000005 -0.000001 -0.000287 0.620684 16.954887 17.247158 6.790753 2.069161 30.686108 -15.017920 -14.037324 15.448921 -0.000010 0.000009 -0.000292
-6.092864 9.464120 11.937640 17.881933 88.707138 7.813266 -1.585472 -9.617219 26.603746 -0.000006 0.000010 -12.161667 0.000003 -0.000007 -0.005903 0.000002 0.000004 5.829915 0.000002 -0.000010 12.605160 3.136662 -15.322611 -13.212008 -1.995152 -8.446773 -2.110167 -21.769888 -13.293611 19.815413 49.708721 37.425442 -54.956490 5.828950 7.298821 -3.691679 2.227464 -6.018723 -2.766741 12.000462 6.914506 4.275945 -23.749722 -31.020882 -91.860626 -2.220057 -14.050879 -2.472003 6.970503 -12.551523 -6.439302 -3.931547 -0.154195 10.183794 9.156400 12.909884 -13.390086 0.000003 0.000001 -0.000292 -0.121749 15.847576 17.282993 7.429069 1.945678 34.979137 -16.982262 -14.843485 20.367601 -0.000005 0.000003 -0.000294
-5.731124 9.371849 11.893873 41.188805 88.314491 30.228870 -1.886760 -8.891430 27.252531 -0.000003 0.000007 -12.161666 0.000002 -0.000008 -0.005903 0.000000 0.000007 5.829911 0.000002 0.000003 12.605157 2.819118 -15.889858 -13.407259 -2.103724 -8.371808 -2.035563 -20.917702 -12.890586 19.130707 49.482285 37.089931 -55.045601 5.801252 7.280999 -3.745828 1.924386 -5.870983 -2.744896 11.789705 6.280797 4.799308 -24.208574 -31.211082 -90.605858 -2.595269 -14.127828 -2.523232 7.814129 -14.617373 -5.516119 -5.267232 3.690183 12.299385 3.826616 9.619173 -14.102926 0.000001 0.000008 -0.000298 -0.076616 15.365607 16.447987 8.852140 2.537368 40.791065 -18.658545 -17.690498 25.552723 0.000000 0.000006 -0.000289
-5.381119 9.240253 11.858577 47.528877 87.868240 35.544899 -1.787846 -7.685080 28.282148 -0.000002 0.000001 -12.161669 0.000002 -0.000008 -0.005903 0.000002 0.000003 5.829915 0.000000 -0.000007 12.605161 2.580734 -16.625847 -13.662673 -2.276460 -8.379024 -2.183036 -20.062160 -12.296666 18.155483 49.660976 36.946323 -54.795101 5.694024 7.293958 -3.801884 1.680497 -5.738872 -3.116305 11.282311 5.704358 5.620157 -24.395493 -31.299944 -89.092972 -2.823453 -14.087174 -2.367872 8.174155 -13.013427 -5.133011 -6.244199 4.400650 16.299429 1.002038 7.152844 -14.588598 0.000002 0.000005 -0.000288 0.814503 15.756707 15.368068 11.194829 2.948239 47.070610 -21.627939 -20.321943 30.264271 0.000000 0.000005 -0.000294
-5.042084 9.091131 11.840809 32.591274 87.325043 18.651136 -1.029365 -5.882629 30.422091 -0.000001 0.000002 -12.161662 0.000002 -0.000005 -0.005905 0.000001 -0.000000 5.829915 0.000002 0.000005 12.605156 2.688790 -17.188210 -13.760417 -2.453516 -8.278908 -2.080396 -19.261917 -11.492557 16.470835 50.439163 36.608383 -53.942162 5.542152 7.249166 -4.034993 1.204867 -5.240656 -3.383603 10.609266 5.007417 6.591663 -24.440145 -31.011946 -87.369759 -3.185917 -14.137310 -2.175019 8.176883 -10.394220 -3.200360 -6.296031 5.743273 20.341734 -0.994315 3.097666 -11.766575 -0.000002 0.000003 -0.000293 2.627873 16.760000 14.945085 14.709718 3.363696 53.077095 -24.799410 -18.257206 32.704151 -0.000012 0.000008 -0.000295
-4.682964 8.970966 11.849087 -21.508841 86.222908 -37.308292 2.128357 -5.053072 31.744749 -0.000003 0.000006 -12.161667 0.000002 -0.000006 -0.005905 -0.000001 0.000003 5.829916 0.000002 -0.000008 12.605160 2.518706 -17.207983 -13.407547 -1.965405 -7.590723 -0.999578 -19.130171 -10.086612 13.851427 51.818195 35.687374 -51.867725 4.807412 7.084129 -4.568946 0.026371 -4.178258 -2.108336 10.482932 5.479796 7.524510 -24.919638 -30.578920 -84.736603 -3.539028 -14.396192 -2.100370 11.529464 -9.539477 -4.176691 -5.738345 7.718832 29.125338 -3.790874 0.133024 -13.706605 0.000000 -0.000003 -0.000303 6.181332 16.993580 13.782263 19.134672 3.709213 58.973328 -25.002728 -16.075491 29.787834 0.000002 0.000003 -0.000292
-4.357007 8.898755 11.834805 -42.666798 84.331406 -59.898792 5.488128 -3.835697 34.748924 -0.000004 -0.000006 -12.161669 0.000004 -0.000003 -0.005904 0.000001 0.000004 5.829916 0.000001 -0.000006 12.605160 2.948990 -18.914383 -15.633458 -2.024196 -8.366010 -2.565751 -18.440659 -7.943789 10.759856 52.645279 34.434063 -49.176117 3.170786 6.522217 -5.129586 -0.380991 -4.632527 -2.680134 9.681910 7.444695 8.916051 -24.821991 -30.438280 -81.925674 -2.718158 -13.976184 -3.017103 13.180297 -10.492624 -3.767792 -5.699117 6.510376 35.072697 -5.109153 1.434810 -18.019325 -0.000000 -0.000001 -0.000284 9.456909 15.216349 11.218933 20.898268 3.598580 65.293251 -21.202021 -15.154634 24.326584 0.000009 0.000003 -0.000296
-4.039485 8.850804 11.828818 -37.309624 84.262978 -54.707150 5.610367 -2.814462 35.507484 0.000000 -0.000002 -12.161668 -0.000001 0.000015 -0.005905 0.000001 -0.000003 5.829916 0.000000 -0.000003 12.605153 2.870504 -19.818142 -16.638836 -2.004347 -7.574312 -3.156798 -17.749519 -5.562480 7.054113 51.897755 33.401714 -47.518036 0.463744 6.712843 -5.627568 -0.242493 -4.134795 -2.364797 8.009163 8.812801 10.901482 -24.236368 -29.542263 -80.085381 -0.571183 -13.969554 -4.533554 12.429046 -11.421002 -1.833250 -8.066944 3.449700 36.389111 -6.049860 5.992265 -21.021046 0.000005 0.000001 -0.000288 9.857521 15.161268 7.146054 20.800890 2.299664 70.461876 -14.314604 -14.855791 18.263792 -0.000007 0.000004 -0.000292
-3.720629 8.820211 11.810950 -43.767738 85.288399 -60.811489 5.259311 -2.454451 35.375465 -0.000001 0.000006 -12.161669 0.000003 -0.000000 -0.005904 -0.000002 0.000003 5.829916 0.000000 -0.000002 12.605161 3.288402 -20.837677 -16.802790 -1.397869 -7.455688 -3.562089 -17.410797 -1.947362 3.853371 49.509083 33.256790 -48.690472 -1.986330 7.849535 -6.286772 0.163687 -4.011324 -1.792686 6.549492 9.502625 13.048889 -23.316019 -28.156418 -79.690216 1.070918 -14.203246 -5.754454 11.317405 -13.901551 -0.426286 -9.286358 2.851112 36.883450 -6.315275 8.144328 -23.292337 0.000003 -0.000002 -0.000287 9.869693 15.918048 2.525938 19.365959 -0.862840 73.617294 -7.320060 -13.598902 12.818121 -0.000010 0.000009 -0.000295
-3.400309 8.820601 11.783741 -60.207859 86.012772 -77.065399 5.163758 -2.399930 35.376568 -0.000006 0.000013 -12.161666 0.000002 0.000004 -0.005903 0.000001 -0.000004 5.829915 0.000003 -0.000008 12.605154 3.607275 -21.493614 -16.384808 -1.115121 -6.819856 -4.242901 -17.400558 1.348961 2.189739 46.808697 33.898487 -52.099506 -1.869552 9.097192 -6.323295 0.357902 -3.316275 -1.408328 5.951917 10.183994 15.146047 -22.410135 -27.526876 -80.085983 0.787333 -14.342710 -6.281270 10.644750 -14.544714 0.893561 -8.231479 3.493805 37.467628 -6.136338 6.189844 -24.567963 -0.000002 0.000003 -0.000297 9.519574 17.143972 -1.611894 18.397860 -4.119254 74.510628 -3.013279 -11.966079 8.690112 -0.000005 0.000010 -0.000289
-3.077249 8.849358 11.756931 -64.937088 85.966827 -81.562653 5.786075 -0.665857 35.357685 0.000000 0.000008 -12.161668 -0.000000 -0.000001 -0.005903 0.000002 0.000004 5.829912 -0.000002 -0.000008 12.605162 3.809673 -22.453672 -15.883739 -1.388579 -6.420662 -4.849518 -17.179554 2.437199 1.326508 45.209656 35.270264 -55.096451 0.443328 10.209770 -5.674601 0.305452 -2.810108 -1.245597 6.496217 11.155732 16.995960 -22.570395 -28.049011 -80.049408 -0.329424 -14.940886 -6.483360 10.006483 -13.092950 3.085521 -6.990277 2.506454 37.015175 -6.004695 4.730720 -25.162968 0.000001 -0.000000 -0.000296 8.788198 18.727985 -5.324577 17.801062 -6.339671 73.824799 -1.475625 -10.721456 5.327332 0.000002 0.000004 -0.000289
-2.750767 8.905211 11.719262 -68.645988 86.032120 -84.935287 6.426031 1.486622 35.252056 -0.000003 0.000009 -12.161669 0.000002 -0.000013 -0.005905 0.000004 0.000010 5.829914 -0.000002 -0.000009 12.605162 3.978577 -23.448221 -15.506593 -1.909487 -6.153069 -5.310246 -16.477655 1.127586 0.881040 45.337269 37.288456 -56.216564 2.809160 11.255269 -4.914352 0.145825 -2.233071 -1.183741 7.550163 11.718055 18.479118 -22.924110 -28.922245 -79.853851 -1.383302 -15.244480 -6.424199 9.227895 -12.189408 5.729070 -6.979384 0.381004 35.246746 -5.668258 5.725198 -24.769564 0.000003 0.000009 -0.000289 7.594628 19.275452 -8.834051 16.699228 -7.302861 72.118523 -0.957622 -10.009790 2.681865 0.000010 -0.000003 -0.000300
-2.428196 8.974677 11.672295 -78.951370 86.371078 -94.194168 6.725457 3.403133 34.469948 0.000001 -0.000008 -12.161663 0.000001 -0.000000 -0.005903 0.000001 0.000013 5.829912 0.000001 -0.000009 12.605161 4.097705 -24.272123 -15.250135 -2.446382 -5.894087 -5.676264 -15.732536 -0.775045 0.884335 46.564678 39.234627 -56.541565 3.792008 11.606479 -4.431726 0.072838 -1.962138 -1.217032 8.582491 12.029913 19.819618 -23.396809 -29.567083 -79.678635 -2.261719 -15.319059 -6.097819 8.296286 -12.258579 7.787302 -6.995064 -0.977468 32.909496 -4.847055 6.974988 -23.118971 0.000003 0.000001 -0.000292 5.956362 18.355701 -12.636134 15.387663 -6.809898 69.205360 -0.903205 -9.890420 0.946953 -0.000005 0.000007 -0.000292
-2.107077 9.057523 11.622910 -91.698174 86.669456 -105.674484 6.789763 5.226494 33.416039 -0.000003 -0.000003 -12.161664 0.000001 -0.000002 -0.005905 -0.000001 -0.000008 5.829912 0.000007 0.000006 12.605163 4.044019 -24.746939 -14.961205 -2.902406 -5.578498 -5.843391 -15.226836 -1.544569 1.293539 47.616203 40.346359 -57.675896 3.717755 11.037283 -4.532829 -0.038654 -1.586714 -1.196065 9.398108 11.661355 20.984894 -23.822172 -29.641914 -79.612625 -2.924553 -15.184267 -5.417736 7.324494 -12.578888 9.579796 -6.556084 -1.142794 30.461613 -3.838571 7.307546 -19.962774 0.000001 -0.000001 -0.000291 4.464917 16.531197 -15.795129 13.941412 -5.094908 64.733025 -1.475097 -9.775825 0.007535 0.000002 0.000004 -0.000293
-1.782971 9.156458 11.569474 -106.339249 86.976830 -119.211349 6.521398 6.886509 32.489624 -0.000004 0.000008 -12.161667 0.000002 -0.000018 -0.005903 0.000001 0.000007 5.829914 0.000003 0.000003 12.605162 3.880427 -24.838070 -14.651306 -3.192578 -5.175321 -5.887422 -14.969235 -1.078888 1.913110 48.350250 40.543785 -59.592369 3.806355 10.170875 -4.739005 -0.164617 -1.246342 -1.199049 10.017781 11.240835 21.982758 -23.826273 -29.441824 -79.638794 -3.632413 -14.990993 -4.425591 6.371820 -12.590046 11.357446 -6.304590 -1.441106 28.187376 -2.920638 7.382901 -16.236906 -0.000008 -0.000003 -0.000293 3.002858 14.659554 -17.755026 12.341838 -3.061109 58.509636 -2.041045 -9.569729 -0.558641 0.000003 0.000005 -0.000301
-1.452054 9.255822 11.507237 -129.717087 87.148994 -141.666443 5.854730 8.156098 31.738083 -0.000002 0.000006 -12.161669 0.000002 -0.000004 -0.005903 0.000000 -0.000007 5.829915 -0.000002 -0.000003 12.605161 3.668273 -24.744864 -14.402163 -3.395775 -4.842227 -5.929516 -14.802153 -0.583064 2.507688 49.135040 40.621666 -61.098488 4.491687 9.357012 -4.673295 -0.261039 -0.960180 -1.184699 10.542695 11.114199 22.654234 -23.538364 -29.399700 -79.502907 -4.190467 -15.001274 -3.444250 5.426122 -12.475057 13.142459 -6.439961 -2.235814 26.068451 -2.107331 7.518831 -11.647504 -0.000000 0.000007 -0.000294 1.265381 13.054685 -18.386295 10.414685 -1.666167 50.549904 -2.462264 -9.232110 -1.135352 0.000000 -0.000004 -0.000297
-1.111006 9.347261 11.443394 -151.130600 86.822693 -162.278091 5.224206 9.334260 31.152458 -0.000006 0.000004 -12.161664 0.000004 -0.000005 -0.005905 0.000001 -0.000007 5.829918 0.000004 0.000008 12.605158 3.515278 -24.704796 -14.294863 -3.538155 -4.760630 -5.993780 -14.705433 -0.945873 2.943833 50.091766 41.141544 -61.553329 5.433935 8.838584 -4.384549 -0.259391 -1.108892 -1.089684 10.896976 11.317394 22.988008 -23.122549 -29.508930 -79.285469 -4.603105 -15.223799 -2.845860 4.946327 -11.965313 14.860856 -6.921702 -3.545986 24.141165 -1.378621 7.624376 -6.416233 0.000000 -0.000004 -0.000295 -0.729087 12.686485 -17.572392 8.555140 -1.739299 40.950565 -3.325694 -9.248621 -2.437877 -0.000003 0.000006 -0.000290
-0.761230 9.420994 11.385697 -162.611557 86.339645 -172.830170 4.709087 10.374007 30.398512 -0.000003 0.000002 -12.161670 0.000001 -0.000008 -0.005904 -0.000001 0.000005 5.829915 0.000003 -0.000005 12.605157 3.316642 -24.502302 -14.224250 -3.655404 -4.612912 -5.965990 -14.714731 -1.973218 3.265143 51.052952 41.969425 -61.386566 6.161255 8.763679 -3.971325 -0.264410 -1.323285 -0.874371 10.993308 11.399961 23.058239 -22.605927 -29.531214 -79.223709 -4.847482 -15.375454 -2.544240 5.035372 -11.193725 16.282036 -7.629427 -4.770535 22.528913 -0.705254 7.580212 -0.927785 0.000003 -0.000006 -0.000288 -1.901267 12.914626 -15.787303 6.619432 -1.980368 30.874733 -4.501465 -10.308054 -4.713726 0.000006 -0.000003 -0.000292
-0.405544 9.465041 11.335921 -164.614090 85.900215 -173.949066 4.508010 11.089725 29.496439 -0.000003 -0.000003 -12.161669 0.000001 0.000005 -0.005905 0.000002 -0.000003 5.829915 0.000003 -0.000002 12.605162 2.946069 -24.026917 -13.909554 -3.723685 -4.322421 -5.733609 -14.900775 -2.821231 3.588005 51.892689 42.880306 -61.268356 6.293394 8.928451 -3.721477 -0.305574 -1.516748 -0.557375 10.802735 11.216440 22.996544 -22.137140 -29.314270 -79.372673 -5.026513 -15.291450 -2.292138 5.557354 -10.585880 17.165430 -8.405935 -4.763984 22.128971 0.218109 6.752573 4.036838 0.000001 0.000001 -0.000290 -0.896051 12.601485 -14.023307 3.918965 -0.900123 22.569605 -6.554829 -11.975175 -7.224668 -0.000003 0.000004 -0.000301
-0.045204 9.472307 11.284747 -159.515335 85.277351 -168.550049 4.924662 11.320690 28.860622 -0.000003 -0.000000 -12.161666 0.000001 0.000005 -0.005901 0.000001 0.000002 5.829916 0.000004 -0.000009 12.605154 2.335717 -23.459089 -13.125473 -3.664876 -4.204503 -5.380413 -15.342639 -2.873013 4.037391 52.420929 43.332787 -61.577160 6.398266 8.934808 -3.726516 -0.368410 -1.652721 -0.066042 10.375952 10.676725 22.720173 -21.928732 -28.977591 -79.528099 -5.307507 -15.097411 -2.040349 6.310891 -10.010149 17.320522 -8.971777 -4.079553 24.296244 1.127032 5.650218 7.858672 -0.000002 0.000002 -0.000288 1.051125 12.336870 -12.519015 1.662329 0.413672 17.418985 -10.050509 -13.277192 -9.760567 0.000005 0.000008 -0.000292
0.315088 9.439146 11.222553 -152.062103 84.452423 -161.615189 5.784406 11.032093 28.878454 -0.000003 -0.000000 -12.161667 0.000001 -0.000002 -0.005903 0.000002 0.000002 5.829916 0.000001 -0.000005 12.605160 1.682472 -22.652739 -12.229834 -3.461610 -4.214932 -5.081944 -16.008097 -2.603388 4.498677 53.250381 43.421425 -61.487392 6.670224 8.772304 -3.812072 -0.283879 -1.712288 0.249651 9.873245 10.035018 22.364399 -22.025896 -28.815031 -79.490814 -5.600374 -14.872169 -1.885529 7.117490 -9.092271 16.911299 -9.818755 -5.014423 29.119276 1.945278 6.227165 10.961006 0.000004 0.000002 -0.000293 1.470937 12.343371 -11.113696 1.582914 1.304330 15.533751 -10.378937 -13.718041 -10.999109 -0.000001 0.000004 -0.000294
0.674034 9.362429 11.156345 -145.422836 83.845367 -155.779190 6.605514 10.565941 29.226284 -0.000001 0.000009 -12.161670 0.000003 -0.000009 -0.005903 0.000002 -0.000002 5.829914 0.000001 0.000002 12.605159 1.094803 -21.528450 -11.594534 -3.230196 -4.231400 -5.018734 -16.762238 -2.842247 5.072015 54.692631 43.409004 -60.284752 7.087270 8.551154 -3.899560 -0.072168 -1.657823 0.388006 9.429434 9.422116 21.822123 -22.391310 -28.931936 -79.250351 -5.816358 -14.735015 -1.789878 7.699253 -8.172780 15.928814 -12.056719 -7.496216 35.641956 2.922096 9.462732 14.394651 0.000005 0.000002 -0.000287 0.500802 14.950883 -10.603496 2.677375 -1.242922 17.478102 -4.335542 -11.759779 -9.965517 -0.000006 0.000006 -0.000299
1.033778 9.257797 11.088258 -142.569962 83.222740 -154.657440 7.189543 9.598462 30.519310 0.000000 0.000003 -12.161666 0.000003 -0.000009 -0.005904 -0.000000 0.000007 5.829915 0.000001 -0.000012 12.605158 0.623748 -20.196709 -11.087217 -2.984336 -4.321184 -4.972772 -17.398020 -3.563220 5.903338 56.077488 43.325169 -58.504444 7.449978 8.380984 -4.032540 0.295248 -1.684727 0.476707 9.023794 8.848217 21.055407 -22.825909 -29.197731 -78.932457 -6.005661 -14.683119 -1.635169 7.356963 -8.333335 15.417083 -15.274699 -9.564610 42.874096 3.816088 13.923203 18.077196 0.000000 0.000003 -0.000294 1.037965 19.959713 -9.506015 1.209807 -8.734448 21.549208 -1.625110 -8.962752 -10.410011 -0.000006 0.000015 -0.000287
1.384993 9.127113 11.000959 -149.838837 81.879890 -164.217667 6.757593 7.609152 32.413368 -0.000001 -0.000000 -12.161662 0.000003 0.000007 -0.005906 -0.000001 -0.000005 5.829916 -0.000000 0.000005 12.605156 0.758282 -18.947714 -10.928952 -2.466349 -5.199553 -5.088800 -17.694305 -3.890262 7.219635 56.103344 42.907616 -57.259933 7.919365 8.283055 -4.267010 0.824342 -2.303496 0.948230 8.583429 8.407248 19.597767 -23.234053 -29.446381 -78.514252 -6.120048 -14.735809 -1.524080 6.117268 -9.657730 15.121443 -19.219275 -10.847794 50.220604 6.241735 16.615417 21.205503 -0.000003 -0.000001 -0.000293 1.996104 17.548584 -7.350211 -0.584391 -11.002107 26.037451 0.419626 -5.502268 -9.276464 0.000008 0.000004 -0.000291
1.733077 9.006553 10.900928 -168.399445 81.161469 175.610291 3.939930 6.410814 33.384338 -0.000004 0.000012 -12.161669 0.000003 -0.000003 -0.005904 0.000002 0.000005 5.829912 0.000000 -0.000005 12.605156 1.084566 -17.423656 -11.006284 -1.713008 -6.491158 -4.270602 -17.625471 -4.322661 8.484174 54.799915 41.808155 -55.979012 7.999545 8.272808 -4.490923 1.126551 -2.767129 2.201528 8.483035 7.172757 17.481339 -24.157719 -29.430733 -77.410393 -5.526426 -14.700983 -1.662607 3.128174 -11.156370 14.066391 -22.745430 -9.407037 56.501808 8.924744 14.698977 22.148506 0.000010 -0.000002 -0.000294 -0.839044 17.081778 -8.131446 -0.802209 -11.822816 33.514671 2.247867 -4.833956 -11.269664 -0.000009 0.000013 -0.000297
2.072010 8.928356 10.833248 178.892273 80.788109 161.778503 1.810945 5.824869 35.578880 -0.000004 0.000008 -12.161666 -0.000001 -0.000003 -0.005905 0.000001 0.000005 5.829916 0.000003 -0.000013 12.605162 1.185452 -15.436044 -12.759449 -1.433999 -6.966547 -4.665577 -17.155691 -5.583434 9.716271 52.963749 40.091618 -54.487236 6.728947 7.967796 -4.126968 1.002872 -3.385422 1.613453 9.052464 5.984707 15.065178 -25.649477 -29.246212 -75.417427 -4.421552 -14.222869 -1.571617 0.818054 -10.283859 11.656845 -24.736681 -8.081142 63.310501 9.035658 12.421482 18.296877 -0.000004 0.000001 -0.000291 -1.973439 18.149939 -7.313620 -0.964474 -11.134727 38.629162 3.700421 -6.052671 -15.281253 -0.000005 0.000004 -0.000294
2.398871 8.880293 10.755985 179.805832 80.195427 162.811539 1.343062 4.345567 35.488247 -0.000001 0.000006 -12.161666 0.000002 0.000002 -0.005903 0.000001 -0.000004 5.829916 0.000002 -0.000002 12.605159 0.558991 -12.999792 -13.358857 -1.369947 -7.222237 -4.268846 -16.543657 -6.252970 10.987697 51.249607 37.831646 -53.280006 4.634995 8.227668 -3.691972 0.853159 -4.042883 1.644972 9.851377 4.571236 12.374052 -26.604404 -28.810234 -73.941719 -3.166225 -14.051571 -1.160297 0.549896 -10.779894 7.646500 -26.033850 -5.898772 68.546059 7.899877 11.336797 14.419786 0.000003 -0.000001 -0.000293 -1.531006 19.366924 -5.552585 0.072254 -10.963004 40.229111 4.415050 -8.201182 -18.368887 0.000002 -0.000002 -0.000304
2.719894 8.857666 10.680568 178.695114 80.367325 161.994476 0.893305 3.397507 35.276592 -0.000004 0.000004 -12.161670 0.000001 -0.000001 -0.005903 0.000001 0.000001 5.829916 0.000003 -0.000008 12.605160 -0.322656 -10.504949 -13.560528 -1.375206 -7.707344 -3.933270 -16.183842 -6.411456 12.244409 49.594593 36.075924 -52.868050 3.634299 8.992327 -4.043072 0.420996 -4.702458 1.190815 10.511174 2.504338 10.559513 -25.649443 -28.031366 -75.209267 -2.516856 -14.740869 -0.656268 0.318068 -11.544187 3.604793 -26.723270 -2.989241 71.610451 6.457633 11.178962 11.447738 0.000000 -0.000002 -0.000296 -1.325458 20.785156 -3.809023 1.182428 -10.453725 40.695946 5.275516 -9.914964 -20.622528 0.000005 0.000009 -0.000292
3.043193 8.863373 10.616925 177.304428 80.726295 160.167999 0.363465 2.196938 35.701145 -0.000003 0.000003 -12.161672 0.000005 0.000002 -0.005904 -0.000001 0.000001 5.829915 0.000003 -0.000000 12.605158 -1.227943 -8.023756 -13.407022 -1.257654 -8.074591 -3.730056 -16.730785 -6.903647 13.688195 49.170647 35.416859 -52.535786 4.667597 9.334557 -4.205334 0.527347 -5.211792 0.471371 10.575701 1.020488 9.593709 -23.546608 -27.627415 -78.609810 -3.210893 -15.518468 -0.403651 0.380217 -12.439713 0.423110 -26.655428 0.004839 72.902473 5.104886 11.402885 8.756580 -0.000002 0.000002 -0.000293 -0.825053 20.490292 -1.580973 0.521830 -10.584313 41.485199 5.484557 -8.643705 -22.240183 0.000001 0.000004 -0.000291
3.370733 8.888701 10.553325 177.071732 80.201744 159.479721 -0.344594 -0.211012 35.883240 -0.000003 -0.000000 -12.161672 -0.000001 -0.000001 -0.005906 0.000003 -0.000011 5.829917 -0.000002 -0.000005 12.605158 -2.219333 -5.737975 -12.936151 -1.233969 -8.477972 -3.569675 -18.221916 -7.928690 15.185926 50.621243 35.936775 -51.415401 6.259707 9.105350 -4.283817 0.883758 -5.430756 0.004587 10.486790 0.777590 8.494965 -22.728193 -27.949736 -81.614357 -4.158140 -15.793812 -0.071491 0.664545 -13.613691 -2.495315 -26.098650 2.143981 72.969856 4.022649 11.774334 5.925418 0.000004 0.000001 -0.000290 -0.322373 18.276682 1.250968 0.027809 -9.259625 40.912823 5.641184 -7.896008 -23.052624 -0.000004 0.000002 -0.000291
3.702332 8.935898 10.494027 177.119690 79.956940 159.466507 -0.799551 -2.493219 35.806850 -0.000003 0.000009 -12.161662 0.000002 -0.000007 -0.005904 0.000000 0.000004 5.829914 0.000003 -0.000009 12.605158 -3.130405 -3.667202 -12.491392 -1.409830 -9.000244 -3.805866 -19.818134 -8.659807 16.568941 52.476181 36.701771 -50.357830 7.585114 8.693156 -4.401845 1.186305 -5.723580 -0.572303 10.592408 2.090262 7.357142 -23.552799 -29.342251 -83.586365 -4.514869 -15.540071 0.080796 1.309895 -13.887834 -5.430213 -25.060362 3.267473 71.963921 3.100655 11.741693 2.932841 0.000001 0.000004 -0.000292 -0.033758 17.112738 4.132303 0.658276 -7.761513 39.341682 5.627395 -8.451300 -23.476114 -0.000003 0.000003 -0.000297
4.031548 8.997805 10.444682 177.687027 80.848953 160.964462 -0.694246 -3.583605 34.836761 -0.000004 0.000007 -12.161664 0.000002 -0.000006 -0.005903 0.000000 0.000003 5.829915 0.000004 -0.000007 12.605161 -3.752885 -1.888906 -12.012750 -1.551462 -9.707062 -4.255445 -21.020964 -8.713585 17.842407 53.357780 37.179165 -50.476330 8.582499 8.121225 -4.352674 1.558178 -6.159657 -1.320374 10.644815 3.838175 6.604744 -24.926088 -31.020479 -85.421478 -4.642186 -15.075708 -0.124265 2.562971 -12.096766 -8.918966 -23.780561 2.929370 70.130684 2.302584 11.091471 0.105413 0.000001 0.000001 -0.000291 0.349480 17.340769 6.272395 1.542912 -6.447299 37.061493 5.069777 -9.508638 -22.834024 -0.000004 0.000007 -0.000294
4.357572 9.077176 10.387829 177.642151 81.604408 162.186356 -0.655694 -4.458349 33.507156 -0.000003 0.000005 -12.161667 0.000002 -0.000000 -0.005904 -0.000001 0.000007 5.829916 0.000004 -0.000007 12.605156 -4.111866 -0.478430 -11.371689 -1.554401 -10.526024 -4.582395 -22.045399 -8.649739 19.026625 53.708061 37.482304 -51.262547 9.159411 7.555110 -4.220445 1.953641 -6.716905 -1.991801 10.570535 4.868281 6.200143 -25.964867 -32.116783 -87.873009 -4.855039 -14.506679 -0.239634 3.307259 -9.751681 -11.819633 -22.514980 1.222382 66.888992 2.047886 9.924558 -2.370854 0.000005 0.000001 -0.000290 0.538387 17.445869 8.192935 1.965538 -5.511359 34.583897 4.008563 -10.377809 -20.743698 0.000005 0.000006 -0.000285
4.685909 9.173157 10.327442 176.784409 81.958023 162.336411 -0.819827 -5.464243 32.382675 0.000001 0.000007 -12.161668 -0.000000 -0.000003 -0.005904 0.000002 0.000001 5.829916 0.000000 0.000007 12.605157 -4.318768 0.738357 -10.583986 -1.430501 -11.289828 -4.710872 -23.076345 -9.081798 20.151590 54.028687 37.766914 -51.919609 9.503209 7.143952 -4.015428 2.281349 -7.213926 -2.551832 10.516334 5.185287 5.873173 -26.704889 -32.618111 -90.514511 -5.199131 -13.931295 -0.410386 3.676077 -8.310600 -13.702797 -21.391830 -0.707034 61.875763 2.354585 8.438928 -4.677076 0.000003 -0.000002 -0.000287 0.692167 16.947744 10.147731 2.099200 -4.459345 32.446690 2.464533 -11.236589 -17.448839 0.000002 0.000005 -0.000294
5.020831 9.278076 10.276398 176.464203 82.563889 162.772751 -0.780372 -6.048129 31.393024 -0.000001 0.000004 -12.161667 0.000002 0.000002 -0.005905 -0.000001 0.000001 5.829914 0.000003 -0.000007 12.605157 -4.468629 1.842051 -9.660531 -1.249223 -11.968291 -4.799560 -24.066523 -10.033141 21.349844 54.261223 37.994022 -52.260361 9.674171 6.777705 -3.694635 2.537537 -7.686442 -3.045415 10.552688 5.712739 5.601388 -27.620237 -33.334698 -92.423973 -5.618664 -13.495133 -0.942628 4.283800 -7.568438 -14.299514 -19.825331 -2.438552 54.752472 2.449144 6.761813 -6.432057 0.000001 0.000007 -0.000290 1.177651 16.857351 12.178511 2.382467 -3.310496 30.560852 0.440147 -12.490034 -13.163457 -0.000001 0.000005 -0.000295
5.362104 9.376827 10.235965 177.034760 83.513298 164.408234 -0.462605 -6.275930 29.891640 -0.000005 0.000009 -12.161664 0.000002 -0.000008 -0.005905 0.000001 0.000001 5.829915 0.000001 0.000001 12.605162 -4.680818 2.972091 -8.587133 -1.086667 -12.457355 -4.882384 -24.880516 -11.105486 22.579269 54.254242 37.998013 -52.487213 9.638787 6.440460 -3.293926 2.759924 -8.068350 -3.432197 10.552114 6.758557 5.519421 -28.767136 -34.496246 -93.342285 -6.017281 -13.075543 -1.526489 5.449830 -7.131953 -14.036515 -17.472017 -3.481617 45.580235 2.229857 5.094762 -7.753027 -0.000001 0.000003 -0.000287 1.900305 17.458195 13.538848 2.798991 -2.283689 29.255388 -1.907061 -14.046355 -8.159548 0.000002 0.000002 -0.000298
5.711776 9.460431 10.196439 177.702576 84.242241 166.589767 -0.085021 -6.680897 27.768311 0.000001 0.000010 -12.161665 0.000001 -0.000015 -0.005905 -0.000002 -0.000001 5.829913 0.000002 0.000005 12.605160 -4.970540 4.105226 -7.552978 -0.961040 -12.787517 -4.843402 -25.445000 -12.174008 23.538393 53.838802 37.790264 -52.706490 9.492391 6.132264 -3.054363 2.973860 -8.353716 -3.719445 10.437650 7.887022 5.713591 -30.249105 -35.746727 -93.406525 -6.602649 -12.494864 -1.993917 6.774013 -7.887217 -13.021487 -14.334904 -2.730419 34.738995 1.912807 4.346251 -9.665039 0.000004 0.000008 -0.000289 2.484257 18.036800 13.944914 3.254899 -1.248410 28.707966 -4.341753 -15.728857 -2.689164 0.000000 0.000006 -0.000295
6.072041 9.526683 10.152831 178.301300 84.599205 168.502609 0.304843 -7.333905 25.824444 -0.000004 0.000002 -12.161670 0.000004 -0.000001 -0.005904 0.000001 -0.000000 5.829915 -0.000002 0.000002 12.605159 -5.343532 5.087748 -6.876406 -0.900527 -13.105976 -4.707076 -25.667383 -13.180352 24.004955 53.068375 37.399506 -52.895863 9.216899 5.927757 -3.002326 3.153825 -8.655619 -3.859515 10.178212 8.765366 6.029727 -32.087601 -36.809917 -92.831589 -7.542505 -11.641106 -2.210374 6.837679 -8.467356 -11.195960 -10.491372 -1.359198 24.263830 2.171158 5.240383 -12.125244 -0.000005 0.000002 -0.000291 3.010411 18.262623 14.146606 3.861681 0.026026 28.851328 -6.806238 -17.608620 3.046575 0.000003 0.000006 -0.000287
6.441205 9.565128 10.107105 179.365341 84.778511 170.177551 0.755431 -7.838587 24.548214 -0.000002 -0.000003 -12.161663 0.000002 -0.000003 -0.005902 0.000003 0.000003 5.829913 -0.000001 -0.000007 12.605159 -5.654829 5.727558 -6.454843 -0.873810 -13.534377 -4.396239 -25.537344 -14.085990 23.961548 52.217228 36.761223 -53.020935 8.892904 5.686358 -2.972681 3.271111 -9.183967 -3.684417 9.855644 9.314401 6.318571 -34.011490 -37.633579 -91.966042 -8.326678 -10.908505 -2.203345 5.220898 -6.889771 -9.447985 -6.710602 -2.048118 16.453133 4.347241 7.692599 -13.507500 0.000005 0.000001 -0.000294 3.747220 18.262470 14.672843 4.650956 1.087932 29.846165 -9.499104 -19.265482 8.481301 0.000007 0.000001 -0.000289
6.816525 9.562630 10.061912 179.071442 84.742599 169.604370 0.973115 -8.188012 24.244246 0.000000 -0.000002 -12.161666 -0.000001 0.000003 -0.005905 0.000002 0.000006 5.829916 0.000001 -0.000003 12.605156 -5.933499 6.050209 -6.248139 -0.736943 -14.044483 -4.121047 -25.242256 -14.908707 23.634378 51.754559 35.948517 -52.833759 8.634536 5.327538 -2.918317 3.275145 -9.836142 -3.441065 9.678921 9.426119 6.675097 -35.706253 -38.167431 -91.114365 -9.159639 -10.144618 -2.246641 4.135803 -6.663172 -7.636616 -4.270599 -2.218819 11.690171 6.974877 10.284391 -14.605827 0.000000 0.000003 -0.000291 4.365403 17.772299 15.484409 5.600731 1.538048 32.047131 -12.371120 -20.170918 13.186628 -0.000009 0.000009 -0.000295
7.193374 9.512998 10.019574 176.332672 84.457977 165.668060 0.746798 -8.490580 24.890247 -0.000003 0.000008 -12.161671 0.000003 -0.000010 -0.005902 0.000000 0.000001 5.829916 0.000002 0.000003 12.605153 -6.076475 6.223580 -6.134989 -0.533644 -14.459941 -3.951374 -24.774267 -15.614383 23.245079 51.721237 35.040985 -52.306557 8.434001 4.977105 -2.990829 3.121078 -10.264250 -3.156490 9.572214 8.909636 7.034312 -36.997871 -38.299561 -90.229309 -10.006982 -9.686865 -2.222662 4.090365 -7.044296 -5.429427 -3.752696 -1.910665 10.208839 7.143225 10.484385 -15.188944 0.000007 0.000007 -0.000301 4.541676 16.673681 16.291006 6.713053 1.493084 35.751987 -14.982409 -20.348560 17.149513 -0.000002 0.000004 -0.000290
7.563248 9.413992 9.987147 172.447479 84.390038 160.675842 0.448608 -8.337954 25.475399 -0.000001 -0.000004 -12.161667 0.000001 -0.000003 -0.005903 0.000000 -0.000009 5.829914 0.000001 0.000001 12.605157 -5.989233 6.273112 -6.045626 -0.440029 -14.744180 -3.852645 -23.946836 -16.022562 22.706005 51.794498 34.079914 -51.695713 8.212607 4.706481 -3.168453 2.902278 -10.334681 -3.046690 9.355106 8.013762 7.544936 -37.732639 -38.059460 -89.102287 -10.971849 -9.443221 -1.832225 5.698872 -10.439095 -4.475277 -5.425705 2.307047 12.713351 3.526725 7.945306 -15.027904 -0.000006 0.000003 -0.000290 4.408022 15.357795 16.080170 8.143223 1.817173 40.916969 -17.564373 -20.666004 21.165939 0.000005 0.000005 -0.000292
7.910549 9.273064 9.964981 167.453308 85.226730 155.143661 0.505145 -7.123424 25.714331 -0.000001 0.000004 -12.161667 0.000003 -0.000000 -0.005904 0.000001 0.000003 5.829916 -0.000001 -0.000000 12.605162 -5.730000 6.180758 -5.886403 -0.392707 -14.777357 -4.059445 -22.879551 -16.124317 22.075289 51.824917 33.214767 -51.182617 7.944271 4.538633 -3.379730 2.743620 -10.160724 -3.255342 8.939386 7.101624 8.306026 -37.696957 -37.397648 -87.799683 -12.021270 -9.447064 -1.072796 7.188056 -12.985261 -5.438252 -7.027756 7.525185 17.636265 3.236955 6.121481 -14.553796 -0.000003 -0.000001 -0.000288 4.431631 15.072090 14.725823 10.222793 2.171472 46.836700 -20.369537 -21.075941 25.160879 0.000009 0.000006 -0.000290
8.216785 9.125224 9.993173 161.305176 85.718384 147.723663 0.467602 -6.078736 27.011173 -0.000001 0.000004 -12.161667 0.000003 -0.000003 -0.005903 0.000000 0.000001 5.829915 0.000004 -0.000007 12.605158 -5.573043 6.002508 -5.805206 -0.292806 -14.634104 -4.320930 -21.575802 -15.983486 20.929996 52.087746 32.335300 -50.491081 7.556858 4.594621 -3.700828 2.570235 -9.853781 -3.593524 8.281037 6.584579 9.345495 -36.966732 -36.409718 -86.152893 -13.226470 -9.952850 -0.093988 6.598430 -11.415615 -5.821227 -6.525951 7.345059 24.926662 0.565500 5.343940 -14.075511 0.000003 0.000006 -0.000292 4.320107 14.664085 13.616093 13.018845 2.118707 52.680614 -22.998945 -20.745123 29.076342 0.000000 0.000008 -0.000294
8.542518 8.987755 9.947815 178.402267 85.788803 162.869034 1.887923 -6.421561 28.670679 -0.000005 0.000010 -12.161668 0.000004 0.000001 -0.005903 0.000001 -0.000004 5.829914 0.000002 -0.000008 12.605159 -5.762753 5.994187 -5.824715 -0.098393 -14.339168 -3.993328 -20.250919 -15.302761 18.709860 52.778931 31.138554 -49.215343 6.568640 4.640845 -4.031588 1.868182 -9.360953 -3.385917 7.967556 7.051849 10.686795 -36.135780 -35.360077 -83.466225 -13.499002 -10.742267 1.160194 8.586631 -12.390572 -6.349257 -6.698803 8.476048 32.766083 -2.703128 3.714837 -16.812677 0.000002 0.000003 -0.000295 4.809782 13.306646 12.574399 16.252554 1.689704 58.001087 -23.762850 -19.235415 29.570332 -0.000002 0.000004 -0.000293
8.863535 8.900761 9.928944 -154.364594 85.745171 -171.938721 4.371137 -5.796556 31.263187 0.000000 0.000001 -12.161667 -0.000002 -0.000008 -0.005905 0.000003 0.000009 5.829914 0.000002 -0.000007 12.605162 -5.774139 5.047678 -6.690849 -0.059322 -14.240968 -4.363636 -18.464535 -14.269894 15.894168 53.375023 30.079567 -48.298531 4.980114 4.384420 -4.377477 1.667393 -9.375428 -3.670915 7.447362 7.887964 11.833597 -34.912079 -34.445713 -80.405373 -11.244966 -11.486884 1.675163 10.265461 -14.430335 -4.747759 -7.367157 8.749875 37.113201 -4.290390 4.747211 -20.744528 -0.000002 0.000001 -0.000292 6.986825 11.496503 11.222303 17.860231 1.746615 63.637775 -21.251995 -18.767998 25.600914 -0.000002 0.000006 -0.000295
9.181631 8.856650 9.952090 -142.068695 86.776695 -160.392166 5.183187 -3.948281 32.092327 -0.000002 -0.000007 -12.161670 0.000003 -0.000003 -0.005904 0.000001 0.000001 5.829916 0.000002 0.000008 12.605162 -5.761940 4.611532 -6.629679 -0.149584 -13.382323 -4.023591 -16.852192 -12.618690 13.001638 53.885147 29.799191 -48.522892 4.050272 4.607962 -4.834672 1.580505 -8.676990 -3.319741 6.772283 7.632123 13.025992 -32.994694 -32.790459 -78.002319 -7.256616 -12.697965 0.386071 9.813438 -13.313408 -1.603740 -8.669411 5.765604 37.832451 -5.254691 7.441555 -23.260372 -0.000007 -0.000000 -0.000283 7.864419 12.684571 8.897766 19.214350 0.600216 67.898903 -17.283123 -18.676359 20.720306 -0.000010 0.000010 -0.000298
9.486159 8.837399 9.967349 -133.831863 86.636635 -151.591980 6.010956 -2.475520 31.694786 -0.000003 0.000001 -12.161669 0.000000 -0.000001 -0.005902 0.000000 0.000005 5.829914 0.000002 -0.000003 12.605157 -5.382901 3.845573 -6.033888 0.025748 -12.725055 -4.363131 -15.643241 -10.658576 10.677424 53.906452 30.494610 -49.864086 4.715645 5.147877 -4.745420 1.374874 -8.062189 -3.108603 6.434465 6.639604 14.320863 -30.069082 -30.732826 -76.968338 -4.505194 -14.030592 -1.224206 9.978446 -13.869205 -0.425269 -8.956510 5.650038 38.715870 -5.690865 7.831486 -25.320129 -0.000004 0.000001 -0.000290 8.600003 14.673227 5.264706 20.304991 -1.544489 70.248978 -13.031578 -18.303804 16.011988 0.000007 0.000003 -0.000294
9.787431 8.856175 9.947307 -137.946487 85.748909 -155.390045 6.386566 -1.854133 31.027689 -0.000003 0.000005 -12.161666 0.000003 -0.000005 -0.005907 0.000001 -0.000003 5.829917 0.000000 0.000001 12.605160 -4.541114 3.172833 -4.693645 -0.208317 -11.862188 -4.660272 -14.512004 -8.751343 8.900799 53.619076 31.870571 -51.828167 5.801502 5.789040 -4.261858 1.184402 -7.464720 -2.624720 6.631817 6.617017 16.173018 -26.243670 -29.836750 -77.646088 -3.246226 -15.954316 -2.003647 9.793624 -13.204313 0.842412 -8.146642 4.612761 39.216438 -5.821499 6.652325 -26.291548 0.000007 0.000006 -0.000293 8.749817 15.910770 1.849557 20.745546 -3.283481 71.120094 -9.145493 -17.120317 11.582810 0.000012 0.000002 -0.000295
10.108738 8.894301 9.919832 -137.985016 85.720070 -155.472977 6.703441 0.105537 30.855516 -0.000002 -0.000008 -12.161665 0.000003 -0.000001 -0.005905 0.000001 0.000000 5.829915 0.000001 -0.000005 12.605155 -3.370791 1.983434 -3.546734 -0.558156 -11.392353 -5.030866 -13.623019 -7.286036 7.150750 53.519775 33.554794 -53.747742 6.719505 6.429322 -3.706082 1.150737 -6.990578 -2.206378 7.594705 7.526119 18.172142 -23.444246 -30.410557 -78.677040 -3.293913 -17.562195 -2.440304 9.262633 -12.075910 3.570837 -7.578261 3.305286 38.054802 -5.791807 5.979659 -26.550432 0.000005 0.000006 -0.000294 8.627261 17.297138 -0.970428 20.287876 -4.037649 70.982986 -5.962380 -15.417200 7.448558 -0.000002 0.000009 -0.000295
10.420008 8.972057 9.895952 -136.781647 86.010757 -154.645340 7.064165 2.600642 31.220743 -0.000003 0.000007 -12.161666 0.000001 0.000003 -0.005906 0.000003 0.000003 5.829917 -0.000000 -0.000011 12.605157 -2.179002 0.343808 -2.844384 -0.984583 -11.045783 -5.486135 -12.859449 -6.725105 5.756722 53.746834 35.679722 -55.387299 7.535681 7.002053 -3.107423 1.169642 -6.500175 -1.990027 9.065495 8.697199 20.044510 -23.166882 -31.625214 -78.733841 -4.043596 -17.510349 -2.733876 8.707232 -11.459517 7.090447 -7.672486 2.055486 35.826462 -5.596129 6.560203 -25.371040 -0.000002 0.000006 -0.000288 8.340261 18.319035 -3.252365 18.805052 -4.053823 69.955780 -3.416770 -13.519386 3.846591 0.000001 0.000005 -0.000292
10.723792 9.063384 9.862532 -144.193283 85.918358 -161.504105 6.971602 4.568328 30.766966 -0.000004 0.000003 -12.161668 0.000001 -0.000005 -0.005904 -0.000001 -0.000000 5.829916 0.000004 -0.000003 12.605159 -1.160913 -1.333518 -2.530718 -1.511789 -10.336843 -5.966460 -12.196717 -6.554764 4.957717 53.998016 37.836121 -57.336037 8.360331 7.451746 -2.579397 1.069909 -5.844524 -1.961745 10.530625 9.111113 21.799681 -25.343319 -32.294212 -77.759384 -4.397002 -16.699883 -3.266334 7.932972 -11.558583 9.488628 -7.750237 1.455111 33.458008 -4.824301 7.287246 -22.825615 -0.000002 0.000006 -0.000301 7.011022 18.144444 -6.243273 16.842663 -3.239175 67.779037 -2.024854 -11.818812 1.387105 -0.000002 0.000005 -0.000292
11.022368 9.166303 9.826200 -149.485474 85.792480 -165.623138 6.791574 6.504547 29.617786 -0.000005 0.000003 -12.161664 0.000001 -0.000008 -0.005904 0.000004 0.000007 5.829914 -0.000001 -0.000009 12.605158 -0.390461 -2.795818 -2.299603 -2.067213 -9.327768 -6.154601 -11.698767 -6.020388 4.425467 53.922947 39.492226 -59.924721 9.191235 7.577512 -2.183971 0.909738 -5.110031 -1.874908 11.612153 8.923236 23.402597 -28.116034 -32.195114 -76.611275 -4.081542 -15.110579 -3.919362 7.213988 -11.102532 11.185554 -7.242881 0.877730 31.293673 -4.036878 7.546822 -19.095539 -0.000003 0.000011 -0.000295 5.471791 17.240757 -9.348965 14.916254 -1.547622 64.213249 -2.143010 -10.705396 0.038768 0.000004 -0.000002 -0.000292
11.322463 9.283439 9.786645 -152.704498 85.821342 -167.956680 6.548275 8.420650 28.731567 -0.000003 0.000005 -12.161665 0.000002 -0.000005 -0.005905 0.000001 0.000011 5.829916 0.000001 -0.000001 12.605156 0.136971 -3.975402 -2.111206 -2.480191 -8.226727 -6.152370 -11.420517 -5.248754 3.981500 53.666256 40.690495 -62.524666 9.902932 7.430034 -1.932921 0.764047 -4.376655 -1.717870 12.429873 8.877655 24.740913 -30.094969 -31.874741 -75.818916 -4.130944 -13.969396 -4.224536 6.604489 -10.388736 12.827089 -6.926720 -0.156186 29.437532 -3.412483 8.022695 -14.455299 -0.000002 -0.000000 -0.000295 4.176140 16.222380 -11.450413 13.009653 0.494251 59.120541 -2.730073 -10.133698 -0.722039 -0.000003 0.000002 -0.000280
11.628453 9.401017 9.737524 -158.535629 85.540688 -173.005814 6.163190 10.047356 27.845081 -0.000003 -0.000002 -12.161665 0.000002 -0.000002 -0.005903 -0.000000 0.000002 5.829912 0.000000 0.000002 12.605158 0.482606 -5.188524 -1.907654 -2.788870 -7.395467 -6.053351 -11.334421 -4.756784 3.657861 53.630825 41.669945 -64.305634 10.359845 7.283730 -1.752225 0.648866 -3.949100 -1.418112 13.074289 9.258132 25.724360 -31.123547 -31.643423 -75.321327 -4.123588 -13.098724 -4.220250 5.835522 -10.293966 14.702003 -6.898711 -1.294138 27.330040 -2.904967 8.893305 -9.174724 0.000003 0.000002 -0.000289 2.853198 15.170790 -12.646107 11.161739 2.601762 52.413883 -2.943006 -10.051983 -1.002169 0.000001 0.000002 -0.000283
11.939332 9.505894 9.677948 -166.648544 84.596550 179.953278 5.510582 11.196882 26.619635 -0.000001 -0.000000 -12.161667 0.000000 0.000005 -0.005901 0.000002 0.000002 5.829914 0.000003 -0.000000 12.605159 0.745299 -6.566613 -1.804193 -3.037583 -7.010562 -5.935504 -11.366195 -4.664234 3.394378 53.834843 42.542061 -65.150925 10.528028 7.257644 -1.565627 0.601933 -3.920882 -1.070518 13.429447 9.898474 26.360922 -31.151968 -31.465668 -75.248100 -4.534883 -12.888947 -3.524910 5.023297 -10.818143 16.123055 -7.068222 -2.368330 25.252129 -2.216084 9.819316 -3.380060 0.000004 -0.000002 -0.000296 1.092449 14.561602 -13.090778 9.033406 3.872859 43.929218 -3.164827 -9.886436 -1.249195 -0.000001 0.000007 -0.000296
12.256124 9.590408 9.622284 -170.472733 83.800613 177.644760 4.916198 12.376817 24.922438 -0.000002 -0.000003 -12.161664 0.000002 -0.000007 -0.005905 -0.000000 0.000003 5.829916 -0.000000 -0.000010 12.605155 0.903063 -7.777057 -1.820764 -3.214497 -6.692431 -5.735626 -11.528988 -4.887275 3.240544 54.062988 43.360767 -65.481255 10.571319 7.383056 -1.306149 0.574485 -3.927541 -0.678833 13.392308 10.440882 26.639448 -30.307674 -31.102039 -75.600021 -5.293025 -12.885706 -2.440293 4.839539 -10.899653 16.832872 -7.466198 -3.231625 23.483829 -1.188224 10.495151 2.657660 0.000002 0.000003 -0.000287 -0.862769 15.844967 -12.893798 6.653237 3.148397 34.170063 -4.134859 -9.791612 -2.441604 0.000002 0.000007 -0.000293
12.578052 9.649974 9.573948 -169.135742 83.432182 -179.595840 4.739293 13.482948 23.323282 0.000002 -0.000000 -12.161669 -0.000002 -0.000009 -0.005903 0.000004 0.000009 5.829914 0.000000 0.000002 12.605160 0.919653 -8.542822 -2.032582 -3.324323 -6.181933 -5.491258 -11.807865 -5.132677 3.280471 54.185871 44.021172 -65.690628 10.673797 7.637094 -1.060419 0.486051 -3.594605 -0.300633 13.027004 10.579680 26.552935 -29.077030 -30.501457 -76.057861 -5.673341 -13.070280 -1.682810 5.476737 -10.446583 17.151318 -8.064999 -3.305129 22.655260 0.141428 10.483524 8.262252 -0.000003 0.000005 -0.000289 -1.404397 17.176600 -12.117952 4.289596 3.280334 25.044249 -5.833607 -11.341904 -4.492862 0.000002 -0.000007 -0.000292
12.903550 9.678578 9.521925 -163.567657 82.999886 -173.468964 5.207147 13.850156 22.548855 0.000000 0.000005 -12.161665 0.000001 -0.000010 -0.005903 -0.000002 0.000005 5.829914 0.000001 0.000007 12.605162 0.728346 -8.714917 -2.369068 -3.404986 -5.346573 -5.239194 -12.207820 -5.223345 3.521179 54.487808 44.321720 -65.571358 10.710307 7.843158 -0.963347 0.348171 -3.038926 -0.002100 12.462243 10.630562 26.330748 -27.840956 -29.892607 -76.373314 -5.615017 -13.344588 -1.569638 6.458381 -9.793360 17.159529 -8.572053 -2.653277 24.033150 1.918517 10.054339 12.865195 -0.000003 0.000003 -0.000292 -0.206293 17.272905 -11.051209 2.150405 4.516075 18.524134 -8.972401 -13.666260 -7.165340 -0.000004 0.000002 -0.000301
13.231601 9.667595 9.455960 -156.430557 82.262772 -166.991409 6.287437 13.429526 22.943426 -0.000001 -0.000003 -12.161670 0.000004 0.000002 -0.005901 -0.000000 -0.000000 5.829916 0.000001 -0.000005 12.605158 0.356674 -8.471874 -2.775724 -3.440394 -4.501174 -5.066687 -12.618325 -5.091351 3.938408 55.084839 44.190163 -64.851463 10.644318 7.780316 -1.043977 0.146443 -2.316646 0.257330 11.855896 10.651458 26.023033 -27.013336 -29.414404 -76.374695 -5.299650 -13.327587 -1.625560 7.339605 -9.149779 17.106318 -9.109758 -2.521206 27.890484 3.784917 10.792585 16.547564 -0.000001 0.000004 -0.000295 1.061379 17.071548 -9.665648 1.165287 4.865277 15.085501 -11.672148 -15.194979 -9.918726 -0.000005 0.000002 -0.000298
13.562776 9.607779 9.379365 -149.878540 81.710228 -161.783310 7.507434 12.783542 24.097923 -0.000003 -0.000002 -12.161668 0.000003 -0.000009 -0.005903 -0.000001 0.000002 5.829914 0.000004 -0.000000 12.605162 -0.160598 -7.909594 -3.430902 -3.364531 -3.842120 -5.206367 -12.961761 -4.713815 4.583282 55.692104 43.612541 -63.660103 10.649125 7.524482 -1.169420 0.007528 -1.615986 0.367082 11.143950 10.829952 25.732668 -27.036587 -29.045259 -75.893066 -5.290009 -13.000889 -1.465626 7.835439 -8.541381 16.717804 -10.383345 -3.591462 33.633892 6.041969 14.000253 20.547470 -0.000007 0.000002 -0.000288 1.068925 17.225891 -7.884836 1.779846 3.294538 14.140808 -11.210196 -14.521986 -12.715203 -0.000001 -0.000000 -0.000294
13.891786 9.492290 9.299980 -144.914597 81.752144 -158.110016 8.263101 12.302923 25.253500 -0.000001 0.000005 -12.161670 0.000000 -0.000007 -0.005905 0.000002 -0.000003 5.829918 0.000001 -0.000002 12.605159 -0.792915 -7.017542 -4.314314 -3.237638 -3.372572 -5.403975 -13.246612 -4.406154 5.245761 56.143936 42.748764 -62.105320 10.783345 7.136284 -1.293679 0.049559 -1.049534 0.424170 10.266665 11.230701 25.474590 -27.576525 -28.730310 -75.262390 -5.562517 -12.802902 -1.297640 7.524937 -7.861619 15.641570 -12.749388 -5.108254 40.506824 9.918443 18.692656 25.049406 0.000000 0.000001 -0.000291 0.750308 19.481384 -7.232620 2.152502 -1.551326 16.462849 -6.209561 -11.354897 -11.614980 -0.000003 -0.000002 -0.000295
14.217187 9.339354 9.213868 -144.000504 81.815346 -159.070801 8.498258 11.297223 26.950741 -0.000005 0.000010 -12.161663 0.000003 -0.000002 -0.005904 -0.000001 -0.000000 5.829915 0.000004 -0.000002 12.605157 -1.459616 -5.926145 -5.049657 -3.140319 -3.188872 -5.594601 -13.339845 -4.265665 6.074979 56.131725 41.770878 -60.393593 10.951666 6.784941 -1.445230 0.246468 -0.837833 0.427841 9.278472 11.839463 25.241589 -27.826723 -28.458197 -74.954506 -5.576266 -12.836990 -1.436888 6.226196 -7.959893 14.681410 -15.829500 -5.648756 47.756443 16.135265 21.889450 29.594261 0.000005 -0.000003 -0.000295 2.407657 19.532187 -6.309663 -0.787959 -5.426544 20.871372 0.860746 -6.245309 -9.154292 -0.000004 -0.000002 -0.000304
14.522338 9.202369 9.077641 -151.071030 80.892883 -168.932999 7.741925 8.663254 29.462776 -0.000002 -0.000003 -12.161669 0.000003 -0.000003 -0.005904 0.000001 0.000007 5.829916 0.000001 -0.000010 12.605153 -1.867712 -4.611285 -5.347868 -3.007347 -3.475240 -5.630157 -13.047083 -4.073631 6.912200 55.291565 40.624298 -58.826698 11.203372 6.701255 -1.437006 0.422051 -0.853182 0.359348 8.476860 12.379340 24.774004 -27.663427 -28.144617 -74.937523 -5.041140 -13.005241 -1.745343 3.992577 -9.375101 14.354599 -19.472198 -5.315873 54.813232 20.924549 21.739950 31.707573 0.000007 -0.000000 -0.000294 1.557288 16.271975 -3.733783 -1.552215 -7.406703 24.353060 4.743351 -1.547486 -5.812657 0.000006 -0.000006 -0.000291
14.814052 9.044630 8.968364 -166.616592 80.627609 173.993317 5.046238 7.793071 30.274202 -0.000003 0.000005 -12.161666 0.000002 -0.000002 -0.005902 0.000000 -0.000003 5.829914 0.000002 -0.000000 12.605156 -1.613245 -3.982578 -4.838409 -2.246273 -4.824484 -4.647126 -13.115520 -4.530833 7.731615 54.171169 39.175720 -56.713844 11.174006 7.453652 -1.130601 0.625411 -1.192567 1.202714 8.032525 11.819487 23.310362 -27.693569 -27.693998 -74.543480 -3.790282 -13.285297 -1.844723 0.889771 -10.626016 12.700191 -23.271036 -3.008935 60.664280 21.471104 21.156551 27.976639 -0.000002 0.000000 -0.000295 -1.864973 16.335539 -5.546273 -0.334819 -8.403341 33.037338 5.442193 -0.690106 -9.539505 0.000001 0.000004 -0.000303
15.106255 8.952595 8.881097 179.127762 81.140137 158.911438 2.891359 7.640606 32.511620 -0.000006 0.000005 -12.161668 0.000003 -0.000005 -0.005904 0.000002 -0.000002 5.829915 -0.000000 -0.000005 12.605161 -1.852175 -3.106473 -6.547153 -2.090471 -4.870649 -5.035047 -13.373986 -7.071964 8.577536 52.821735 38.095459 -54.027081 9.158232 8.719166 -0.783337 -0.195062 -0.981838 0.005337 8.624712 10.785625 20.809446 -27.823889 -27.349651 -73.612762 -2.065983 -13.702391 -1.563662 -1.907696 -8.990706 9.479029 -24.391197 -0.507310 66.527786 18.836655 20.080513 22.102707 -0.000003 0.000003 -0.000290 -2.754765 16.426788 -6.035067 -0.507113 -5.881295 39.213074 6.076750 -1.529763 -13.447708 0.000008 0.000005 -0.000300
15.379916 8.892099 8.795574 -179.907166 81.047371 160.960083 2.506018 6.490630 31.533154 -0.000005 0.000007 -12.161667 0.000000 0.000009 -0.005904 0.000001 -0.000007 5.829914 0.000004 -0.000009 12.605159 -2.290406 -2.206164 -7.431699 -2.412958 -4.622682 -4.637697 -13.041423 -8.815763 10.124462 50.086178 36.928883 -52.995457 4.269444 10.228681 -1.355442 -0.680657 -1.035193 -0.492627 8.950139 9.843730 17.964659 -26.328514 -27.205894 -74.068718 -1.107786 -15.390581 -1.023341 -1.976812 -9.137962 3.950931 -24.213873 2.427202 70.895065 15.151643 18.290983 16.624474 0.000004 -0.000001 -0.000295 -3.096577 19.460835 -5.884530 0.943471 -7.360855 41.522194 6.186056 -3.420827 -16.934542 -0.000007 0.000004 -0.000291
15.651138 8.868827 8.720756 -176.997452 81.453278 164.097916 2.563682 5.285622 31.656906 -0.000005 0.000013 -12.161667 0.000002 -0.000018 -0.005906 0.000001 0.000009 5.829914 0.000003 -0.000009 12.605164 -3.051353 -0.880138 -8.416130 -2.715203 -4.287749 -4.609665 -12.856521 -8.516266 11.578474 46.920387 35.353485 -54.084995 -1.134992 11.026900 -2.424550 -0.848414 -1.042436 -1.419108 8.454124 8.949039 15.912579 -22.337078 -27.076757 -77.795166 -1.493796 -17.953350 -0.776368 -1.363234 -10.305525 -0.336535 -24.141443 5.827489 72.863213 11.744533 16.635832 11.942366 -0.000003 0.000003 -0.000290 -2.514021 22.039736 -4.676678 1.838493 -8.129401 42.706608 6.579193 -4.985380 -19.437841 0.000005 0.000006 -0.000293
15.928593 8.884216 8.657215 -172.183838 81.635170 167.959137 3.234533 4.210810 32.810360 0.000001 0.000003 -12.161670 -0.000001 0.000006 -0.005903 0.000002 -0.000000 5.829915 0.000003 0.000003 12.605158 -3.755844 -0.124372 -9.052482 -2.702354 -4.872443 -4.655724 -13.727429 -7.495309 13.139851 45.231647 34.218082 -55.624432 -4.010354 10.293499 -2.978391 -0.514410 -1.412831 -2.262863 7.314128 8.042185 14.404968 -18.126953 -26.793068 -82.885918 -2.684041 -19.501579 -0.672990 -0.260051 -11.774236 -2.685004 -24.929569 8.269107 72.505547 9.283992 15.497039 8.019860 -0.000005 0.000004 -0.000295 -1.011455 22.416616 -2.444879 1.119657 -8.847681 44.015385 6.773404 -4.096101 -21.163506 0.000009 0.000003 -0.000293
16.210401 8.922559 8.590850 -168.804062 80.402023 170.257111 3.758645 2.359923 33.795376 -0.000003 -0.000004 -12.161668 0.000002 -0.000005 -0.005904 0.000004 0.000011 5.829913 0.000002 -0.000006 12.605160 -4.370866 -0.044079 -9.559671 -2.596224 -6.164161 -4.617584 -15.842935 -7.858132 14.663303 46.304783 34.280479 -55.315319 -3.799898 9.134854 -3.098866 0.025456 -2.358998 -2.831905 6.404016 7.746648 12.802488 -17.016914 -26.893711 -86.409294 -3.571918 -19.688940 -0.498239 0.436949 -13.223187 -4.474857 -25.428410 8.946578 71.155365 7.406288 14.297203 4.073802 -0.000000 -0.000000 -0.000288 0.275038 19.790882 0.167241 0.678591 -7.596679 44.516464 6.769252 -3.785594 -22.272728 0.000002 0.000004 -0.000296
16.491796 8.979365 8.529658 -167.122345 79.306900 171.599579 3.998132 0.532450 34.098770 -0.000006 0.000015 -12.161671 0.000002 -0.000009 -0.005905 0.000001 -0.000000 5.829916 0.000003 -0.000006 12.605157 -5.073364 0.212731 -10.237132 -2.627119 -7.082952 -4.774715 -18.585920 -9.566191 16.047369 48.810734 35.246964 -53.441864 -2.384543 8.674291 -2.954621 0.432451 -3.009872 -3.390613 5.879059 8.331600 11.279741 -18.577402 -28.058142 -88.196793 -3.666116 -18.929573 -0.727078 1.150707 -12.833280 -6.682505 -25.145960 7.726586 69.387695 5.851063 12.651196 1.043848 -0.000001 0.000007 -0.000288 0.774637 17.789598 2.465549 1.204378 -6.425914 43.960529 6.422036 -4.329642 -22.937977 -0.000006 0.000006 -0.000301
16.768428 9.048544 8.478427 -165.813187 79.785545 173.722382 4.249660 0.341842 33.392910 -0.000000 0.000003 -12.161666 0.000001 0.000008 -0.005905 -0.000000 -0.000009 5.829913 0.000002 0.000001 12.605157 -5.530370 0.582828 -10.878191 -2.736771 -7.656983 -5.000925 -21.127878 -11.143855 17.291880 50.559414 36.350681 -51.989769 -1.330878 8.510671 -2.701263 0.745939 -3.469407 -4.044454 5.499903 8.881868 10.219918 -21.180790 -29.382801 -89.275124 -3.975267 -17.483006 -1.068064 1.999603 -9.858228 -9.402594 -24.346210 5.111923 66.680695 4.689219 10.529267 -1.661355 0.000003 -0.000002 -0.000291 0.985734 17.918320 3.898368 1.853953 -5.847952 42.733299 5.765337 -5.038927 -22.770069 -0.000003 0.000004 -0.000293
17.037504 9.126186 8.413359 -165.908707 80.061699 174.996384 4.053055 0.088874 31.965094 0.000000 0.000009 -12.161666 0.000001 -0.000009 -0.005906 0.000002 0.000004 5.829914 -0.000001 -0.000000 12.605160 -5.628074 1.037066 -11.247694 -2.808535 -7.986378 -5.096976 -22.892397 -11.396267 18.418941 50.612770 36.803272 -52.252445 -0.811606 8.379652 -2.514605 1.083462 -3.747967 -4.484771 5.199864 8.849634 9.463706 -23.905870 -30.310371 -90.116112 -4.726266 -15.674654 -1.434349 2.258316 -7.258941 -11.995134 -23.474060 1.983932 62.397850 4.434187 8.606457 -3.376450 -0.000001 0.000001 -0.000295 0.864439 17.883905 4.868515 2.160385 -5.414308 41.373177 4.851335 -5.703018 -21.646719 0.000001 0.000006 -0.000292
17.309251 9.214193 8.339692 -167.815262 79.769203 174.254395 3.534956 -0.530753 30.476992 -0.000003 0.000006 -12.161664 0.000001 -0.000013 -0.005904 0.000000 0.000008 5.829913 0.000004 -0.000006 12.605158 -5.498576 1.355207 -11.328093 -2.869457 -8.211944 -4.961169 -23.949732 -10.873337 19.463003 49.673424 36.649754 -53.493652 -0.478589 8.313745 -2.398469 1.368390 -3.958003 -4.611646 5.050415 8.599528 8.914488 -26.274588 -31.178375 -90.707085 -5.476897 -14.122349 -1.889088 1.910341 -6.114649 -13.511649 -22.064947 -1.061034 56.261192 4.606263 7.141358 -4.595611 0.000002 0.000002 -0.000293 0.645073 17.197227 5.938179 2.423668 -4.591879 40.219757 3.718920 -6.815629 -19.777225 0.000012 0.000003 -0.000293
17.590249 9.304750 8.272157 -169.133179 79.473106 173.860794 3.274455 -0.897024 29.162647 0.000001 -0.000000 -12.161663 0.000002 0.000001 -0.005905 0.000001 0.000008 5.829916 0.000003 -0.000009 12.605153 -5.302742 1.380218 -11.413609 -2.973234 -8.435871 -4.752998 -24.759344 -10.654704 20.446449 48.771679 36.484257 -54.483715 -0.057650 8.255549 -2.242471 1.570952 -4.241832 -4.638816 5.062011 8.569609 8.568352 -27.901865 -32.212288 -91.099312 -6.026055 -13.145370 -2.226579 1.823937 -6.266422 -13.672757 -19.247242 -2.836406 48.029716 4.447496 6.189221 -6.052608 0.000003 0.000008 -0.000292 0.675378 16.609589 7.060279 2.811790 -3.579804 39.344864 2.469989 -8.298159 -17.399185 -0.000003 0.000003 -0.000296
17.881181 9.387074 8.214170 -169.107925 79.554863 174.721527 3.401131 -0.621249 28.040110 -0.000003 -0.000002 -12.161666 0.000005 0.000009 -0.005905 -0.000002 -0.000009 5.829913 0.000002 0.000001 12.605162 -5.115335 1.130299 -11.705998 -3.101143 -8.656096 -4.607957 -25.514654 -11.038094 21.353888 48.271904 36.539314 -54.872711 0.577235 8.263138 -1.980903 1.748622 -4.627378 -4.674734 5.209603 8.652443 8.377348 -28.589279 -33.200203 -91.592506 -6.351404 -12.810616 -2.178015 2.278764 -7.858346 -12.575800 -14.986542 -1.201568 38.002464 4.028732 6.328850 -8.459468 0.000005 0.000005 -0.000290 0.959918 16.636581 8.016089 3.342277 -2.773688 38.832676 1.201239 -9.809812 -14.703224 0.000002 -0.000004 -0.000298
18.176431 9.450583 8.156313 -168.522614 79.591515 176.107117 3.645937 -0.204122 27.137640 -0.000004 0.000015 -12.161664 0.000002 -0.000009 -0.005906 -0.000001 -0.000006 5.829917 0.000002 -0.000007 12.605162 -5.003052 0.746908 -12.341432 -3.218401 -8.723583 -4.552976 -26.060204 -11.750379 22.088804 47.874523 36.693123 -55.040844 1.318735 8.365579 -1.795829 1.856785 -5.025560 -4.762669 5.456786 8.603673 8.327574 -28.409990 -33.890011 -92.364914 -6.742365 -13.022003 -1.722283 1.981511 -9.177050 -10.693203 -10.430674 2.502254 28.007690 4.468640 7.666862 -11.321573 0.000002 0.000001 -0.000285 1.268670 16.789364 8.671869 3.972959 -2.247866 38.931740 -0.023371 -11.142425 -11.829267 0.000003 0.000001 -0.000294
18.467451 9.485658 8.096000 -168.612610 79.237381 176.495697 3.719661 0.084237 26.700197 -0.000001 0.000001 -12.161667 0.000000 0.000005 -0.005902 0.000002 -0.000009 5.829913 -0.000001 0.000006 12.605160 -4.795283 0.217175 -13.207907 -3.242097 -8.698951 -4.518450 -26.303358 -12.422590 22.589205 47.345863 36.821365 -55.380451 1.968972 8.503743 -1.774424 1.948893 -5.484610 -4.828989 5.756060 8.374107 8.396485 -27.810131 -34.263760 -93.176231 -7.314521 -13.484885 -1.251633 -0.031189 -6.675947 -8.982799 -6.688865 3.377670 19.961664 6.240634 9.733320 -13.117057 -0.000001 0.000003 -0.000292 1.486814 16.820007 9.010929 4.743294 -2.181550 40.141621 -1.172108 -12.255474 -8.865592 0.000003 0.000001 -0.000296
18.755935 9.482665 8.035705 -170.256866 78.076317 174.855026 3.389714 -0.133559 26.722467 -0.000003 0.000009 -12.161664 0.000002 -0.000008 -0.005906 -0.000000 -0.000002 5.829915 -0.000000 -0.000000 12.605163 -4.453812 -0.442732 -14.088707 -3.190124 -8.683892 -4.424760 -26.232422 -12.778578 22.885511 46.660831 36.884216 -56.018127 2.461874 8.606315 -1.804097 2.040691 -5.930413 -4.836811 6.074261 7.903226 8.621138 -27.455099 -34.457664 -93.527618 -7.755524 -13.871285 -1.017642 -1.848143 -4.550652 -7.245279 -4.375419 3.631000 14.131714 6.698164 10.702552 -14.535616 -0.000004 0.000007 -0.000292 1.452190 16.180252 8.789799 5.708118 -2.310941 43.093605 -2.232365 -13.236273 -5.809606 0.000003 0.000003 -0.000294
19.045511 9.439254 7.982744 -171.970947 76.069565 172.330566 2.948037 -0.802875 27.444231 -0.000001 0.000006 -12.161667 0.000000 -0.000003 -0.005902 0.000001 0.000001 5.829914 -0.000002 -0.000002 12.605156 -4.104619 -1.369017 -14.845154 -3.080248 -8.773152 -4.288454 -26.033983 -12.864971 23.049183 46.009491 36.903702 -56.734879 2.792895 8.677209 -1.821597 2.031528 -6.347301 -4.670993 6.275754 7.176364 8.838997 -27.650583 -34.548191 -93.052063 -7.891159 -13.902973 -1.052084 -2.547843 -4.376190 -5.177241 -3.343749 3.878194 12.137035 7.664702 9.953021 -16.840342 -0.000003 0.000002 -0.000298 1.419907 14.842072 8.308263 7.067488 -2.462579 47.859932 -3.132290 -14.359924 -2.587303 0.000000 0.000001 -0.000295
19.338365 9.351904 7.952615 -171.833603 73.995384 171.175873 3.018391 -1.232934 28.553770 -0.000003 0.000002 -12.161669 0.000003 -0.000005 -0.005902 0.000001 0.000009 5.829915 0.000002 -0.000007 12.605158 -3.910922 -2.544006 -15.569757 -3.020486 -8.852868 -4.175807 -25.853838 -12.937593 23.118759 45.746216 36.916122 -57.079617 2.971509 8.739507 -1.887889 1.856871 -6.660240 -4.473221 6.283039 6.309289 9.123484 -28.202387 -34.457500 -91.769714 -7.895447 -13.702623 -1.272353 -1.012258 -5.914668 -3.778046 -5.034712 4.330212 13.235328 11.329879 10.884116 -16.181021 0.000002 0.000009 -0.000295 2.051778 13.945736 7.484066 8.858120 -3.075304 53.706314 -4.587648 -15.537031 0.937410 0.000003 0.000002 -0.000294
19.628171 9.217643 7.949548 -169.373917 72.780914 172.538040 3.987583 -0.620745 29.599415 0.000000 0.000003 -12.161665 0.000001 -0.000009 -0.005902 0.000001 0.000002 5.829915 0.000001 0.000002 12.605155 -3.568912 -3.806251 -16.328190 -3.066820 -8.911173 -4.337860 -25.604366 -12.900286 23.100176 46.042126 36.869183 -56.860073 2.999931 8.715884 -2.016839 1.761317 -6.802905 -4.552967 5.941789 5.521491 9.653532 -28.414425 -34.071114 -90.190651 -7.858322 -13.542603 -1.623495 1.127608 -9.942896 -3.519782 -6.701590 7.647326 16.852087 12.930913 11.167950 -13.697755 -0.000001 0.000005 -0.000293 3.501688 14.343553 5.869921 10.983232 -4.290715 59.820702 -5.897781 -16.464071 4.940273 0.000000 0.000002 -0.000297
19.902379 9.051904 7.958004 -165.044510 72.551529 175.841644 5.712934 0.967510 30.759214 -0.000001 -0.000003 -12.161670 0.000000 -0.000009 -0.005901 0.000002 -0.000002 5.829913 0.000001 0.000007 12.605161 -2.869925 -4.866950 -17.046249 -3.240621 -8.833693 -4.389163 -25.057526 -12.555867 22.486317 46.718819 36.588482 -56.248283 2.854555 8.466105 -2.193987 1.708624 -6.542778 -4.742909 5.359241 4.990576 10.422739 -27.829187 -33.388180 -88.734093 -7.693997 -13.766596 -2.040710 2.521062 -9.723535 -4.304507 -6.222470 9.076444 21.399044 13.387731 8.712762 -7.896284 0.000003 0.000005 -0.000290 5.362064 15.832910 3.858129 13.885188 -5.562185 65.526764 -5.886311 -17.411888 8.404118 0.000000 0.000006 -0.000292
20.173873 8.909577 7.960761 -160.855988 71.688980 178.711578 7.442207 1.587109 31.990124 -0.000004 0.000003 -12.161669 0.000000 -0.000003 -0.005903 0.000003 -0.000000 5.829916 0.000003 -0.000005 12.605159 -2.166979 -5.384507 -17.824884 -3.304807 -8.677835 -3.711973 -24.464054 -11.589481 20.537046 48.016598 35.801899 -54.823318 2.343487 8.044569 -2.429743 1.183507 -5.703740 -4.392587 4.980380 5.219025 11.235238 -26.590515 -32.567474 -87.062355 -7.035307 -14.621366 -2.502636 4.535344 -10.708795 -6.165549 -5.778286 9.200172 29.730280 7.592270 9.065383 -10.408581 0.000001 0.000009 -0.000289 6.469285 16.301126 2.202740 17.890451 -6.319132 69.949181 -5.895099 -17.154196 9.278618 -0.000002 0.000008 -0.000294
20.422086 8.805267 7.888379 -158.169876 69.251511 179.585449 9.504714 0.773257 34.047291 -0.000003 0.000007 -12.161667 0.000003 -0.000007 -0.005904 -0.000000 -0.000000 5.829916 0.000001 -0.000002 12.605158 -1.694141 -6.471844 -19.458061 -3.132803 -8.616659 -4.194133 -24.848188 -10.720138 18.334888 50.153553 34.814346 -51.988571 1.028865 7.499209 -2.681724 0.052144 -5.561905 -3.990064 4.832877 6.764683 11.933045 -25.296253 -32.142113 -84.725479 -4.616965 -15.344955 -3.208413 6.033853 -15.759285 -7.003310 -6.413866 9.599853 36.776821 3.704481 11.199934 -15.166578 -0.000004 0.000005 -0.000289 7.128129 14.772607 0.650680 19.740156 -7.358408 74.016518 -3.902982 -14.311011 5.250713 0.000002 0.000004 -0.000290
20.667806 8.761321 7.835668 -160.203430 68.853714 176.034668 9.794386 2.439656 36.031002 -0.000002 -0.000003 -12.161673 0.000001 0.000002 -0.005903 0.000003 -0.000000 5.829916 0.000001 0.000002 12.605158 -0.777226 -7.629721 -20.602015 -3.186511 -8.769475 -4.059366 -24.548491 -9.572976 15.102182 51.607651 34.113449 -49.703846 -0.664327 7.087033 -3.313659 -0.024058 -5.473849 -3.414503 3.944865 7.551095 12.775333 -25.149881 -31.282522 -81.852142 -0.532797 -15.164852 -3.914776 4.931855 -15.566344 -5.069860 -8.641663 6.622967 39.635963 2.709327 14.185150 -18.135473 0.000004 -0.000002 -0.000296 6.808889 15.348622 -0.882847 19.354317 -8.339466 77.775688 0.194864 -11.662081 1.567278 0.000000 -0.000000 -0.000293
20.905502 8.741733 7.787304 -161.907990 67.586761 174.156921 9.624533 3.642534 36.309990 -0.000005 0.000007 -12.161668 0.000004 -0.000002 -0.005903 -0.000001 -0.000007 5.829915 0.000002 -0.000000 12.605157 0.164673 -8.241042 -21.110291 -2.790551 -8.796718 -3.916290 -23.984962 -7.569072 11.647526 51.795513 33.925625 -49.361115 -1.267593 7.533714 -4.058829 0.124902 -5.202439 -2.993563 3.324519 7.029283 13.561177 -26.430592 -29.444031 -79.020340 3.126234 -13.185001 -4.842923 4.271080 -17.216454 -3.649455 -9.589322 6.855502 40.730602 2.131642 14.466196 -20.528091 0.000008 -0.000000 -0.000291 6.133820 16.414289 -3.321074 19.332060 -9.492302 79.346397 2.575081 -11.066232 -1.003027 0.000009 -0.000000 -0.000294
21.130153 8.751548 7.724365 -162.757065 65.307503 173.499832 9.525649 4.137947 35.814327 -0.000006 0.000012 -12.161665 0.000003 -0.000002 -0.005904 -0.000001 -0.000002 5.829916 0.000003 -0.000002 12.605158 0.899495 -8.706711 -21.061584 -2.604285 -8.630879 -4.175411 -23.121469 -5.300044 8.792584 50.709553 34.349003 -50.835529 -0.263461 8.246998 -4.227286 0.185833 -4.809683 -2.813347 3.628022 6.862766 14.567272 -29.099131 -28.508535 -76.425323 5.017565 -10.710125 -5.482499 4.071839 -18.618864 -2.755610 -8.871088 8.466259 42.103184 2.232526 11.679387 -22.582478 -0.000005 0.000003 -0.000284 5.040411 16.737469 -6.136950 19.013515 -10.363811 79.411407 2.141858 -11.433358 -3.314219 0.000010 -0.000000 -0.000289
21.343069 8.787075 7.649172 -163.525742 63.253139 173.022751 9.472066 4.740050 35.034031 -0.000002 0.000002 -12.161668 0.000002 0.000003 -0.005904 -0.000001 -0.000007 5.829916 0.000004 -0.000000 12.605160 1.131495 -8.861377 -20.574539 -2.790681 -8.061680 -4.508769 -22.326752 -3.470157 6.281250 49.134701 35.336613 -53.160683 1.370760 9.163634 -4.185225 0.294907 -4.224516 -2.786628 4.426776 7.376096 15.849010 -31.085779 -28.736420 -75.076866 5.274303 -9.707662 -6.039709 3.689111 -17.337030 -1.651870 -8.568154 6.652874 42.910519 2.404700 9.874482 -23.741318 -0.000005 0.000002 -0.000293 4.041500 16.527924 -8.870420 17.077282 -10.153557 78.969360 1.536208 -11.686684 -5.774662 -0.000002 0.000003 -0.000289
21.549955 8.839679 7.568818 -164.051468 61.517822 172.997849 9.795581 6.313195 34.020767 -0.000003 -0.000000 -12.161665 0.000004 0.000002 -0.005905 -0.000000 -0.000007 5.829912 0.000001 -0.000005 12.605161 1.220845 -9.429171 -20.024792 -2.978845 -8.017999 -4.830789 -21.812887 -2.799222 4.023156 48.101986 36.770821 -55.151585 3.250896 10.365441 -3.955642 0.447784 -4.232228 -2.812100 5.581840 8.028192 17.029852 -30.754055 -29.653328 -75.595398 4.725816 -10.350059 -6.476672 3.505608 -15.364467 -0.204892 -9.342646 3.118141 42.503315 2.720735 9.688488 -24.014633 -0.000003 0.000003 -0.000294 3.515628 15.798648 -11.457964 13.783333 -8.585313 77.912201 1.581469 -11.005061 -8.072024 0.000002 -0.000002 -0.000292
21.748235 8.905555 7.475994 -164.654541 59.232304 173.037552 9.997479 7.428460 32.806576 -0.000002 0.000007 -12.161664 0.000002 0.000003 -0.005905 0.000002 -0.000010 5.829915 -0.000000 0.000007 12.605156 1.096033 -9.875746 -19.640804 -3.156613 -7.788478 -5.182230 -21.412764 -3.293933 2.328062 47.609859 38.598709 -56.777672 4.841558 11.337962 -3.564282 0.536579 -4.159414 -2.911081 6.709605 8.217189 17.960241 -29.226816 -30.487076 -77.173546 3.899839 -11.700454 -6.736877 3.243361 -14.722188 1.652565 -9.983796 0.542521 40.931797 3.487773 9.541409 -23.279808 0.000006 0.000002 -0.000296 3.130947 14.474632 -13.609550 10.445210 -6.334611 75.368095 1.449376 -9.368300 -9.785923 -0.000002 0.000002 -0.000295
21.941406 8.984787 7.377566 -164.956207 57.028236 173.238434 10.543774 8.767393 31.805573 0.000000 0.000003 -12.161665 -0.000000 -0.000007 -0.005905 0.000002 0.000003 5.829913 0.000003 0.000002 12.605158 0.768956 -10.421535 -19.520252 -3.455780 -7.611668 -5.435599 -20.956669 -3.857254 1.103845 47.483063 39.966240 -58.379951 5.510238 11.771851 -3.489933 0.443825 -4.249904 -3.120971 7.544263 7.959957 18.593134 -28.167837 -30.944166 -78.442154 3.075556 -12.722582 -6.801062 3.327509 -14.508029 3.693795 -10.051637 -0.689198 38.961895 4.409496 8.470192 -21.775961 -0.000007 -0.000000 -0.000288 2.956520 13.576676 -14.892219 8.545892 -3.497188 70.904137 1.292084 -7.577247 -11.003720 0.000002 0.000005 -0.000292
22.128000 9.071516 7.266705 -165.258362 54.703205 173.422867 11.040201 10.131472 30.742573 -0.000005 0.000002 -12.161668 0.000004 -0.000003 -0.005901 0.000000 -0.000003 5.829913 0.000000 -0.000003 12.605160 0.387215 -10.960889 -19.383221 -3.774657 -7.559987 -5.444651 -20.501783 -3.667575 0.188002 47.638672 40.306984 -60.077682 5.586681 11.334837 -3.762642 0.290287 -4.479371 -3.257501 8.151435 7.576192 18.923107 -27.939449 -31.191196 -78.932259 2.422205 -12.941501 -6.547704 3.346716 -14.415380 5.772924 -9.809503 -1.838709 36.892529 5.315691 7.269485 -19.590103 -0.000003 0.000003 -0.000289 2.811775 13.142269 -15.353815 7.957636 -0.024208 64.872963 1.195370 -6.244273 -12.188429 0.000005 0.000003 -0.000298
22.305583 9.158315 7.140823 -165.787308 51.886757 173.591675 11.074711 11.143515 29.295511 0.000001 0.000005 -12.161668 0.000002 -0.000002 -0.005903 -0.000002 0.000005 5.829916 0.000001 -0.000005 12.605159 0.113279 -11.400206 -19.014715 -3.941951 -7.564177 -5.354603 -20.137613 -3.027681 -0.416180 48.318115 39.876114 -61.415756 5.623556 10.251979 -3.993088 0.261846 -4.830815 -3.290035 8.559597 7.357651 19.102240 -28.094133 -31.415667 -78.927666 1.828861 -12.801612 -5.943239 3.143028 -14.822171 7.642012 -9.766190 -3.640945 34.798737 6.102683 6.758161 -16.759174 -0.000002 -0.000000 -0.000299 2.274976 13.532259 -15.172065 7.807205 3.780527 57.135365 1.092745 -5.613783 -12.800207 -0.000001 0.000012 -0.000290
22.480239 9.237117 7.007470 -166.286301 48.925827 174.195618 10.786088 12.035842 27.315540 -0.000000 0.000009 -12.161666 0.000001 -0.000009 -0.005907 0.000002 -0.000002 5.829917 0.000002 -0.000005 12.605156 -0.045990 -11.691581 -18.405073 -4.050019 -7.617990 -5.206501 -19.703745 -2.674755 -0.793340 49.508854 39.441387 -61.919872 5.662698 8.988482 -4.038689 0.303642 -5.219455 -3.250786 8.744902 7.283268 19.216026 -28.298126 -31.561226 -78.698494 1.025703 -12.747706 -5.108875 2.996588 -15.120064 9.026712 -9.834179 -6.218167 32.856026 6.749004 6.829393 -13.381308 -0.000000 0.000003 -0.000288 1.422331 15.225209 -14.519588 6.887005 7.007641 48.436665 1.100720 -5.076714 -13.423341 0.000000 0.000009 -0.000295
22.656928 9.306757 6.869977 -166.523132 46.049698 175.055817 10.428059 12.767262 25.217575 -0.000003 0.000005 -12.161667 0.000000 -0.000000 -0.005903 0.000002 0.000002 5.829916 -0.000001 -0.000005 12.605156 -0.132399 -11.718792 -17.629089 -4.156093 -7.587144 -4.906221 -19.204485 -2.986799 -1.096285 50.868202 39.470013 -61.724529 5.681630 7.974732 -3.995786 0.292565 -5.510832 -3.136076 8.757972 7.188637 19.273067 -28.522762 -31.522341 -78.293663 0.022131 -12.648541 -4.299615 3.214525 -15.079489 10.103104 -10.019808 -9.034097 31.302425 7.451829 6.856946 -9.596735 -0.000002 -0.000000 -0.000293 0.703297 18.394934 -13.204447 4.575326 9.087436 39.348011 0.905065 -4.410808 -14.031033 -0.000007 0.000002 -0.000288
22.836576 9.358182 6.731066 -166.266983 43.457550 176.376434 10.231430 13.411413 23.000641 -0.000002 0.000002 -12.161668 -0.000001 -0.000007 -0.005903 0.000002 0.000003 5.829916 0.000001 -0.000002 12.605158 -0.242846 -11.407466 -16.792236 -4.234171 -7.375599 -4.472976 -18.765278 -3.675270 -1.326798 51.891075 39.930401 -61.450073 5.725352 7.488936 -3.875412 0.186069 -5.615202 -2.961941 8.650980 6.990360 19.273531 -28.869059 -31.318872 -77.671440 -0.832627 -12.400972 -3.800653 4.162388 -14.701503 10.682559 -10.497652 -11.236515 30.392099 8.303678 6.501367 -5.415676 0.000009 0.000002 -0.000299 0.379349 23.474428 -11.654852 1.271607 10.125334 30.155146 0.220639 -4.514145 -14.069025 0.000001 0.000004 -0.000293
23.012706 9.382871 6.586645 -165.546295 40.900887 178.007156 10.284965 13.714024 20.661636 0.000001 -0.000000 -12.161671 0.000001 -0.000005 -0.005903 -0.000000 0.000002 5.829915 0.000000 0.000002 12.605159 -0.470703 -10.785482 -15.857061 -4.279529 -7.050404 -3.959157 -18.467861 -4.166578 -1.397814 52.133656 40.518589 -61.711075 5.898121 7.484763 -3.671530 -0.012025 -5.588630 -2.683641 8.435049 6.768910 19.253365 -29.299223 -31.054674 -76.901596 -1.340797 -12.081099 -3.525834 5.661427 -14.185561 10.445257 -11.191747 -12.015918 30.808764 9.715464 5.380170 -1.813652 0.000005 0.000002 -0.000294 0.528143 28.928480 -10.658323 -1.214447 10.439193 23.555538 -1.578172 -4.771181 -14.306481 -0.000002 0.000004 -0.000293
23.177566 9.377266 6.431681 -164.480515 38.100716 179.425140 10.664257 13.495266 18.758715 -0.000003 0.000002 -12.161668 0.000004 -0.000002 -0.005907 -0.000003 0.000003 5.829916 0.000002 -0.000009 12.605159 -0.751699 -10.015517 -15.079294 -4.231460 -6.864233 -3.626332 -18.269905 -4.209188 -1.340483 51.699924 40.957050 -62.401573 6.275705 7.726050 -3.356154 -0.173078 -5.595208 -2.436054 8.117931 6.647347 19.185755 -29.559324 -30.852839 -76.186913 -1.605848 -11.806338 -3.347817 7.328690 -13.243875 9.521636 -11.788638 -12.313161 33.260246 11.373025 3.906060 1.556821 0.000001 0.000007 -0.000289 0.035314 33.458809 -10.228228 -1.333004 10.704461 19.382418 -1.577959 -4.722375 -14.533171 -0.000001 0.000007 -0.000291
23.330039 9.338221 6.265017 -163.464249 35.272789 -179.962189 11.210144 12.913879 17.764397 -0.000001 -0.000002 -12.161670 0.000003 0.000002 -0.005902 0.000000 0.000003 5.829912 0.000001 -0.000005 12.605163 -1.129964 -9.133156 -14.661366 -4.084364 -6.733255 -3.642536 -18.176132 -4.133645 -1.136560 51.148792 41.207512 -62.852303 6.685018 7.980265 -2.968179 -0.238539 -5.576952 -2.279183 7.683088 6.594325 19.045216 -29.554605 -30.742334 -75.656219 -1.892967 -11.762320 -3.038547 8.420535 -11.773869 8.384739 -12.570674 -13.860380 37.816151 12.138539 4.289978 5.220163 0.000002 0.000003 -0.000298 -1.871109 36.160297 -9.914649 0.653369 9.203988 16.881449 1.518507 -3.156523 -14.177142 0.000003 0.000004 -0.000296
23.477367 9.263823 6.095103 -162.886948 32.764214 179.481552 11.643410 12.186921 18.016676 -0.000003 0.000005 -12.161670 0.000002 -0.000000 -0.005905 -0.000002 -0.000000 5.829916 0.000002 -0.000005 12.605162 -1.712981 -8.085689 -14.773748 -3.897192 -6.547581 -3.755882 -18.184404 -4.301838 -0.997299 50.801823 41.421612 -62.769672 6.979313 8.202271 -2.636871 -0.231240 -5.488660 -2.211980 7.102366 6.543916 18.723091 -29.302078 -30.635448 -75.367859 -2.354430 -11.924918 -2.532469 8.465831 -10.677808 7.299690 -14.274418 -15.959355 44.120842 12.363586 7.083957 9.603170 -0.000003 0.000005 -0.000287 -2.328193 34.404694 -9.261245 1.855713 7.835651 17.647490 9.970592 -0.729704 -12.566821 -0.000001 0.000007 -0.000292
23.624471 9.162537 5.921559 -162.636139 30.499557 177.496094 12.062031 11.364194 19.597151 -0.000002 0.000002 -12.161663 0.000001 -0.000000 -0.005903 -0.000000 -0.000005 5.829914 0.000001 -0.000005 12.605157 -2.377728 -6.999372 -14.853175 -3.733450 -6.482172 -3.708878 -18.200560 -4.536768 -0.695716 50.430260 41.639759 -62.436302 7.111024 8.358430 -2.470290 -0.166337 -5.473490 -2.042308 6.423400 6.377614 18.228662 -29.010408 -30.449413 -75.194832 -3.044494 -12.250438 -2.057874 7.402145 -11.078852 6.769023 -16.771690 -16.492609 51.319603 12.305056 11.532459 15.034950 -0.000002 0.000002 -0.000297 -0.204650 28.520367 -8.209153 0.867512 6.630095 21.126816 15.012189 4.450482 -11.630054 0.000002 0.000004 -0.000297
23.774646 9.073597 5.732362 -163.231628 27.047483 173.256958 11.703799 9.018884 22.535246 -0.000003 0.000005 -12.161670 0.000002 -0.000007 -0.005903 0.000002 0.000003 5.829916 -0.000001 -0.000002 12.605154 -2.812497 -5.681311 -14.273338 -3.445046 -6.838370 -3.641671 -18.125715 -3.990894 0.029856 49.630966 41.505230 -62.124027 7.267153 8.377222 -2.512916 -0.031147 -5.326351 -1.444847 5.812244 5.876146 17.471180 -28.733496 -30.207359 -75.113350 -3.556181 -12.520180 -1.788394 4.922109 -13.790019 7.476421 -19.819391 -15.289198 58.291485 12.136738 16.574831 20.628958 -0.000003 0.000005 -0.000288 1.129285 22.957392 -4.972922 -0.127062 2.868490 24.558704 15.128229 10.841018 -11.996023 0.000000 0.000007 -0.000293
23.877525 8.954771 5.541167 -165.173370 24.371223 169.288101 9.931555 8.226808 24.516766 -0.000005 0.000009 -12.161664 0.000005 -0.000005 -0.005902 -0.000001 -0.000003 5.829912 0.000001 -0.000002 12.605158 -2.971232 -4.376484 -13.453270 -2.485063 -7.810001 -2.998679 -18.364426 -3.502297 0.660939 48.942364 40.607700 -60.562668 7.814495 8.711562 -2.375526 -0.441776 -4.999575 -0.696765 6.072010 4.507422 16.680637 -29.025282 -29.722439 -74.452850 -3.061784 -12.781634 -1.823361 2.284526 -15.036327 7.463516 -22.530325 -12.689105 63.795238 12.726618 19.114538 24.052465 -0.000002 0.000003 -0.000292 0.977947 19.299387 -4.104486 -0.690672 3.818519 30.542400 14.903747 11.976613 -14.429926 -0.000003 0.000006 -0.000295
23.951522 8.881437 5.366668 -168.525040 22.381199 165.514175 7.236373 8.545605 28.174128 0.000000 0.000009 -12.161670 0.000003 -0.000007 -0.005904 -0.000001 0.000004 5.829914 0.000002 -0.000009 12.605165 -3.335332 -3.295318 -14.773080 -2.302017 -7.617672 -3.865886 -18.061674 -5.685682 1.799321 48.955498 39.733879 -57.114639 7.565256 9.278236 -1.749766 -0.730079 -4.842620 -1.702860 6.509110 3.493111 14.940188 -29.880787 -29.255087 -72.843391 -1.754939 -12.279858 -1.704288 -1.208679 -13.573346 5.930156 -22.415142 -9.396252 69.335991 12.046995 15.995149 21.489595 -0.000005 0.000004 -0.000296 -0.271096 21.271780 -2.618564 -0.359638 3.491947 35.465931 14.717421 9.721112 -17.921984 0.000000 0.000005 -0.000298
24.000663 8.803514 5.218671 -169.951035 19.335087 166.740479 5.266105 7.425370 26.287539 -0.000004 0.000004 -12.161664 0.000005 -0.000000 -0.005907 -0.000002 -0.000007 5.829915 0.000002 0.000001 12.605161 -4.224207 -1.654791 -14.400382 -2.879402 -6.545730 -3.516786 -17.453585 -6.990333 3.528063 48.384575 38.128151 -54.426773 5.216049 9.533555 -1.952620 -1.169680 -4.174541 -1.423883 6.871861 3.011530 13.044563 -30.476059 -29.221687 -71.736099 -0.483463 -11.909380 -1.351016 -1.983633 -13.324120 -0.274631 -21.846720 -6.025784 74.094284 10.625056 11.439739 16.598785 -0.000002 -0.000001 -0.000291 -2.602320 24.871317 -3.516523 0.734294 0.237520 36.765903 14.702773 6.766883 -20.382467 -0.000001 0.000004 -0.000291
24.065145 8.778730 5.083092 -169.905090 17.550604 167.299149 5.263181 7.443539 26.133444 -0.000002 0.000004 -12.161667 0.000002 -0.000000 -0.005904 -0.000003 -0.000003 5.829917 0.000003 -0.000003 12.605159 -5.175199 -0.305659 -13.973835 -3.145982 -6.233312 -3.478396 -17.063307 -6.327231 4.984788 47.305111 35.403584 -53.128040 2.492615 9.479857 -3.205421 -1.515708 -3.989366 -1.557690 6.971681 2.221625 11.695110 -30.303308 -29.195555 -72.747581 -0.380051 -12.373255 -1.375315 -1.280206 -13.081988 -4.783847 -21.741673 -2.392804 76.748161 8.738188 7.628461 12.228251 0.000002 0.000001 -0.000291 -3.160405 27.395252 -3.125291 1.438141 -2.771245 37.104847 14.646742 5.543529 -21.710081 0.000001 -0.000001 -0.000292
24.129827 8.792142 4.941826 -169.678070 15.343590 166.675980 5.752759 7.116394 26.983080 -0.000003 0.000004 -12.161668 0.000001 -0.000004 -0.005903 0.000001 -0.000003 5.829917 0.000000 -0.000001 12.605158 -6.152036 0.855048 -13.086222 -3.225139 -6.450126 -3.558063 -17.356155 -4.785785 6.803716 45.759926 33.027115 -53.503849 1.535337 8.918557 -4.019368 -1.486567 -4.027271 -1.775167 6.521100 1.323176 10.894915 -29.407232 -29.266476 -75.300240 -1.774484 -12.576590 -1.322173 -0.014951 -13.479563 -7.037195 -22.590157 0.726948 76.962502 6.255900 5.398957 8.220567 0.000002 -0.000001 -0.000295 -2.912674 25.993692 -2.054937 1.018086 -4.153083 37.885345 14.479136 6.410945 -22.082296 0.000005 0.000001 -0.000291
24.185937 8.820163 4.796401 -169.322021 12.052727 165.942230 6.394830 5.966526 27.523304 -0.000001 -0.000002 -12.161669 0.000004 -0.000002 -0.005904 -0.000000 0.000005 5.829916 0.000002 -0.000008 12.605156 -7.122484 1.712271 -11.937593 -3.197348 -7.095163 -3.511058 -18.578102 -4.204137 8.988745 45.010227 32.249149 -53.875923 1.938359 8.801245 -4.184132 -1.232315 -4.324065 -1.857062 5.812999 1.294889 9.974438 -29.129208 -30.014120 -77.303436 -3.007642 -12.824877 -1.105824 1.366930 -14.254196 -8.469648 -24.009714 2.609430 75.549728 3.986202 5.320925 4.550609 0.000000 0.000003 -0.000292 -2.597338 21.284136 -0.892510 0.706221 -2.928051 38.406311 14.301591 6.730653 -22.084915 -0.000001 0.000005 -0.000296
24.231719 8.866064 4.646590 -169.254227 8.548035 165.166992 6.786439 4.663249 27.978476 -0.000005 0.000007 -12.161665 0.000003 -0.000007 -0.005905 -0.000001 -0.000001 5.829913 0.000003 -0.000003 12.605161 -8.103995 2.626028 -10.980397 -3.216016 -7.768506 -3.475938 -20.569778 -5.331876 11.075232 45.436169 33.078403 -53.073132 2.833731 9.057405 -4.152780 -0.875921 -4.557586 -2.054485 4.968890 2.030523 8.936139 -29.227144 -31.395788 -78.679558 -3.410866 -13.119918 -0.953524 2.403245 -14.428539 -9.460147 -25.702091 3.411011 72.923820 3.029334 6.459228 1.129661 -0.000002 0.000003 -0.000295 -2.855920 17.570990 0.768884 1.156954 -2.012325 38.039433 14.095294 6.022480 -22.090473 -0.000001 0.000003 -0.000286
24.262399 8.915926 4.501702 -169.521408 4.952716 165.433670 6.537827 3.411807 27.536722 -0.000002 -0.000000 -12.161667 0.000002 -0.000000 -0.005903 -0.000001 -0.000000 5.829914 0.000004 -0.000000 12.605162 -8.811098 3.747185 -10.317116 -3.179545 -8.283334 -3.658845 -22.738634 -7.090329 13.112719 46.091694 34.501472 -51.917912 3.947104 9.096418 -3.929641 -0.290594 -4.729991 -2.591715 4.059830 2.795954 8.251344 -28.995066 -32.743164 -80.491211 -3.684656 -13.373286 -0.773874 3.200205 -13.776762 -10.982433 -26.602015 3.131986 69.416016 3.022979 6.842484 -1.908132 -0.000003 -0.000002 -0.000297 -3.713625 15.325104 1.632522 1.469498 -2.471256 37.165604 13.944629 5.168271 -21.846424 0.000003 0.000003 -0.000288
24.282884 8.969809 4.362295 -169.716019 1.192945 166.617157 6.220650 2.338524 26.144871 -0.000001 0.000001 -12.161662 0.000003 -0.000003 -0.005905 0.000000 0.000001 5.829916 0.000001 -0.000005 12.605157 -9.084955 4.696092 -9.583414 -3.104533 -9.021319 -3.808784 -24.571257 -8.340699 15.068274 46.529373 35.422421 -51.063522 4.682064 9.181978 -3.594692 0.343339 -5.206905 -3.097356 3.308351 2.960474 7.959129 -28.405378 -33.569378 -83.109482 -4.144246 -13.593131 -0.616639 3.724741 -12.426290 -12.643400 -26.147848 1.655496 65.144928 2.940042 5.936847 -4.249703 0.000003 0.000006 -0.000292 -4.482112 14.015486 1.894972 1.501022 -3.970201 35.983036 13.827523 4.247135 -21.364914 0.000000 0.000004 -0.000296
24.297216 9.033941 4.220367 -169.741394 -2.832996 167.780029 6.024995 1.138276 24.524426 -0.000004 0.000002 -12.161662 0.000004 -0.000004 -0.005907 0.000002 0.000001 5.829918 -0.000000 -0.000003 12.605153 -9.083983 5.426286 -8.667138 -3.000523 -9.843325 -3.685523 -25.776617 -8.585374 16.806793 46.196716 35.454090 -51.151604 4.872438 9.227618 -3.265547 0.859775 -5.812434 -3.286484 2.905290 2.608449 7.738531 -27.858273 -33.996002 -85.923576 -4.668756 -13.655567 -0.570661 3.806615 -11.382434 -13.688564 -24.535707 -0.078525 59.969955 3.163122 4.504847 -6.178670 0.000000 0.000002 -0.000289 -4.852468 13.401977 2.395176 1.596694 -6.106611 34.620613 13.643753 2.850361 -20.716076 -0.000002 0.000006 -0.000288
24.316266 9.108528 4.066565 -169.350418 -6.364433 168.374786 6.415406 0.532385 23.348816 -0.000004 0.000003 -12.161666 0.000003 -0.000004 -0.005907 -0.000002 -0.000000 5.829918 0.000003 0.000001 12.605155 -8.984966 5.718695 -7.804247 -2.879633 -10.732483 -3.294385 -26.444244 -8.456441 18.284330 45.193939 35.094898 -51.928875 4.796729 9.183594 -2.991892 1.216409 -6.536632 -3.216918 2.940553 2.347428 7.308609 -27.836573 -34.517303 -88.030090 -5.184499 -13.563588 -0.697234 4.507373 -10.534813 -13.338061 -22.343948 -1.074142 53.242413 3.835372 3.366706 -8.310075 -0.000003 -0.000000 -0.000295 -4.406590 13.453689 3.322978 1.743925 -8.303329 33.381123 13.356393 1.189624 -19.804483 0.000002 0.000002 -0.000294
24.331314 9.182366 3.901738 -168.799255 -9.511921 168.613037 6.983589 0.167079 22.598684 0.000001 0.000001 -12.161669 -0.000002 -0.000003 -0.005902 0.000000 -0.000000 5.829916 0.000001 -0.000001 12.605158 -9.024085 5.838173 -7.316934 -2.754630 -11.336399 -2.887791 -26.946308 -8.723236 19.476999 44.254398 34.915314 -52.520069 4.655931 9.205989 -2.816673 1.472616 -7.078133 -3.152201 3.330766 2.531897 6.779997 -28.416119 -35.286900 -89.119766 -5.803761 -13.463667 -0.905303 5.511827 -10.631969 -11.713894 -19.474615 -0.193289 44.706898 4.586711 3.325744 -10.335638 -0.000001 -0.000006 -0.000293 -3.707724 13.270250 4.251664 1.974374 -9.984622 32.512733 12.880702 -0.360143 -18.613415 0.000000 0.000006 -0.000291
24.333755 9.243919 3.734070 -168.466232 -12.606017 168.901123 7.237809 -0.299514 21.976553 0.000000 0.000001 -12.161665 0.000003 0.000002 -0.005904 -0.000001 -0.000003 5.829917 0.000002 -0.000001 12.605157 -9.262259 5.964539 -7.261090 -2.638854 -11.608642 -2.559363 -27.390753 -9.366079 20.239658 43.681622 35.008327 -52.663601 4.474850 9.308213 -2.653357 1.731987 -7.362321 -3.202394 3.867051 3.041410 6.412046 -29.177570 -36.075600 -89.570824 -6.462448 -13.349607 -0.953308 5.500310 -9.535903 -9.372949 -16.390396 0.364905 35.766117 5.998472 4.750309 -12.103970 0.000003 0.000002 -0.000292 -3.328679 12.280838 4.761159 2.269328 -10.878937 32.166233 12.255455 -1.728987 -17.364981 0.000002 0.000004 -0.000297
24.328491 9.288083 3.568068 -168.438828 -15.282297 169.139481 7.220658 -0.537855 21.604614 -0.000003 0.000005 -12.161665 0.000002 -0.000003 -0.005905 0.000001 -0.000000 5.829916 0.000000 -0.000002 12.605155 -9.714813 6.176695 -7.470971 -2.574151 -11.562752 -2.183853 -27.619440 -9.956152 20.465704 43.258133 35.117092 -52.746277 4.307249 9.446001 -2.472778 1.986091 -7.378462 -3.229908 4.324933 3.394355 6.261297 -29.571840 -36.446129 -89.942039 -6.899023 -13.179683 -0.783245 4.466637 -5.887795 -6.965840 -13.592511 -0.472805 27.743059 8.337298 6.791811 -13.593887 -0.000002 0.000002 -0.000291 -3.182835 11.176073 4.998254 2.533793 -11.235682 32.486004 11.617616 -2.962731 -16.317423 0.000004 0.000003 -0.000287
24.314851 9.311042 3.405637 -168.615295 -17.866686 168.980408 7.073625 -0.698420 21.730074 0.000000 0.000002 -12.161667 0.000003 -0.000003 -0.005905 0.000001 -0.000002 5.829914 0.000000 -0.000005 12.605159 -10.287880 6.304215 -7.743630 -2.556163 -11.458062 -1.782026 -27.578829 -10.262232 20.301163 42.798763 35.141514 -53.024021 4.237197 9.544835 -2.299328 2.176474 -7.373918 -3.197729 4.678172 3.486696 6.333894 -29.432365 -36.319981 -90.383263 -6.950870 -12.986050 -0.654060 3.407783 -2.083183 -4.846404 -11.233182 -0.701977 21.657558 10.678026 7.968054 -14.721375 0.000000 0.000002 -0.000295 -3.041771 10.319226 5.336749 2.700034 -11.690293 33.659821 10.929955 -4.133298 -15.518962 -0.000000 0.000000 -0.000301
24.299482 9.308466 3.248733 -168.822769 -20.325350 168.417831 6.977047 -0.703288 22.248661 -0.000000 0.000002 -12.161670 -0.000001 0.000002 -0.005903 0.000002 -0.000003 5.829914 0.000001 -0.000000 12.605155 -10.896082 6.363647 -7.907182 -2.599038 -11.345490 -1.381379 -27.252867 -9.956637 19.709190 42.318329 34.750835 -53.530090 4.199748 9.520664 -2.228342 2.221932 -7.358515 -3.038188 5.001812 3.486017 6.531122 -29.247103 -35.935432 -90.412407 -6.748536 -12.870381 -0.670328 2.687072 0.824046 -3.886348 -9.261335 -0.683344 19.208138 13.283668 9.012478 -15.566886 -0.000004 -0.000003 -0.000299 -2.819793 9.783946 5.435766 2.846889 -12.087181 36.129673 10.138078 -5.430354 -14.813498 -0.000001 0.000005 -0.000289
24.292453 9.277297 3.097638 -168.923172 -22.429495 167.723022 7.114014 -0.271059 22.925903 -0.000001 -0.000003 -12.161668 0.000001 -0.000002 -0.005903 0.000002 -0.000002 5.829915 0.000001 -0.000002 12.605156 -11.513313 6.356792 -7.997784 -2.699300 -11.327150 -1.135854 -26.808632 -9.567422 18.967621 41.992310 34.514160 -53.830364 4.096816 9.393619 -2.223889 2.073308 -7.353336 -2.829240 5.297458 3.541009 6.815815 -29.237085 -35.431736 -89.769333 -6.570388 -12.779819 -0.676167 2.883868 0.819965 -3.968053 -8.511145 -0.866226 19.591541 17.050625 12.312653 -15.394357 0.000003 -0.000002 -0.000296 -2.345289 9.811922 4.643933 3.074443 -12.186694 40.247524 9.023276 -7.251925 -14.017371 -0.000001 0.000004 -0.000290
24.299301 9.215529 2.950381 -168.965179 -24.115633 167.203781 7.479412 0.795656 23.644117 -0.000003 0.000002 -12.161668 0.000005 -0.000002 -0.005905 -0.000003 0.000002 5.829917 0.000004 -0.000003 12.605157 -12.070780 6.186624 -8.242677 -2.781773 -11.450353 -1.227221 -26.412371 -8.934561 17.909578 42.077377 34.151798 -53.784184 3.892131 9.223967 -2.260574 1.851603 -7.461209 -2.795229 5.411642 3.674652 7.259409 -29.121410 -34.777500 -88.640465 -6.500931 -12.676142 -0.564365 3.424404 -3.456170 -4.404044 -8.452397 -0.033113 21.031700 18.368111 17.162546 -13.762237 0.000005 -0.000000 -0.000289 -1.462327 10.574650 2.672838 3.400886 -11.939638 46.015770 7.429783 -9.885589 -12.804865 0.000002 0.000002 -0.000285
24.319025 9.123676 2.803959 -169.100159 -25.821924 166.912155 7.709659 2.067356 24.329245 -0.000002 0.000003 -12.161666 0.000002 -0.000003 -0.005905 0.000000 0.000003 5.829915 0.000003 -0.000007 12.605152 -12.419474 5.939314 -8.642592 -2.687898 -11.384786 -1.598714 -26.270512 -8.539930 16.783392 42.680702 33.875492 -53.287689 3.728745 8.956313 -2.340582 1.761846 -7.587667 -2.845505 5.247952 3.646505 7.816572 -28.673702 -33.820282 -87.387939 -6.302411 -12.646724 -0.346794 3.823706 -8.127092 -5.110324 -8.964643 0.794007 24.045662 13.097979 18.337536 -13.552337 -0.000001 0.000003 -0.000292 -0.386182 12.078840 -0.075207 4.279607 -11.868039 52.441002 5.233963 -13.615663 -10.596953 -0.000000 0.000003 -0.000295
24.333717 9.057301 2.658127 -169.342026 -28.051559 166.102219 7.630883 2.907363 25.671768 -0.000002 -0.000000 -12.161664 0.000003 -0.000002 -0.005906 -0.000000 0.000002 5.829916 0.000001 -0.000005 12.605159 -12.545356 5.747384 -8.999574 -2.532302 -11.191216 -1.881455 -26.108360 -8.196370 15.263120 43.788723 33.451992 -52.524815 3.669656 8.576241 -2.409185 1.742247 -7.651384 -2.884409 5.084361 3.492426 8.411057 -28.203125 -32.652020 -85.984535 -5.927810 -12.628497 -0.059296 4.607726 -12.926174 -4.791651 -10.473867 4.532803 27.116493 12.043173 17.300518 -18.163689 -0.000001 0.000002 -0.000297 0.512447 13.686502 -2.349572 6.131371 -12.073262 58.477867 2.204787 -18.020674 -7.003740 0.000002 0.000006 -0.000295
24.345758 8.957476 2.497471 -168.934540 -30.678288 164.450409 8.006077 3.037956 27.383703 -0.000003 0.000003 -12.161670 0.000003 -0.000002 -0.005906 0.000001 -0.000000 5.829916 -0.000001 -0.000010 12.605158 -12.752167 5.891813 -9.323208 -2.459220 -10.927366 -1.501922 -25.816870 -8.136156 13.206448 45.003475 33.334526 -51.571682 3.452367 8.258521 -2.580718 1.345719 -7.404227 -2.626940 5.169534 3.309099 9.065519 -28.298370 -31.328060 -83.940079 -5.558848 -12.536848 0.327227 5.105687 -18.161232 -4.441939 -10.110519 10.198273 30.610155 9.614367 14.346565 -21.019934 -0.000001 0.000003 -0.000287 1.581856 14.733852 -4.181323 9.199318 -12.232020 63.512180 -1.005031 -22.525078 -2.160564 -0.000003 0.000002 -0.000294
24.347038 8.851381 2.330092 -166.961884 -32.349796 161.923615 10.075237 3.325714 29.239395 0.000001 0.000005 -12.161670 0.000001 -0.000002 -0.005902 0.000001 -0.000003 5.829912 0.000002 -0.000005 12.605161 -13.282328 6.267964 -9.907496 -2.278072 -10.491613 -1.705949 -25.714413 -7.649700 11.269091 45.082390 33.609497 -51.106518 2.434583 8.701180 -3.040878 0.377156 -6.919059 -2.306000 5.668176 3.898240 9.917448 -29.532810 -30.294655 -80.795906 -5.132688 -12.046009 1.125400 5.878492 -16.349512 -3.992065 -7.869169 9.702271 35.960495 8.210346 10.567825 -25.066137 -0.000002 0.000003 -0.000300 3.695870 16.057613 -5.703622 12.486082 -12.588359 67.378326 -4.877501 -25.677795 2.935121 -0.000005 0.000003 -0.000297
24.314851 8.795119 2.165598 -166.004471 -33.805904 159.778198 11.255547 3.944695 31.314703 -0.000005 -0.000000 -12.161666 0.000003 -0.000002 -0.005904 -0.000000 -0.000002 5.829915 -0.000001 -0.000003 12.605162 -13.632605 6.607172 -10.393681 -2.369639 -9.718939 -1.906310 -24.993185 -7.006373 9.296992 42.945164 34.675217 -52.471401 0.392089 10.521585 -3.558882 -0.148896 -6.415243 -1.985385 5.915306 5.249635 10.986197 -31.034538 -29.808117 -77.539192 -3.742163 -11.195464 1.648579 6.222050 -15.624498 -2.071090 -8.299497 7.532912 37.744076 7.514969 10.220306 -27.028297 0.000006 0.000002 -0.000291 4.921920 17.789566 -7.258628 14.534322 -13.588086 70.926247 -9.752573 -25.020576 6.296258 0.000002 0.000003 -0.000292
24.258155 8.767289 2.006520 -166.004288 -35.624683 159.187897 11.388048 4.591105 32.048939 -0.000001 0.000005 -12.161667 -0.000002 0.000005 -0.005904 0.000002 0.000002 5.829915 0.000003 -0.000002 12.605157 -13.869585 7.124948 -10.215545 -2.547018 -8.965848 -2.011248 -23.968323 -5.539202 7.164041 39.332905 35.734695 -55.533894 -1.088247 12.727083 -4.003708 -0.413692 -5.571432 -1.587159 5.908700 5.980240 12.373953 -32.158909 -29.311905 -75.422211 -1.657220 -11.069772 1.071677 6.040532 -14.617313 -0.518893 -9.497122 4.363770 38.522812 7.074897 10.731053 -28.436192 0.000004 0.000007 -0.000292 4.849120 18.856821 -9.547750 15.121119 -14.341781 74.109619 -9.912898 -21.712717 3.513175 0.000005 0.000005 -0.000294
24.176883 8.771929 1.854045 -165.898453 -38.135185 158.434906 11.306365 4.939319 32.655693 -0.000004 0.000003 -12.161665 0.000004 -0.000003 -0.005904 -0.000004 0.000002 5.829918 0.000004 -0.000007 12.605156 -13.625100 7.405086 -9.601759 -2.557498 -8.545977 -2.313896 -22.958805 -3.894904 5.195075 36.127270 36.355019 -58.971943 -1.078503 14.611385 -4.103122 -0.493808 -4.860285 -1.326384 6.185929 6.308931 13.979802 -32.711716 -29.032976 -74.828072 -1.381935 -11.090642 0.575863 5.580114 -14.782000 0.911609 -9.592514 3.090299 39.161835 6.993736 9.659239 -29.551090 -0.000000 0.000002 -0.000293 4.824034 18.537567 -11.363411 14.235169 -13.961456 76.579956 -5.464887 -18.340168 -0.897515 0.000002 0.000003 -0.000295
24.079696 8.804389 1.704824 -165.887924 -40.605530 158.010193 11.112335 5.548031 32.824448 0.000001 0.000003 -12.161668 0.000002 -0.000002 -0.005901 0.000001 -0.000005 5.829916 0.000003 -0.000002 12.605156 -13.049218 7.527256 -8.864450 -2.563490 -8.074321 -2.688250 -22.175337 -3.216300 3.769240 34.339371 37.311481 -61.755642 -0.383282 15.810755 -3.961620 -0.385718 -4.119528 -1.161624 6.902598 6.923158 15.721385 -33.332893 -29.560120 -74.697250 -2.684665 -10.791320 0.465703 5.159730 -15.045195 3.084229 -9.703914 1.821881 38.073051 7.110534 8.564837 -29.828754 0.000002 0.000002 -0.000290 4.766420 17.805836 -13.321704 12.577010 -12.707893 77.951454 -1.652884 -14.859418 -3.335891 0.000000 -0.000000 -0.000296
23.986045 8.847610 1.532849 -166.306122 -42.605682 158.436844 10.721188 6.839372 32.556633 -0.000002 0.000002 -12.161670 0.000004 -0.000005 -0.005904 -0.000001 0.000002 5.829916 0.000002 -0.000007 12.605162 -12.418449 7.420210 -8.440392 -2.671162 -7.411081 -3.167790 -21.281952 -3.577264 2.829468 33.929760 38.624813 -63.667637 0.067161 16.232679 -3.858460 -0.096980 -3.316408 -1.240125 7.976940 7.559049 17.425343 -34.615871 -30.579943 -74.233620 -4.020405 -10.449774 0.164329 4.595334 -15.673429 5.385977 -10.036074 0.841158 35.682854 7.380125 8.469917 -29.206791 0.000001 0.000003 -0.000280 4.266341 17.462667 -15.554187 11.388600 -10.996431 77.700706 -1.009209 -12.297587 -4.478617 0.000005 0.000007 -0.000294
23.867019 8.917259 1.403215 -167.051636 -44.897621 159.373352 10.085945 8.217941 32.082729 -0.000003 -0.000000 -12.161667 0.000001 -0.000003 -0.005906 -0.000001 0.000002 5.829915 0.000005 -0.000007 12.605160 -11.776560 6.857901 -8.243175 -2.887756 -6.826275 -3.656176 -20.250143 -4.286571 2.486827 34.472862 39.929440 -65.263359 0.107561 15.976336 -3.942553 0.164133 -2.736350 -1.456606 9.125498 7.746492 18.917118 -35.899120 -31.464584 -73.831619 -5.164412 -9.980466 -0.054267 3.451175 -17.025883 7.278605 -9.990365 0.537238 33.094631 7.895395 8.128110 -27.209146 0.000002 -0.000003 -0.000299 3.424113 16.422447 -17.593857 10.918120 -8.492895 76.045486 -1.765557 -11.531601 -5.576147 0.000005 -0.000002 -0.000289
23.732053 9.002862 1.285063 -167.840424 -47.181679 160.486725 9.381134 9.438022 31.505396 -0.000002 0.000003 -12.161668 0.000002 -0.000009 -0.005907 0.000000 0.000003 5.829917 0.000002 -0.000002 12.605160 -11.316762 6.325497 -8.164418 -3.106739 -5.993278 -4.098256 -19.294991 -4.426512 2.419083 35.764931 40.500374 -66.748405 0.178695 15.172829 -4.080450 0.258635 -2.105482 -1.625847 10.267838 7.493142 20.125528 -36.816620 -32.012711 -73.721703 -5.966348 -9.695382 -0.196208 2.189223 -17.492674 9.241260 -9.472410 -0.402510 30.419962 8.568542 7.502798 -24.000984 0.000006 -0.000003 -0.000296 2.762463 15.106290 -19.135223 10.355579 -5.435369 73.392601 -2.033038 -11.740124 -7.249277 0.000003 -0.000000 -0.000292
23.589023 9.099313 1.169993 -168.286057 -48.900234 161.394104 9.095826 10.908806 31.003487 -0.000003 -0.000000 -12.161666 0.000004 0.000002 -0.005902 -0.000003 -0.000010 5.829914 0.000003 -0.000002 12.605159 -11.083758 5.838987 -8.151052 -3.297379 -5.072665 -4.491259 -18.553387 -4.166237 2.564820 37.803535 40.689114 -67.826233 0.630613 13.763375 -4.163989 0.177266 -1.509272 -1.692824 11.357652 7.071211 21.027693 -37.191116 -32.338589 -73.887665 -6.414566 -9.653630 -0.287129 1.442714 -16.991095 10.726562 -8.977816 -1.786252 28.359751 9.167152 7.005497 -19.821484 -0.000003 0.000010 -0.000291 2.554437 14.270797 -19.997625 8.869270 -2.437323 69.698036 -1.900419 -11.235102 -9.079367 -0.000002 -0.000002 -0.000296
23.433587 9.198631 1.059284 -168.468796 -50.640606 162.255264 8.957251 12.192902 30.375624 -0.000003 0.000002 -12.161669 0.000005 -0.000003 -0.005904 -0.000003 0.000002 5.829915 0.000003 -0.000007 12.605162 -11.049564 5.313591 -8.210749 -3.461797 -4.307619 -4.801830 -17.980356 -3.810294 2.705888 40.568985 40.795044 -68.031418 1.517050 11.926110 -4.192772 -0.009638 -1.116537 -1.640246 12.323498 6.837846 21.650196 -37.023312 -32.590206 -74.156273 -6.579250 -9.765973 -0.229670 1.117633 -16.137566 12.120699 -8.592708 -3.287800 26.329128 9.806120 6.228723 -14.982278 0.000003 -0.000002 -0.000301 2.249725 13.718963 -20.418856 7.116629 0.301383 64.644875 -1.425510 -9.660313 -10.432987 0.000005 -0.000000 -0.000295
23.264680 9.294816 0.952980 -168.600372 -52.787922 163.154022 8.706593 13.020903 29.655033 -0.000002 0.000003 -12.161672 -0.000001 0.000007 -0.005904 0.000003 -0.000005 5.829914 -0.000002 -0.000003 12.605158 -11.134744 4.685404 -8.376778 -3.547475 -3.831297 -5.061619 -17.509449 -3.469760 2.728538 43.535049 40.894215 -67.489937 2.689881 10.083692 -4.183961 -0.143515 -0.973171 -1.563262 12.962258 6.851130 22.039427 -36.444775 -32.717018 -74.313408 -6.626503 -9.987592 0.027068 0.963143 -15.721785 13.064715 -8.427021 -4.326141 24.697580 10.389206 5.104970 -9.987809 0.000005 0.000003 -0.000293 1.378552 13.754077 -20.397932 5.745585 2.351111 58.444298 -0.685605 -7.784096 -11.928540 -0.000001 0.000007 -0.000294
23.085432 9.381629 0.846796 -168.680023 -55.208637 163.969406 8.388787 13.491783 28.985390 -0.000001 -0.000005 -12.161667 0.000002 0.000002 -0.005903 0.000001 -0.000002 5.829916 0.000000 -0.000002 12.605158 -11.245052 3.967831 -8.666422 -3.538035 -3.600250 -5.275587 -17.151369 -3.682653 2.801266 46.165985 41.470852 -66.475533 3.873510 8.748613 -4.092670 -0.143506 -1.085129 -1.458030 13.051979 7.059891 22.076172 -35.562355 -32.559200 -74.141800 -6.613192 -10.243819 0.365422 0.983635 -15.508689 13.782958 -8.492603 -5.399173 23.454247 10.638004 3.965008 -4.962384 -0.000005 0.000007 -0.000288 -0.041714 14.872845 -19.829706 4.894964 3.412185 51.504028 -0.436840 -6.567607 -13.675807 0.000004 -0.000002 -0.000291
22.899320 9.451179 0.734095 -168.607941 -57.479759 164.622284 8.142391 13.950155 28.290438 -0.000000 -0.000007 -12.161667 0.000003 0.000005 -0.005904 0.000000 0.000003 5.829916 0.000003 -0.000009 12.605158 -11.306809 3.253815 -8.910295 -3.452883 -3.509352 -5.382138 -16.848310 -3.892349 2.940544 47.724487 42.095959 -65.880379 4.759594 8.187324 -3.868311 -0.064133 -1.381113 -1.216255 12.594805 7.185831 21.788195 -34.437569 -32.050190 -73.795166 -6.315830 -10.438155 0.738884 1.425660 -15.048464 14.435986 -8.852732 -6.427650 22.555813 10.720208 2.713672 -0.194891 0.000001 0.000002 -0.000301 -2.052063 17.681919 -18.619026 4.685209 3.046836 43.931114 -0.721721 -6.598749 -15.050615 0.000003 0.000005 -0.000286
22.708248 9.492097 0.614228 -168.249283 -59.676983 165.074554 7.911168 14.259205 27.353491 -0.000000 0.000003 -12.161662 0.000002 0.000003 -0.005905 0.000000 0.000002 5.829916 0.000002 -0.000009 12.605155 -11.256711 2.668675 -8.927688 -3.302449 -3.487959 -5.315629 -16.600000 -3.915511 3.263516 48.210732 42.697823 -65.902901 5.300753 8.227653 -3.640229 0.014598 -1.748821 -0.888634 11.808866 6.944613 21.439014 -33.071133 -31.269102 -73.660652 -5.677957 -10.515926 1.048134 2.276057 -14.353962 14.527060 -9.377804 -6.919703 22.735050 10.644525 1.252208 3.791783 -0.000003 0.000005 -0.000297 -3.841318 21.122314 -17.516315 3.999914 1.495541 37.124252 -0.868222 -7.198856 -16.082680 0.000005 0.000008 -0.000295
22.513189 9.497137 0.491008 -167.431702 -61.915489 165.122253 7.672031 14.142100 26.337831 0.000000 0.000001 -12.161664 0.000001 -0.000000 -0.005905 -0.000001 0.000002 5.829915 -0.000002 -0.000004 12.605156 -11.034666 2.344059 -8.870337 -3.097579 -3.477354 -5.320835 -16.434074 -3.607350 3.729457 48.145145 43.008633 -66.143661 5.720155 8.455777 -3.524861 0.073569 -1.988612 -0.721602 10.943757 6.445971 21.121105 -31.806913 -30.447603 -73.606995 -4.893287 -10.631670 1.143063 3.206406 -13.607314 13.799993 -9.914520 -7.253528 24.741053 10.355186 0.329879 6.902986 -0.000003 0.000009 -0.000289 -4.715472 22.579842 -16.896544 2.876535 0.450537 32.619869 -1.389655 -7.345437 -16.966213 0.000005 0.000008 -0.000297
22.310308 9.466763 0.366127 -165.747574 -63.856155 163.894913 7.792223 13.804817 25.726624 -0.000001 0.000001 -12.161664 0.000002 0.000003 -0.005903 0.000001 0.000001 5.829915 0.000000 -0.000004 12.605159 -10.577342 2.286116 -8.709370 -2.843274 -3.395763 -5.319127 -16.354181 -3.353799 4.270762 48.331451 42.990429 -65.767487 6.152450 8.607640 -3.428599 0.161046 -2.130932 -0.629237 10.156606 6.066561 20.810102 -31.058687 -29.801403 -73.408188 -4.649367 -10.665313 1.263478 4.196033 -12.350480 12.789920 -10.768806 -8.516800 28.611523 10.164084 0.925280 9.576536 0.000003 0.000002 -0.000292 -5.168894 23.290493 -15.916445 2.340993 -0.978962 30.211374 4.166083 -5.639817 -15.135882 0.000004 0.000007 -0.000294
22.095979 9.402779 0.239744 -162.962570 -65.480164 160.307755 8.556508 13.149953 26.388296 -0.000002 0.000002 -12.161668 0.000003 -0.000002 -0.005903 0.000000 -0.000000 5.829915 0.000002 -0.000009 12.605157 -9.996077 2.397152 -8.455112 -2.584081 -3.308942 -5.321590 -16.391491 -3.598196 4.949655 49.263462 42.856689 -64.172562 6.509367 8.608904 -3.422580 0.309505 -2.187307 -0.560698 9.466367 5.916989 20.433773 -30.907873 -29.378386 -73.047806 -5.280340 -10.643826 1.526858 5.082761 -11.185980 12.565707 -12.074899 -10.181180 33.818802 10.105372 2.874369 12.253037 -0.000009 0.000007 -0.000297 -4.124469 22.242163 -14.266216 1.808033 -1.631819 31.901239 8.532483 -3.007322 -16.578718 0.000001 0.000006 -0.000292
21.876741 9.302598 0.124795 -159.830292 -67.621643 155.430237 9.153236 11.630750 27.872339 -0.000003 0.000007 -12.161670 0.000000 -0.000006 -0.005905 0.000000 0.000001 5.829916 0.000002 -0.000006 12.605161 -9.429968 2.546374 -8.045913 -2.308768 -3.392633 -5.278137 -16.515381 -4.073619 5.800002 50.506062 42.515144 -61.800571 6.659844 8.446410 -3.657000 0.548942 -2.232496 -0.406417 8.854770 5.971876 19.787035 -30.998182 -29.207809 -72.648239 -6.123702 -10.841634 1.657459 5.225435 -10.655690 12.510461 -13.780210 -11.918641 40.309883 10.257412 5.785297 15.302913 0.000000 0.000002 -0.000292 -3.048397 20.928638 -12.380162 1.639323 -4.463144 34.606487 8.727577 -0.774259 -19.119772 -0.000004 0.000003 -0.000290
21.686155 9.153853 0.024816 -157.245041 -70.211761 150.778748 8.902723 9.866049 29.719639 -0.000002 -0.000003 -12.161665 0.000002 -0.000002 -0.005907 0.000003 0.000003 5.829915 0.000000 -0.000005 12.605159 -8.820946 2.570278 -7.851437 -1.652434 -3.965582 -5.422329 -16.557852 -4.331912 7.012976 51.152325 41.741798 -59.248642 6.804479 8.224279 -4.129783 0.982139 -2.204409 -0.167524 8.272759 5.785361 18.520649 -30.970041 -29.132385 -72.242592 -6.369153 -11.152938 1.551776 4.774948 -11.166895 12.266670 -16.505527 -12.683640 47.110027 10.711397 9.454571 18.877798 -0.000003 0.000002 -0.000289 -2.103903 18.829969 -10.093120 0.366833 -6.193821 37.506905 9.373765 1.245276 -21.056761 -0.000004 0.000003 -0.000289
21.469167 9.028223 -0.084378 -158.155075 -72.887726 149.283661 7.251826 8.322160 31.382786 -0.000002 0.000006 -12.161669 -0.000000 -0.000001 -0.005904 0.000002 0.000000 5.829914 0.000002 -0.000000 12.605159 -8.254167 2.924268 -7.676600 -0.808842 -4.265144 -4.809845 -16.447535 -4.710795 8.222531 50.865185 40.154430 -56.573830 6.734711 7.782349 -4.571621 1.107719 -1.977997 0.548801 8.090633 5.362137 16.740402 -31.036633 -28.867668 -71.431366 -5.722301 -11.254901 1.343181 3.198628 -12.149056 11.855533 -19.336708 -11.488434 53.481586 11.172887 12.474195 22.025181 0.000002 0.000001 -0.000292 -2.432208 18.295982 -7.923052 -0.389518 -7.576263 40.925224 9.736046 1.885381 -23.646872 -0.000001 0.000005 -0.000300
21.259778 8.930894 -0.175318 -162.465652 -75.497162 151.924377 4.843476 6.830010 32.869499 -0.000003 0.000005 -12.161665 0.000003 -0.000000 -0.005906 -0.000000 0.000001 5.829916 -0.000001 -0.000005 12.605162 -7.979221 3.433886 -8.175466 -0.499030 -3.871395 -4.572594 -16.043444 -5.617738 9.608614 50.197468 37.740284 -53.554867 5.884892 7.112171 -4.529026 0.837129 -1.722074 0.769559 8.140060 4.999957 14.462224 -31.400173 -28.443653 -70.106728 -4.327888 -11.163996 1.266070 0.776593 -12.393017 9.963865 -21.289335 -9.762341 59.934380 11.772211 12.780010 22.090935 0.000000 -0.000001 -0.000293 -3.603261 19.757795 -5.726141 -0.343759 -9.116141 42.689194 10.140379 0.632123 -25.745871 -0.000001 0.000001 -0.000293
21.053991 8.865536 -0.252480 -164.154129 -77.557358 153.280319 3.422751 5.537106 33.058025 -0.000001 0.000002 -12.161662 0.000002 -0.000003 -0.005906 0.000002 -0.000001 5.829911 0.000003 -0.000003 12.605162 -7.753789 3.718280 -8.227071 -0.472944 -3.893908 -4.145567 -15.608965 -6.279512 10.912064 49.801395 34.563419 -50.436687 3.342319 6.960220 -4.319182 0.595892 -1.898962 1.044320 8.065665 4.369124 12.062164 -31.736380 -28.012285 -69.351494 -2.399570 -11.689507 1.436733 -0.554874 -13.363590 6.964346 -23.040062 -7.519957 65.098175 11.932322 12.201785 18.512899 -0.000005 0.000004 -0.000296 -4.051990 20.626968 -4.153396 0.492669 -9.763762 43.288223 10.433147 -1.222085 -27.625013 -0.000003 0.000006 -0.000296
20.856517 8.822373 -0.332238 -163.481064 -78.535049 153.090652 2.967563 4.907168 32.633732 -0.000004 0.000007 -12.161670 0.000003 -0.000000 -0.005902 -0.000000 -0.000005 5.829915 0.000002 -0.000002 12.605154 -7.685064 3.927119 -8.020569 -0.411408 -4.330928 -3.680012 -15.272630 -6.689394 12.326055 48.622440 32.157173 -48.585518 -0.597246 7.110763 -5.288758 0.355944 -2.360924 1.002626 7.985408 3.296572 10.115849 -31.155481 -27.742701 -70.613205 -1.429315 -12.387364 1.366067 -0.839477 -14.477317 2.806124 -24.156946 -4.375140 68.860207 11.481478 10.914534 14.796357 0.000003 0.000002 -0.000294 -3.962018 20.631033 -3.528660 0.549428 -10.331846 43.783829 10.461698 -1.443865 -28.918633 0.000001 0.000009 -0.000301
20.655811 8.810531 -0.416526 -162.796539 -79.268791 152.369431 2.586264 4.229637 32.719540 -0.000002 0.000001 -12.161669 0.000002 -0.000004 -0.005902 -0.000001 -0.000001 5.829915 0.000004 -0.000007 12.605158 -7.798162 4.286195 -7.780879 -0.274072 -4.886467 -3.270984 -15.556349 -7.026088 14.179410 47.259968 31.373362 -48.536232 -3.656069 7.232731 -6.596442 0.375395 -2.890769 0.472560 7.752451 2.161398 8.875632 -30.094412 -27.582218 -73.372696 -2.354824 -12.625485 1.425579 -0.722540 -15.330997 -0.743100 -24.867887 -1.516243 70.999298 10.619458 9.443797 11.418948 -0.000002 0.000002 -0.000294 -3.493393 19.426012 -2.035607 0.251071 -10.045851 43.488255 10.305772 -1.055732 -29.412813 0.000002 0.000008 -0.000296
20.445697 8.827480 -0.491513 -160.772263 -80.765350 149.874283 2.013052 2.301007 33.229664 -0.000002 -0.000001 -12.161665 0.000002 -0.000006 -0.005906 0.000002 0.000002 5.829916 -0.000001 -0.000002 12.605160 -8.339093 4.961643 -7.689883 -0.304475 -5.291565 -3.074764 -16.620920 -7.779700 16.247839 46.810680 31.704382 -49.136242 -3.727832 7.594523 -6.942157 0.622836 -3.229193 -0.292654 7.367846 1.876028 7.728731 -29.471697 -27.945248 -76.099144 -3.691324 -12.710937 1.634213 -0.507292 -16.394527 -3.686211 -25.209494 0.481215 71.848526 9.152850 8.320616 7.889977 0.000005 0.000002 -0.000293 -3.198881 17.480703 0.272858 0.596143 -9.448501 42.517815 9.979601 -1.274847 -29.635750 0.000004 0.000001 -0.000289
20.226718 8.872612 -0.566746 -156.723877 -81.763428 145.248352 1.972600 0.263827 33.898876 -0.000004 -0.000000 -12.161666 0.000002 -0.000005 -0.005903 -0.000000 0.000007 5.829912 0.000002 -0.000006 12.605160 -9.318994 5.840156 -7.667986 -0.645645 -5.647299 -3.166096 -18.224871 -9.005038 18.197353 47.137829 32.849743 -49.429337 -2.536247 8.339790 -6.852552 0.754941 -3.415920 -1.012406 6.995234 2.610731 6.448811 -29.225311 -29.001915 -78.489952 -4.381499 -12.837158 1.677933 0.072431 -16.710194 -6.062492 -25.271420 1.451668 71.337875 7.144176 7.797022 4.205708 -0.000003 0.000005 -0.000294 -2.503817 16.359030 3.092536 1.155206 -9.179234 40.786373 9.518030 -1.782350 -29.376125 -0.000001 -0.000001 -0.000297
20.004880 8.934595 -0.641155 -151.508850 -82.032677 140.262939 2.402406 -1.276861 33.730347 -0.000000 0.000001 -12.161666 0.000003 -0.000001 -0.005904 0.000000 0.000001 5.829915 0.000002 -0.000008 12.605156 -10.186026 6.708798 -7.531846 -1.094047 -6.317585 -3.351290 -19.900766 -9.847897 19.737223 47.274536 34.270710 -49.922047 -1.576190 9.020972 -6.666233 0.915383 -3.832306 -1.662588 6.548681 3.865890 5.515167 -28.788055 -30.194290 -81.280281 -5.207863 -12.726294 1.412772 1.212340 -15.914531 -8.852469 -25.167156 1.257821 69.712570 5.374417 7.196654 1.026818 0.000002 0.000003 -0.000290 -1.478948 16.016714 5.473071 1.590132 -9.131174 38.408894 8.934250 -2.437876 -28.417557 0.000002 0.000003 -0.000294
19.780752 9.015034 -0.714850 -147.976685 -81.902260 137.415527 2.771949 -2.327849 33.085182 -0.000001 -0.000000 -12.161670 0.000000 -0.000002 -0.005904 0.000001 -0.000000 5.829916 0.000004 -0.000004 12.605161 -10.698566 7.547985 -7.259892 -1.373916 -7.120632 -3.489308 -21.415058 -10.036110 20.914227 46.714020 35.510384 -51.150845 -0.801652 9.445048 -6.346219 1.236967 -4.356603 -2.270068 6.047963 4.766918 5.065541 -28.506855 -30.909126 -84.540749 -6.420007 -12.569947 0.960526 2.271345 -13.706764 -11.743502 -24.976254 -0.466908 67.322174 4.705616 6.092496 -1.208828 0.000002 -0.000003 -0.000291 -0.361310 16.110264 7.581801 1.951603 -9.045827 35.658638 7.923818 -3.575932 -26.389944 -0.000002 0.000010 -0.000290
19.549453 9.113415 -0.784523 -145.376511 -81.940582 135.384720 2.838762 -3.431441 32.366898 -0.000003 -0.000000 -12.161664 0.000002 -0.000000 -0.005905 0.000001 0.000003 5.829915 0.000003 -0.000007 12.605159 -10.985665 8.397955 -6.731520 -1.511437 -7.777561 -3.425402 -22.654436 -9.880274 21.862123 45.675541 36.313175 -52.820969 -0.093605 9.877601 -5.974058 1.575277 -4.720429 -2.626220 5.679556 5.161646 4.838906 -28.452721 -31.267780 -87.816956 -7.405899 -12.340276 0.418776 2.689844 -11.439597 -13.815028 -24.572292 -3.103474 63.735180 5.319710 4.788332 -2.803780 0.000002 -0.000000 -0.000299 0.745468 15.910931 9.753667 2.112074 -8.767239 33.018990 6.445982 -4.925343 -23.136862 -0.000002 0.000003 -0.000294
19.308004 9.221612 -0.854438 -143.652435 -82.145073 134.088562 2.639501 -4.547558 31.655218 -0.000003 -0.000000 -12.161669 0.000002 -0.000000 -0.005903 0.000001 0.000001 5.829914 0.000001 -0.000007 12.605162 -11.171987 9.246928 -6.049997 -1.595873 -8.181119 -3.256227 -23.563885 -9.837086 22.607006 44.481316 36.657516 -54.358768 0.542022 10.358964 -5.432502 1.835608 -4.827119 -2.786656 5.513137 5.686453 4.559426 -28.294426 -31.778749 -90.617462 -7.775400 -11.993599 -0.258117 2.706009 -9.915639 -14.975616 -23.588688 -5.887392 58.626904 6.191791 3.785613 -4.255987 0.000002 0.000002 -0.000295 1.754314 15.408857 11.851174 2.208336 -8.155685 30.692368 4.667305 -6.357440 -18.857033 -0.000003 0.000008 -0.000292
19.057189 9.329496 -0.930090 -144.190598 -82.191940 135.171097 2.285549 -5.286358 30.737394 0.000001 0.000005 -12.161666 -0.000001 -0.000000 -0.005904 0.000002 -0.000002 5.829916 0.000002 -0.000003 12.605156 -11.390027 10.129292 -5.340672 -1.669489 -8.284405 -2.982713 -24.238771 -10.213025 23.167419 43.395996 36.800014 -55.425877 1.007995 10.627505 -4.716009 2.032845 -4.626887 -2.835382 5.543195 6.564211 4.241443 -28.226456 -32.633072 -92.603577 -7.679629 -11.898419 -0.921117 2.515847 -9.123200 -15.360296 -21.283730 -8.120934 51.691669 6.886634 3.810078 -5.770168 0.000006 0.000002 -0.000286 2.523054 15.124156 13.538947 2.412939 -7.379945 28.753977 2.661751 -7.716616 -13.805830 0.000003 0.000006 -0.000298
18.796663 9.428982 -1.008478 -146.375000 -82.178757 138.078598 1.854326 -5.676555 29.621059 -0.000005 0.000004 -12.161668 0.000003 -0.000004 -0.005901 0.000000 -0.000003 5.829914 0.000001 -0.000003 12.605158 -11.670683 10.923417 -4.744196 -1.790628 -8.194127 -2.677653 -24.591488 -10.952544 23.585264 42.611275 36.726124 -55.874378 1.160766 10.641025 -4.199009 2.150409 -4.318621 -2.814192 5.740344 7.475802 3.973782 -28.195114 -33.510494 -93.996078 -7.566643 -11.975606 -1.369507 2.626429 -9.666587 -15.130718 -17.686365 -8.330305 42.782379 7.663794 5.270535 -6.522201 0.000010 -0.000003 -0.000285 2.876158 14.753260 14.697276 2.696659 -6.365652 27.271212 0.713151 -8.832717 -8.236892 0.000006 0.000004 -0.000297
18.522752 9.514121 -1.090315 -149.178879 -82.025848 141.525482 1.501909 -5.737246 28.666981 -0.000000 -0.000003 -12.161671 0.000003 -0.000002 -0.005902 0.000002 0.000008 5.829913 0.000001 -0.000009 12.605159 -11.991468 11.577636 -4.403238 -1.926243 -7.890965 -2.415920 -24.528057 -11.839203 23.806822 42.073887 36.252567 -55.877354 1.004557 10.468008 -4.028384 2.181939 -4.054279 -2.797687 6.023321 8.019742 3.884864 -27.997807 -34.028015 -95.159286 -7.634707 -12.125103 -1.554875 3.214290 -11.482435 -13.890625 -13.394875 -5.689090 32.553719 8.854253 8.377376 -8.042655 -0.000002 -0.000000 -0.000299 2.996540 14.241321 15.674494 3.117694 -5.081324 26.198036 -1.225243 -9.668313 -2.448182 0.000003 0.000006 -0.000295
18.236333 9.575247 -1.173446 -152.028122 -81.666664 144.667969 1.272173 -5.490174 28.076567 -0.000003 0.000006 -12.161663 -0.000000 -0.000003 -0.005904 0.000003 -0.000008 5.829916 0.000002 0.000002 12.605158 -12.313498 12.137151 -4.254107 -2.015318 -7.458650 -2.120677 -24.148993 -12.527541 23.783236 41.558254 35.516842 -55.904667 0.738862 10.119849 -3.940948 2.123738 -3.883375 -2.738476 6.362041 8.127012 4.052737 -27.640831 -34.121651 -96.151260 -7.792492 -12.269291 -1.518200 2.948398 -12.579824 -11.861030 -9.227528 -2.125132 23.271004 10.671426 11.730407 -9.579321 0.000002 0.000002 -0.000287 3.001526 13.689139 16.627825 3.710826 -3.466437 25.880730 -2.811434 -10.305585 3.239985 0.000001 0.000003 -0.000289
17.943674 9.597293 -1.253354 -155.318863 -81.385704 147.871628 0.979412 -5.076909 27.766594 -0.000002 0.000003 -12.161670 0.000001 0.000002 -0.005901 0.000001 -0.000001 5.829913 0.000003 -0.000009 12.605157 -12.617079 12.565655 -4.074041 -2.112173 -7.099256 -1.784462 -23.619066 -12.777741 23.591730 40.956287 34.762005 -56.248665 0.623714 9.802942 -3.816253 1.986553 -3.817338 -2.506730 6.735142 7.968846 4.343658 -27.377985 -33.999561 -96.652649 -7.846924 -12.300995 -1.486290 1.244467 -11.963367 -10.308657 -5.941331 0.088169 16.791990 14.480476 14.011180 -9.987391 0.000000 0.000007 -0.000289 2.901261 13.327035 17.237804 4.445714 -2.000711 27.086479 -4.205233 -10.676487 8.045870 0.000005 0.000003 -0.000289
17.647787 9.577188 -1.337202 -159.159775 -81.284645 150.937271 0.617160 -4.517788 28.048960 -0.000004 0.000009 -12.161669 0.000001 -0.000006 -0.005901 0.000001 -0.000001 5.829916 0.000001 0.000006 12.605162 -12.937208 12.787790 -3.689462 -2.271021 -6.910545 -1.514197 -23.050301 -12.657182 23.337946 40.322029 34.172894 -56.782173 0.674283 9.680425 -3.782170 1.742864 -3.839355 -2.335401 7.083781 7.585778 4.825284 -27.458208 -33.806519 -96.273758 -7.758676 -12.256681 -1.525189 0.392488 -12.073668 -8.672621 -4.504386 0.710255 13.071668 16.750179 15.339997 -10.687229 0.000003 0.000007 -0.000293 2.818503 13.166302 17.493380 5.467175 -0.940200 30.345823 -5.790517 -10.934923 11.888832 -0.000000 0.000007 -0.000290
17.352636 9.512649 -1.428917 -162.210190 -81.427284 152.716965 0.349096 -3.985082 28.806921 0.000000 -0.000004 -12.161667 0.000003 0.000002 -0.005902 0.000000 -0.000000 5.829912 0.000000 -0.000006 12.605161 -13.228743 12.851173 -3.210734 -2.432562 -6.762739 -1.398542 -22.732882 -12.334601 23.093588 40.010540 33.854530 -57.161098 0.775369 9.587777 -3.820968 1.483007 -3.759593 -2.211863 7.205510 7.021130 5.358651 -27.710529 -33.550095 -95.009644 -7.802413 -12.178687 -1.416960 0.495768 -13.118706 -6.885136 -4.383439 0.891808 12.497705 17.723499 15.020155 -12.271890 0.000007 -0.000002 -0.000291 2.688426 12.769057 17.200373 7.145134 0.068099 35.486561 -8.015179 -11.161496 15.344171 -0.000004 0.000003 -0.000295
17.064091 9.404280 -1.532938 -163.733795 -81.528168 153.040451 0.442766 -3.288120 29.557816 -0.000005 0.000007 -12.161664 0.000005 -0.000007 -0.005902 -0.000001 0.000003 5.829916 0.000001 -0.000009 12.605156 -13.370056 12.754124 -2.683011 -2.663977 -6.446993 -1.395354 -22.754543 -12.086503 22.897366 40.291721 33.892231 -57.151691 0.948417 9.346828 -3.869892 1.176351 -3.453702 -2.231293 7.001252 6.288353 6.109654 -27.605663 -33.131699 -93.311127 -8.171291 -12.223477 -0.959457 1.981780 -16.203403 -5.842842 -5.995994 2.949051 13.937480 16.645060 13.945255 -10.664287 0.000007 -0.000001 -0.000298 2.874105 12.368789 16.094393 9.553432 1.191606 41.884235 -10.105671 -12.034714 19.000755 -0.000003 0.000004 -0.000293
16.786897 9.264788 -1.644192 -163.078217 -81.261780 151.292343 1.023818 -2.328031 30.360317 -0.000002 0.000001 -12.161670 0.000003 0.000004 -0.005903 -0.000001 0.000002 5.829916 -0.000000 -0.000000 12.605156 -13.388897 12.653739 -2.054029 -3.048254 -5.903213 -1.310295 -22.705700 -11.709104 22.356262 41.144859 33.978428 -56.719822 1.215961 8.950854 -3.952413 0.826863 -2.934974 -2.037894 6.666398 5.936059 7.078455 -27.089014 -32.699787 -91.694954 -9.149423 -12.520521 -0.058294 3.142317 -17.774485 -5.313321 -6.957487 4.293519 17.335142 14.169248 14.073164 -9.770721 0.000009 -0.000000 -0.000288 3.691386 12.600681 14.476089 12.311681 1.516199 48.515625 -10.997985 -13.103856 22.729998 -0.000008 0.000006 -0.000290
16.542514 9.131767 -1.805195 -160.845261 -80.342133 147.097092 2.005041 -1.364312 32.312088 -0.000006 0.000007 -12.161667 0.000004 -0.000008 -0.005902 -0.000002 0.000003 5.829914 0.000004 0.000001 12.605160 -13.806432 13.095967 -1.632017 -3.539425 -5.039303 -0.964755 -22.430710 -10.841534 20.756710 42.479721 33.783100 -55.729923 1.545498 8.423446 -4.108852 0.190211 -2.061163 -1.831332 6.564086 6.674240 8.673868 -26.461880 -32.338474 -89.992752 -11.035079 -13.293986 1.088576 4.151022 -16.207851 -4.354125 -7.733977 5.105233 22.413898 10.543751 12.889130 -9.789882 0.000002 0.000004 -0.000289 5.049012 13.213990 13.403881 15.670234 1.343090 54.807388 -12.114991 -13.699957 26.469788 -0.000011 0.000007 -0.000294
16.273825 8.988613 -1.901472 -149.528519 -79.386261 134.289688 4.750731 -1.016738 33.203884 -0.000004 0.000005 -12.161661 0.000002 -0.000006 -0.005906 0.000000 -0.000003 5.829917 0.000003 -0.000001 12.605161 -14.163890 13.313546 -1.164492 -3.394027 -5.014896 -0.345682 -23.155153 -9.362892 18.532114 44.515289 33.086769 -53.385651 1.760495 7.974632 -4.316155 -0.855444 -1.814266 -0.195952 6.719974 9.322425 10.169165 -26.328186 -32.033653 -87.003754 -13.162502 -14.611114 2.499561 6.798004 -16.124149 -5.962952 -6.562398 8.089739 31.726307 5.846152 9.318627 -13.639005 -0.000002 0.000004 -0.000298 6.612021 13.168586 11.491988 20.080938 0.637274 60.021908 -13.433071 -14.297455 26.653847 -0.000003 0.000007 -0.000297
16.016435 8.887445 -1.970382 -139.641449 -78.320503 123.233475 7.513085 -1.644914 35.436821 -0.000000 0.000001 -12.161666 0.000001 -0.000003 -0.005906 0.000001 -0.000001 5.829916 -0.000001 0.000004 12.605158 -15.057463 13.330618 -2.833184 -3.546845 -4.536221 -1.326958 -23.971033 -8.458044 15.443486 46.433804 32.407124 -50.104057 1.903626 7.826590 -3.923537 -1.353189 -0.919230 -0.067392 6.066474 13.123346 12.106166 -25.576363 -32.187862 -83.729958 -11.908484 -14.935097 3.269503 8.758060 -16.775106 -5.971068 -5.853837 8.320081 37.534245 1.842061 8.205645 -17.445002 0.000007 0.000010 -0.000299 8.983349 11.848562 8.897758 21.117113 -0.194953 65.520531 -10.502268 -15.507315 21.459919 0.000000 0.000001 -0.000294
15.755985 8.838634 -2.056442 -143.850266 -78.210632 126.083817 7.915522 0.696979 36.691254 -0.000001 0.000005 -12.161670 0.000001 -0.000000 -0.005902 -0.000001 0.000001 5.829914 0.000004 -0.000006 12.605159 -14.663255 12.438910 -3.080740 -3.421143 -4.966813 -1.172257 -23.941542 -7.021829 12.839425 46.351513 31.957787 -48.970974 1.945448 8.332799 -3.533397 -0.975885 -0.971450 0.687363 4.941895 14.799106 14.629982 -24.263002 -31.080866 -81.538292 -6.879796 -15.135088 2.513067 8.726173 -16.221247 -3.093642 -8.286078 6.420412 38.264660 0.241845 9.916011 -19.920345 -0.000001 -0.000003 -0.000288 9.430411 12.999907 6.561816 20.728170 -1.815556 70.044975 -5.167610 -15.890718 15.041677 0.000003 0.000002 -0.000289
15.496433 8.806937 -2.142761 -144.198746 -79.144806 126.481201 7.824888 2.312166 36.657707 -0.000000 0.000002 -12.161666 0.000001 -0.000008 -0.005905 0.000000 0.000002 5.829916 -0.000001 -0.000004 12.605159 -14.206827 11.545624 -2.645794 -3.154736 -4.808564 -1.288709 -23.301273 -5.024526 11.457614 44.603497 31.424259 -50.442783 1.857492 9.341797 -3.506227 -0.949374 -0.808654 1.010595 4.716442 14.361965 16.821102 -23.054829 -28.818823 -80.694534 -2.968346 -15.041243 1.654151 8.422437 -17.216883 -1.558467 -9.738813 6.273709 38.636314 -0.572747 10.315586 -21.921783 0.000002 0.000004 -0.000294 9.195640 14.893126 2.950379 20.407257 -4.037700 72.500534 -0.968979 -14.671286 9.616253 0.000001 0.000006 -0.000297
15.233739 8.813856 -2.202275 -136.618164 -80.348000 118.849907 8.114138 2.611746 36.716393 -0.000002 0.000001 -12.161670 0.000004 -0.000005 -0.005904 0.000000 0.000002 5.829916 0.000001 -0.000003 12.605162 -13.546162 10.954077 -1.577705 -3.085101 -3.838696 -1.665158 -22.382460 -3.711736 10.693823 42.388977 31.211735 -52.606541 1.844160 9.809889 -3.479269 -1.063440 -0.002484 1.019627 5.825044 14.219960 19.019182 -22.456318 -27.977390 -80.543991 -2.994418 -14.916917 1.676799 8.191334 -17.248169 -0.229683 -8.963578 6.150922 39.451355 -0.739611 8.087049 -23.226858 0.000001 0.000005 -0.000295 8.914201 15.556103 -0.453807 20.006338 -5.488752 73.262428 0.799149 -11.830006 5.409881 0.000002 0.000002 -0.000296
14.966188 8.853935 -2.251487 -133.302719 -81.079056 115.213562 8.254106 4.016599 36.866230 -0.000001 0.000001 -12.161666 -0.000001 -0.000004 -0.005904 0.000003 0.000007 5.829916 0.000001 -0.000007 12.605161 -12.804062 10.556521 -0.188772 -3.178414 -2.800104 -1.939726 -21.452986 -3.751516 10.012918 41.538738 31.507830 -53.500271 1.941535 10.148053 -3.383385 -1.021225 1.037400 0.967543 7.900167 14.565116 21.014709 -22.702003 -28.650585 -80.336784 -4.437486 -15.574027 1.934106 7.424166 -15.653175 2.494481 -8.378387 4.021107 38.690666 -0.852221 7.055902 -23.557270 -0.000002 0.000001 -0.000300 8.380792 16.268429 -3.420159 19.410236 -5.511542 73.162369 1.358353 -9.357927 1.879012 0.000002 0.000005 -0.000294
14.695174 8.918987 -2.298420 -132.895660 -81.620514 114.511002 8.504100 6.374177 36.942608 -0.000003 0.000004 -12.161671 0.000002 -0.000001 -0.005908 0.000002 -0.000002 5.829916 0.000000 -0.000003 12.605159 -12.145614 9.840834 1.093404 -3.300547 -2.122433 -2.204495 -20.504045 -4.520949 9.607137 41.966030 31.984554 -53.511932 2.245093 10.223631 -3.343782 -0.727600 1.764422 0.843484 10.004741 14.605154 22.483250 -22.985270 -29.644005 -80.140320 -5.427707 -15.915769 1.996268 6.598079 -14.726885 5.720437 -8.512693 1.793665 36.656261 -0.917304 7.581940 -22.712868 0.000003 -0.000003 -0.000293 7.872366 16.965523 -6.062243 18.062658 -4.464396 72.180756 1.769966 -8.034868 -0.772403 0.000002 0.000010 -0.000293
14.429254 9.000916 -2.328041 -127.174530 -82.899635 109.291695 8.476366 7.844107 36.343048 -0.000001 -0.000007 -12.161668 0.000001 -0.000009 -0.005907 -0.000000 0.000000 5.829916 0.000004 0.000003 12.605157 -11.775552 8.963306 2.032515 -3.606228 -1.394845 -2.776156 -19.637379 -4.896968 9.628730 42.632221 32.185261 -53.879948 2.668757 9.727212 -3.379052 -0.638551 2.340531 0.464701 11.547665 14.084472 23.611685 -23.311085 -30.132357 -80.087257 -6.034981 -15.773057 1.947085 5.590153 -14.988544 8.022879 -8.552046 0.358528 34.304890 -0.461312 8.045348 -20.730696 0.000000 0.000009 -0.000296 6.843983 16.621584 -9.081872 16.385418 -2.517011 69.886391 1.735423 -7.948766 -2.422538 -0.000001 0.000009 -0.000291
14.170127 9.094586 -2.351314 -117.455406 -83.974770 100.746330 8.475233 9.048156 35.069431 -0.000006 0.000003 -12.161671 0.000005 -0.000010 -0.005903 -0.000000 -0.000001 5.829914 0.000003 -0.000003 12.605160 -11.547342 8.227627 2.757263 -3.924637 -0.654399 -3.355887 -18.984419 -4.503529 9.685551 43.440739 32.050934 -54.560974 3.010978 9.032039 -3.464585 -0.685983 2.840340 0.182379 12.448329 13.248348 24.480679 -23.807384 -29.990135 -80.141205 -6.424615 -15.485627 1.753980 4.982678 -15.205174 9.620585 -8.173288 -0.293015 31.894855 0.241896 7.672829 -17.651646 0.000008 0.000001 -0.000290 5.940629 15.936148 -12.128809 14.465805 0.170737 66.273949 1.183476 -8.071988 -3.534303 -0.000005 0.000003 -0.000295
13.910821 9.198341 -2.372069 -108.487419 -84.421806 92.849800 8.635962 10.448189 33.889404 -0.000003 -0.000002 -12.161668 0.000003 0.000003 -0.005906 0.000000 -0.000003 5.829918 0.000002 -0.000000 12.605157 -11.287010 7.765606 3.244937 -4.133788 -0.030925 -3.799373 -18.491634 -3.610152 9.423924 44.261711 31.934122 -55.248310 3.404792 8.439745 -3.494184 -0.686259 3.250251 0.070012 13.023343 12.881146 25.166653 -24.334669 -29.824396 -80.086708 -6.608601 -15.033457 1.504518 4.945094 -14.418156 11.197861 -7.910988 -1.615766 29.621561 0.872179 7.299491 -13.900649 -0.000001 0.000005 -0.000286 5.349731 15.975621 -14.223363 12.337878 2.904231 61.053806 1.007712 -7.717454 -4.231202 0.000003 0.000009 -0.000298
13.644539 9.303355 -2.379387 -96.207443 -84.925377 81.421524 8.413193 11.674396 32.805698 -0.000000 0.000009 -12.161668 -0.000001 -0.000009 -0.005904 0.000004 0.000002 5.829916 0.000002 -0.000003 12.605157 -10.866720 7.334287 3.633718 -4.253212 0.263318 -4.050087 -18.025385 -2.702009 8.879243 44.804104 32.158394 -55.859421 4.016921 8.146132 -3.366643 -0.596769 3.347114 0.145917 13.449895 13.127965 25.749140 -24.821747 -29.840008 -79.871956 -6.569588 -14.452400 1.242315 4.890834 -13.824272 12.958073 -8.061240 -3.239072 27.254177 1.342262 7.170365 -9.581625 0.000004 -0.000008 -0.000291 4.261876 16.554508 -15.215215 9.867761 5.008885 54.111404 1.129202 -6.805482 -4.628390 -0.000008 0.000007 -0.000290
13.370683 9.398213 -2.371112 -72.324455 -85.305641 58.430714 7.570988 12.301143 31.482306 -0.000001 0.000005 -12.161669 0.000002 -0.000002 -0.005906 -0.000001 -0.000000 5.829916 0.000002 -0.000005 12.605160 -10.321873 6.817456 4.068961 -4.321692 0.216780 -4.150430 -17.570253 -2.079560 8.275387 44.988972 32.868408 -56.414711 4.721842 8.188214 -3.113131 -0.512056 3.123061 0.339806 13.635201 13.523897 26.219259 -25.167015 -29.686253 -79.628204 -6.447664 -13.927468 1.059824 4.566341 -14.007393 14.521295 -8.377812 -4.524730 25.020842 1.765743 6.775653 -4.714608 0.000009 0.000002 -0.000298 2.443741 17.257019 -15.387470 7.194873 6.302557 45.697247 0.821333 -6.284557 -5.176871 0.000003 0.000002 -0.000296
13.091900 9.474159 -2.364334 -49.315487 -84.864922 36.770424 6.538267 12.912995 29.619225 -0.000002 0.000003 -12.161665 -0.000000 -0.000005 -0.005902 0.000002 0.000009 5.829912 0.000002 -0.000000 12.605157 -9.730820 6.294751 4.511210 -4.362643 0.073271 -4.178655 -17.172693 -1.815373 7.781518 45.050137 33.906456 -56.886452 5.357021 8.442664 -2.841808 -0.499457 2.885115 0.499884 13.516008 13.669304 26.471767 -25.142788 -29.177790 -79.465294 -6.348201 -13.482770 1.017879 4.478288 -14.115782 15.309147 -8.730518 -5.435646 23.291613 2.369739 6.153193 -0.191782 0.000004 -0.000004 -0.000295 0.471789 19.121529 -15.153432 4.368674 6.389957 36.364471 -0.225658 -7.064877 -5.967169 0.000001 0.000003 -0.000294
12.807823 9.527478 -2.367002 -38.823910 -83.958923 27.914125 5.852454 13.557406 27.473894 -0.000001 0.000005 -12.161670 0.000000 -0.000000 -0.005904 0.000001 0.000002 5.829916 0.000001 -0.000002 12.605161 -9.236538 6.041337 4.781744 -4.425871 0.258551 -4.276782 -16.816952 -1.699906 7.568156 45.160114 34.892872 -57.358734 5.942400 8.709579 -2.712697 -0.585734 2.939312 0.487297 13.224116 13.695780 26.505619 -24.738049 -28.534449 -79.291534 -6.287076 -13.210233 1.152197 5.082475 -13.665970 15.298258 -9.140557 -6.172020 22.642841 3.147002 5.487053 4.224342 0.000005 0.000001 -0.000300 -0.966098 22.094902 -14.668756 1.940078 5.162711 27.180161 -2.497837 -8.929924 -7.063983 0.000002 -0.000000 -0.000292
12.519123 9.556819 -2.373383 -37.271271 -82.803963 27.586712 5.871678 13.912276 25.766829 -0.000004 0.000015 -12.161665 -0.000001 -0.000007 -0.005902 0.000002 -0.000005 5.829916 0.000003 0.000003 12.605157 -8.905549 6.083929 4.827950 -4.508783 0.763728 -4.379336 -16.432648 -1.500356 7.529389 45.298630 35.519539 -57.857098 6.516570 8.727236 -2.746987 -0.719326 3.248084 0.356494 12.808681 13.756835 26.279350 -23.971598 -27.968065 -79.120872 -6.224894 -13.237536 1.486211 6.117007 -12.774446 14.867809 -9.577568 -7.001839 23.797386 4.092324 5.311711 7.931819 -0.000003 0.000003 -0.000293 -1.004866 23.684612 -14.035981 0.183851 4.226554 19.978508 -4.690331 -10.346998 -8.597004 0.000005 0.000003 -0.000297
12.227232 9.557434 -2.371721 -38.594944 -81.484146 29.193300 6.500694 13.790615 25.031691 -0.000001 0.000009 -12.161665 0.000000 -0.000005 -0.005903 -0.000001 -0.000007 5.829914 0.000000 -0.000002 12.605156 -8.771798 6.392478 4.727930 -4.587385 1.395414 -4.573410 -16.056866 -1.109302 7.662031 45.384926 35.720963 -58.290134 7.285916 8.405910 -2.904349 -0.919714 3.663949 0.157172 12.369108 13.985020 25.883255 -22.880152 -27.642092 -78.972427 -6.148023 -13.581423 1.843060 7.175206 -11.773416 14.352951 -10.368559 -8.102347 26.946104 5.667385 5.950589 11.347564 0.000005 -0.000000 -0.000289 -0.805652 23.619080 -13.146044 -0.349571 3.057835 15.463640 -3.678246 -9.548373 -10.298165 -0.000000 -0.000000 -0.000292
11.931631 9.521345 -2.357391 -40.532932 -80.475517 30.477213 7.287962 13.548437 25.295328 -0.000004 0.000005 -12.161668 0.000002 -0.000000 -0.005904 0.000000 -0.000003 5.829915 0.000000 -0.000002 12.605156 -8.714567 6.977719 4.407982 -4.577734 1.969478 -4.834971 -15.849432 -0.691618 7.745302 45.637180 35.538795 -58.198006 8.326810 7.871740 -3.232316 -1.054704 4.180997 -0.098900 11.776843 14.227606 25.376396 -21.645472 -27.484699 -78.796616 -6.036706 -14.170548 2.088540 7.788909 -10.784421 13.796245 -11.647646 -9.456692 32.002220 7.509302 7.868293 15.126072 0.000000 0.000001 -0.000292 -1.580610 22.940998 -11.703435 0.965587 0.995511 13.551606 -2.278345 -6.701497 -12.082669 0.000003 0.000007 -0.000296
11.634413 9.442513 -2.333549 -42.512699 -79.935532 31.103613 7.949229 13.292118 26.102991 -0.000003 -0.000003 -12.161668 0.000001 0.000002 -0.005904 0.000002 -0.000000 5.829913 0.000000 -0.000003 12.605162 -8.667603 7.867290 4.081054 -4.436684 2.513243 -4.929432 -15.815352 -0.342213 7.629031 46.162819 34.880795 -57.206890 9.173373 7.276501 -3.587222 -1.048056 4.650234 -0.219347 10.928799 14.409688 24.802200 -20.507179 -27.291159 -78.467323 -5.882275 -14.664225 2.174624 7.483024 -10.026698 13.165039 -13.664889 -11.212826 38.726284 9.851755 11.276330 19.032183 -0.000002 0.000005 -0.000294 -1.322711 21.184772 -10.560588 2.219286 0.069246 15.404122 -0.742383 -4.369956 -13.714472 -0.000001 0.000007 -0.000296
11.336748 9.332143 -2.298172 -41.482601 -79.317215 27.944525 8.321999 12.364756 27.493603 -0.000001 -0.000000 -12.161666 0.000000 -0.000002 -0.005905 -0.000000 0.000005 5.829916 -0.000000 -0.000003 12.605162 -8.594068 8.905333 4.162005 -4.257537 2.849141 -4.961982 -15.784627 0.192776 7.366563 46.498329 33.647869 -55.593098 9.359630 6.696246 -3.880356 -0.932214 4.843866 -0.189459 9.864073 14.473198 24.124676 -19.911934 -26.961834 -77.771057 -5.696765 -14.800734 2.206557 5.958566 -10.691350 12.828097 -16.648544 -12.508442 46.196640 12.139311 16.075586 24.476112 0.000000 -0.000000 -0.000294 0.691324 18.297487 -9.758732 0.844296 -0.410098 19.720978 4.620446 -0.376563 -12.622861 -0.000001 0.000003 -0.000296
11.052341 9.199860 -2.242880 -35.299831 -77.877022 19.092762 8.009409 9.955331 29.374825 -0.000003 0.000003 -12.161666 0.000002 -0.000003 -0.005903 0.000000 -0.000010 5.829916 0.000000 0.000002 12.605154 -8.596175 10.072771 4.796218 -4.131741 2.838071 -5.082044 -15.474079 1.074612 6.986650 45.833027 31.988516 -53.884434 9.165947 6.321317 -4.069649 -0.871988 4.964637 -0.144354 8.772254 14.088758 23.189053 -20.050390 -26.460827 -76.726654 -5.402517 -14.715913 2.331064 3.541986 -12.972777 12.740055 -20.002808 -12.513658 53.477280 14.598836 19.553612 29.987690 0.000003 -0.000001 -0.000293 2.596763 14.736706 -7.630127 -1.825931 -2.153612 22.093231 7.013421 2.067922 -5.166769 -0.000000 0.000003 -0.000289
10.805270 9.061759 -2.183976 -27.772408 -76.451630 9.358014 6.812211 8.254074 30.702135 -0.000003 -0.000000 -12.161669 0.000001 -0.000010 -0.005902 0.000001 -0.000002 5.829916 0.000002 -0.000003 12.605156 -8.213751 10.801446 6.218647 -3.468187 1.719649 -4.926430 -14.900705 2.282802 6.632362 43.723881 29.868431 -52.234798 8.686302 6.700911 -4.025891 -0.783092 4.643070 0.113723 8.080488 12.802287 21.760738 -20.715166 -25.748976 -75.252846 -5.044967 -14.601782 2.328861 1.262347 -14.991145 12.007782 -23.207863 -10.917671 59.876907 17.407799 18.894659 34.054150 0.000000 0.000004 -0.000290 0.029479 15.298010 -7.222967 -0.148054 -5.639563 28.402491 7.420718 3.265260 -5.991790 0.000001 -0.000000 -0.000297
10.548975 8.957021 -2.147584 -14.732223 -76.334251 -5.062684 4.219369 8.642819 32.306568 0.000000 0.000002 -12.161667 -0.000001 -0.000007 -0.005905 0.000001 0.000007 5.829916 0.000003 -0.000003 12.605158 -8.175644 10.760033 7.005865 -2.679437 0.887152 -4.617873 -14.693566 1.747584 6.109800 40.835651 27.624556 -50.063198 6.966038 7.911884 -4.164263 -1.097371 4.268963 0.295643 7.786912 10.596711 18.721262 -21.864964 -24.834274 -72.597481 -4.812881 -14.540098 2.038390 -2.194368 -13.965914 10.060771 -24.414328 -8.569288 66.098381 17.594378 14.809906 31.564743 -0.000002 0.000000 -0.000293 -1.229486 16.825876 -8.785971 -0.381524 -4.842351 36.173367 7.999163 1.073408 -8.659822 -0.000005 0.000010 -0.000287
10.307354 8.879173 -2.130847 -12.957648 -75.813431 -7.008020 3.979468 8.332823 32.818466 -0.000003 0.000002 -12.161665 0.000002 -0.000005 -0.005903 0.000001 0.000007 5.829915 0.000002 -0.000009 12.605157 -8.919041 11.114720 7.126290 -2.730714 1.583217 -4.386497 -13.997396 -0.310591 6.031593 37.167690 25.788174 -47.882320 3.635911 8.491289 -5.005816 -1.327098 4.669241 0.617706 7.329648 8.269095 13.886675 -23.162382 -23.915377 -68.705124 -4.845531 -14.670715 1.743301 -2.351387 -12.379927 6.095335 -25.279062 -6.774597 71.997208 15.826245 13.044005 26.493410 -0.000009 0.000004 -0.000293 -1.739312 19.536869 -9.006166 0.658609 -6.858234 40.653847 8.132024 0.073918 -12.380424 -0.000001 0.000009 -0.000292
10.083980 8.827751 -2.098859 -12.933908 -74.815140 -7.041529 4.264533 7.920066 33.039436 -0.000002 0.000007 -12.161664 0.000001 -0.000000 -0.005904 0.000000 0.000009 5.829915 0.000002 -0.000002 12.605161 -9.736533 11.177520 7.344924 -3.009999 1.927713 -4.165879 -12.848554 -1.638171 6.308949 33.789047 22.782866 -45.710358 0.333846 7.977036 -6.246748 -1.992996 4.445971 0.937114 7.371160 5.622870 8.952108 -23.637814 -23.018761 -65.977676 -4.677680 -15.784255 1.599596 -2.245172 -12.439831 1.841703 -25.977451 -4.263323 76.174408 12.550200 12.809060 21.751863 0.000000 0.000003 -0.000290 -2.151492 22.122690 -8.233767 2.157462 -9.190703 42.085804 8.129952 -1.442835 -14.765155 -0.000001 0.000002 -0.000288
9.864991 8.814486 -2.062112 -12.330886 -73.628601 -8.695572 4.375335 7.370051 34.248318 -0.000001 -0.000000 -12.161666 -0.000002 -0.000002 -0.005903 0.000004 -0.000000 5.829916 -0.000000 -0.000003 12.605153 -10.049605 11.309473 8.031825 -3.056911 1.850367 -4.278459 -11.969483 -2.353004 6.645634 31.930422 18.580153 -42.760456 -1.567394 6.958656 -7.305267 -2.344089 4.113928 0.773416 7.582220 2.065635 5.552760 -22.031542 -22.375172 -67.225235 -4.439621 -17.928537 1.701105 -2.190262 -13.433037 -0.667796 -26.577219 -1.483109 77.845596 9.684089 12.717495 18.015144 0.000004 0.000001 -0.000292 -1.575371 22.305443 -6.175085 2.237369 -10.088613 43.317459 8.066162 -1.694677 -16.571335 -0.000005 0.000003 -0.000285
9.647219 8.823508 -2.038588 -11.560495 -72.031296 -10.675003 4.315055 6.378805 35.204094 0.000000 -0.000002 -12.161667 0.000001 -0.000010 -0.005907 0.000000 0.000002 5.829916 0.000000 -0.000000 12.605157 -9.926133 11.467790 9.290599 -2.981142 1.252321 -4.235478 -11.805904 -2.855412 7.051435 30.842983 14.738773 -39.609226 -2.429780 5.832592 -7.889581 -2.119003 3.709813 0.717812 7.264405 -0.448792 3.130876 -18.991600 -22.816103 -70.939087 -4.713033 -19.228268 1.577355 -1.797843 -14.685841 -2.469830 -27.046110 0.965505 77.583595 8.205332 11.962292 14.824231 0.000004 0.000004 -0.000295 -0.595081 20.291107 -4.387864 1.485304 -9.506688 44.830650 7.973141 -1.534948 -17.722620 -0.000003 0.000003 -0.000296
9.435105 8.843773 -2.022204 -10.201937 -69.722511 -12.426023 3.872813 4.694315 35.412720 -0.000001 0.000005 -12.161664 -0.000000 0.000002 -0.005905 0.000003 -0.000003 5.829916 0.000001 -0.000000 12.605159 -10.001755 11.582142 10.324169 -3.034822 0.478209 -4.133537 -12.336488 -3.836760 7.538931 29.853237 12.454836 -36.741844 -2.944305 5.100284 -7.910936 -1.782450 3.317877 0.334622 6.338209 -1.641519 1.099223 -17.614538 -23.605839 -74.171471 -5.063617 -19.144352 1.386254 -1.406988 -15.835026 -4.765883 -27.174458 2.525144 76.366615 7.270052 10.775749 11.166724 -0.000001 0.000003 -0.000292 -0.209529 17.098852 -3.217199 1.124268 -8.161977 45.911507 7.665720 -1.929048 -18.866915 -0.000002 0.000003 -0.000296
9.227636 8.882722 -2.010702 -8.834634 -67.789291 -13.575598 3.474323 3.717490 35.148998 -0.000001 0.000005 -12.161666 0.000001 -0.000003 -0.005906 0.000001 0.000002 5.829913 0.000002 -0.000003 12.605162 -10.158192 11.456717 11.166725 -3.018048 -0.326749 -4.007702 -13.331104 -5.282640 8.289562 28.713203 11.479017 -34.451336 -3.072790 4.995584 -7.603611 -1.433522 2.735363 -0.187873 5.378331 -2.003954 -0.835411 -18.452368 -24.720678 -76.477760 -4.920547 -18.716236 1.182328 -0.895603 -15.742336 -7.213194 -26.901808 2.947085 74.386024 6.238013 9.221888 8.101402 0.000000 0.000002 -0.000295 -0.246824 15.970966 -2.145808 1.321953 -8.020568 45.775303 7.452829 -2.970985 -19.651398 -0.000003 0.000003 -0.000281
9.025487 8.936282 -1.996215 -7.684711 -66.164505 -14.009510 3.133269 3.212198 34.452389 -0.000001 -0.000009 -12.161669 -0.000001 -0.000003 -0.005904 0.000002 -0.000002 5.829915 0.000003 -0.000002 12.605161 -10.317742 11.290218 11.889792 -2.942910 -0.986485 -3.931076 -14.420932 -6.430353 9.189841 27.170622 10.978024 -32.712975 -2.577327 5.117357 -7.264932 -1.212914 2.257015 -0.685504 4.511227 -2.428921 -2.738405 -19.352795 -25.783876 -78.999687 -4.794569 -18.300890 1.011788 -0.621395 -14.404545 -9.550125 -26.322771 2.048914 71.621559 5.065535 7.713661 5.114424 0.000003 0.000006 -0.000293 -0.373990 16.124983 -1.229296 1.594070 -8.836658 44.899750 7.261142 -4.026157 -20.072901 0.000004 -0.000002 -0.000293
8.828106 8.999730 -1.976248 -6.568980 -64.386841 -14.259284 2.782874 2.789963 33.621513 -0.000000 -0.000000 -12.161668 0.000004 0.000005 -0.005902 -0.000001 0.000007 5.829911 0.000002 -0.000005 12.605159 -10.409039 10.963220 12.604879 -2.904747 -1.703748 -3.866685 -15.434826 -7.172395 10.170830 25.402348 10.659326 -31.266014 -1.755084 5.348592 -6.777751 -1.016097 1.815584 -1.123276 3.642565 -3.006210 -4.394475 -19.462408 -26.780062 -82.116829 -5.039787 -17.899242 1.003335 -0.774527 -13.079486 -11.442175 -25.494799 0.637622 67.741180 4.423357 6.284852 2.637396 0.000001 0.000005 -0.000289 -0.533029 16.142746 -0.200279 1.893711 -9.647954 43.593983 7.064989 -5.071792 -20.301701 0.000004 0.000002 -0.000299
8.629668 9.069015 -1.956289 -5.892491 -62.527855 -14.169545 2.617950 2.377421 32.846634 -0.000001 -0.000000 -12.161666 0.000003 0.000002 -0.005903 -0.000000 -0.000003 5.829915 0.000000 -0.000003 12.605159 -10.389461 10.514773 13.354033 -2.926638 -2.344521 -3.767460 -16.406614 -7.812873 11.345196 23.748861 10.471303 -29.976168 -0.951498 5.751242 -6.077675 -0.848687 1.413810 -1.507739 3.048161 -3.585698 -5.636321 -19.571951 -27.734394 -85.321335 -5.401813 -17.502581 0.949232 -0.831887 -12.602423 -12.580759 -24.052723 -0.321094 62.341980 3.944749 4.954862 0.515735 0.000004 0.000002 -0.000291 -0.548497 15.673589 0.935155 2.096295 -10.332338 42.099514 6.774663 -5.890184 -20.288908 0.000006 -0.000003 -0.000299
8.426606 9.141380 -1.938586 -5.589481 -60.798016 -13.866366 2.674169 2.201534 32.260784 -0.000003 0.000003 -12.161665 0.000004 -0.000003 -0.005905 -0.000001 0.000003 5.829915 0.000000 -0.000009 12.605159 -10.220030 9.910034 14.061606 -2.956313 -2.888760 -3.710948 -17.367481 -8.484103 12.722903 22.351437 10.387789 -28.693132 -0.317779 6.122145 -5.372490 -0.640186 1.030111 -1.837059 2.611850 -4.341688 -6.556458 -20.108353 -28.469597 -88.038628 -5.775902 -16.984632 0.766430 -0.798868 -12.678594 -12.618390 -21.646622 -0.472476 55.324783 3.352051 4.361274 -1.524086 -0.000009 0.000005 -0.000296 -0.375057 14.763830 2.146421 2.255740 -10.626610 40.533504 6.424948 -6.596186 -20.125891 0.000002 -0.000002 -0.000303
8.219419 9.210360 -1.922693 -5.272140 -59.312805 -13.457830 2.825304 2.440511 31.649031 -0.000002 0.000005 -12.161666 0.000002 -0.000002 -0.005905 0.000000 0.000010 5.829913 0.000001 -0.000010 12.605163 -9.974467 9.134710 14.705295 -2.994342 -3.431847 -3.700062 -18.258093 -9.046139 14.122302 21.143902 10.340042 -27.307774 0.246515 6.305466 -4.766073 -0.385339 0.582880 -2.096841 2.250535 -5.032639 -7.197693 -20.943151 -29.193270 -90.087990 -6.135992 -16.232183 0.480738 -0.909622 -12.885893 -11.657736 -18.422712 0.591093 46.759415 2.997826 4.247943 -2.455573 -0.000003 -0.000005 -0.000294 -0.195865 13.829593 3.196532 2.387420 -10.722569 38.994701 6.059847 -7.265095 -19.906687 0.000005 0.000010 -0.000289
8.012542 9.268957 -1.901752 -4.518869 -57.535820 -13.216321 2.685421 2.591867 30.832037 -0.000003 0.000002 -12.161664 0.000000 -0.000012 -0.005903 0.000002 -0.000000 5.829914 0.000001 0.000002 12.605159 -9.700349 8.276024 15.371468 -3.013588 -3.970083 -3.651885 -19.064686 -9.371161 15.410548 20.095921 10.294411 -25.828741 0.939926 6.458758 -4.156599 -0.114713 0.119457 -2.162964 2.102927 -5.417802 -7.640858 -22.105772 -30.149685 -91.389412 -6.366335 -15.456900 0.193255 -2.063915 -12.338921 -9.952821 -14.419590 2.365743 37.605984 2.763777 4.736950 -3.847244 -0.000001 0.000005 -0.000298 -0.349644 12.570128 3.962914 2.512335 -10.821420 37.582180 5.625162 -7.869489 -19.627171 -0.000002 0.000003 -0.000298
7.804895 9.316062 -1.878616 -3.326560 -55.466621 -13.599371 2.240713 2.675806 30.283957 -0.000003 0.000003 -12.161667 0.000001 0.000002 -0.005906 -0.000000 0.000007 5.829915 0.000004 -0.000007 12.605163 -9.391620 7.307289 16.045088 -3.003151 -4.532236 -3.520747 -19.784563 -9.525484 16.523975 19.150408 10.396922 -24.300856 1.814689 6.796344 -3.527578 0.146501 -0.369922 -2.074598 2.259391 -5.641845 -7.897530 -23.405609 -31.141830 -92.080429 -6.495086 -14.767419 -0.014284 -4.192630 -9.528052 -7.609821 -10.612329 3.948194 28.959225 2.119189 4.902413 -5.583886 -0.000003 0.000007 -0.000293 -0.708000 11.303290 4.808383 2.611160 -11.211400 36.487221 5.143645 -8.395742 -19.411674 0.000002 0.000005 -0.000295
7.592103 9.346470 -1.861191 -2.082593 -53.298187 -14.336476 1.666405 2.752992 30.065670 -0.000003 -0.000003 -12.161665 0.000003 -0.000002 -0.005905 0.000000 -0.000012 5.829916 0.000002 -0.000002 12.605159 -8.996195 6.305892 16.668972 -2.959412 -4.939806 -3.266985 -20.352751 -9.574225 17.461126 18.228157 10.740068 -22.806559 2.684106 7.331693 -2.948218 0.380485 -0.790681 -1.885957 2.682340 -5.812604 -7.923364 -24.482365 -31.936968 -92.387108 -6.617126 -14.214915 -0.096307 -6.022370 -5.800131 -4.760016 -8.557742 5.884803 20.758112 1.281916 4.096391 -7.227401 0.000001 0.000005 -0.000280 -0.903031 10.491776 5.752269 2.620430 -12.023504 35.888046 4.722653 -8.966364 -19.427191 0.000001 -0.000000 -0.000298
7.374429 9.357126 -1.850079 -1.154993 -50.918121 -15.135969 1.149433 2.641396 30.176155 -0.000002 -0.000002 -12.161667 0.000002 -0.000003 -0.005902 -0.000001 -0.000000 5.829913 0.000002 -0.000000 12.605154 -8.507552 5.288336 17.281555 -2.904552 -5.183289 -2.939592 -20.688398 -9.449389 18.259943 17.276737 11.327144 -21.431376 3.397827 7.926377 -2.400357 0.544339 -1.176981 -1.641207 3.323786 -5.798502 -7.670316 -25.195793 -32.500511 -92.379402 -6.781847 -13.933415 -0.055128 -7.743271 -2.903528 -1.804817 -7.367771 6.724947 14.245054 0.688961 3.352585 -8.477677 0.000002 0.000007 -0.000294 -0.775107 9.840979 6.725927 2.600445 -12.995920 35.948910 4.329369 -9.725728 -19.715904 -0.000002 -0.000000 -0.000292
7.155088 9.344097 -1.850013 -0.763297 -48.531288 -15.511611 0.921115 2.414803 30.283724 -0.000003 0.000007 -12.161666 0.000004 -0.000002 -0.005904 -0.000003 0.000002 5.829913 0.000002 -0.000002 12.605163 -8.070584 4.331348 17.918884 -2.855799 -5.294513 -2.641220 -20.792093 -9.032412 18.933844 16.274473 12.095016 -20.148382 4.024889 8.431767 -1.869866 0.591371 -1.503361 -1.327496 4.099986 -5.548735 -7.099539 -25.581776 -32.804726 -91.988319 -6.928435 -13.972513 -0.023406 -9.484602 -0.123254 -0.548189 -5.252208 4.160807 12.144988 0.942749 2.631051 -9.712379 0.000010 0.000003 -0.000304 -0.202258 9.530901 7.185277 2.544799 -14.237994 36.926144 3.870022 -10.565393 -20.080576 0.000004 -0.000000 -0.000301
6.934973 9.309141 -1.864953 -0.891611 -46.345818 -15.191959 1.112944 2.328542 30.110332 -0.000002 0.000005 -12.161664 0.000000 -0.000007 -0.005905 0.000002 -0.000002 5.829914 -0.000000 -0.000005 12.605157 -7.764486 3.386530 18.596125 -2.780829 -5.358728 -2.372443 -20.687143 -8.416371 19.376402 15.259737 12.903895 -18.844185 4.715453 8.854178 -1.306514 0.578143 -1.849397 -0.952532 4.861182 -5.190731 -6.249377 -25.692892 -32.740826 -91.068413 -6.883405 -14.144423 -0.110021 -10.331406 0.076688 -0.844441 -3.607247 0.090413 13.265064 3.496706 4.815759 -11.057962 -0.000007 -0.000003 -0.000292 0.741790 9.537345 6.628520 2.542971 -15.577937 38.980602 3.104082 -11.419785 -20.184242 -0.000005 0.000009 -0.000287
6.714065 9.258924 -1.894380 -1.174152 -44.235897 -14.566494 1.474766 2.397584 29.888212 -0.000001 0.000003 -12.161664 0.000001 0.000003 -0.005906 -0.000000 0.000005 5.829917 0.000003 0.000002 12.605158 -7.525667 2.385518 19.139185 -2.558639 -5.356361 -2.315668 -20.510445 -7.780067 19.644812 14.304703 13.621334 -17.466185 5.633012 9.308171 -0.524608 0.575874 -2.239341 -0.765654 5.503948 -4.889304 -5.120103 -25.564938 -32.189289 -89.474121 -6.588060 -14.180848 -0.236439 -9.944317 -4.519632 -1.609568 -4.171979 -1.026069 16.273321 7.623979 10.176317 -11.543578 0.000006 -0.000000 -0.000295 1.762684 9.831906 5.032313 2.625543 -16.972532 42.313648 1.554726 -12.128214 -19.769123 -0.000003 -0.000000 -0.000292
6.492862 9.200830 -1.940178 -1.396261 -42.137897 -13.866474 1.833930 2.781088 29.742609 0.000001 0.000003 -12.161669 -0.000000 -0.000000 -0.005902 -0.000000 0.000002 5.829913 0.000002 0.000003 12.605162 -7.083154 1.105203 19.364086 -2.207767 -5.489715 -2.391490 -20.193254 -7.153619 19.677633 13.378858 14.133867 -16.129505 7.033118 9.824810 0.688135 0.676235 -2.753814 -0.855484 6.002694 -4.776866 -3.831434 -25.239485 -31.109442 -87.120834 -6.174906 -14.010332 -0.306427 -7.923755 -11.411733 -2.346501 -6.771594 2.672707 17.660004 12.245749 9.843127 -10.184770 -0.000000 0.000012 -0.000285 2.571513 10.235668 2.391784 2.990632 -17.860228 46.869259 -0.891249 -12.542987 -18.565901 0.000007 0.000003 -0.000297
6.276401 9.127213 -1.991693 -1.718054 -39.954529 -13.425654 2.278394 3.224496 29.827181 -0.000002 0.000005 -12.161663 0.000002 -0.000010 -0.005905 0.000001 -0.000003 5.829914 0.000003 -0.000002 12.605160 -6.516052 -0.339741 19.716597 -1.932521 -5.770118 -2.165707 -19.570744 -6.481818 19.432102 12.388776 14.394723 -15.041424 8.802519 10.372187 2.330149 0.864931 -3.378513 -0.695729 6.244698 -4.751610 -2.758547 -24.582762 -29.539871 -84.019089 -5.617858 -13.776530 -0.395371 -6.838951 -16.885920 -2.422458 -6.783505 7.915613 18.990843 13.135964 7.285387 -5.741804 0.000006 0.000012 -0.000299 3.267189 10.454602 -0.746653 4.130418 -17.637243 52.118851 -3.560090 -12.901719 -16.436907 -0.000005 0.000007 -0.000285
6.059078 9.053342 -2.061810 -2.578127 -37.977043 -13.332602 3.437240 3.548280 30.347744 -0.000006 0.000009 -12.161663 0.000003 -0.000014 -0.005903 -0.000000 0.000003 5.829914 0.000003 -0.000000 12.605161 -6.492381 -1.555808 20.401413 -1.689297 -5.709825 -1.218247 -18.972038 -5.970172 18.621395 11.327879 14.149568 -14.001893 10.395234 10.873696 3.936763 0.593132 -3.639973 -0.026738 6.357045 -5.232673 -2.043026 -23.375225 -27.267258 -80.258614 -4.820364 -13.754061 -0.612112 -5.423995 -19.415169 -4.519741 -5.874326 9.543843 26.000555 9.861465 6.718415 -9.748441 0.000004 0.000002 -0.000296 4.071717 10.778186 -3.495474 6.372504 -17.061201 56.972641 -5.682513 -12.858418 -13.603745 -0.000002 0.000005 -0.000300
5.856978 8.999742 -2.091836 -4.516336 -35.895493 -13.086227 5.739748 3.136599 31.734114 -0.000003 -0.000000 -12.161666 0.000002 -0.000003 -0.005905 0.000001 -0.000000 5.829916 0.000001 -0.000003 12.605162 -7.161673 -2.468711 20.538944 -1.269139 -5.410008 -1.513919 -18.810598 -4.885880 18.006035 10.060078 13.203987 -12.436993 11.554563 11.109659 5.133508 -0.069127 -3.290323 0.117739 6.313474 -6.212090 -1.739918 -21.690981 -24.253607 -75.577187 -3.531920 -14.093290 -0.492685 -4.124412 -18.723993 -5.384227 -5.723093 6.021678 31.181559 7.963020 7.428376 -11.725574 0.000005 -0.000000 -0.000293 5.282095 11.193402 -5.332384 8.803761 -17.305054 60.683075 -5.165740 -11.650436 -11.329404 -0.000005 0.000002 -0.000285
5.658625 8.978013 -2.107668 -5.522468 -34.315472 -13.157281 7.515695 3.404180 32.747570 0.000001 -0.000000 -12.161667 0.000001 -0.000000 -0.005905 0.000000 -0.000000 5.829916 0.000000 -0.000002 12.605159 -7.475584 -3.490216 20.804089 -1.227822 -5.367814 -1.692375 -18.207422 -3.141697 16.709217 8.355530 11.751695 -10.561998 12.481547 11.122591 6.446033 -0.307542 -3.427042 0.325330 5.349105 -5.684366 -1.726506 -18.886570 -22.036705 -70.205750 -1.163483 -14.548110 -0.422623 -2.817057 -17.796566 -4.528707 -7.895599 0.339790 33.321327 6.416392 10.800796 -13.347945 0.000009 -0.000003 -0.000300 5.575609 12.819322 -6.837397 11.155909 -18.020708 62.925434 -4.043526 -9.675648 -10.972927 0.000000 0.000009 -0.000297
5.472946 8.976922 -2.116302 -5.674094 -32.898487 -13.053931 8.050592 3.786421 32.963684 -0.000003 0.000002 -12.161665 0.000001 -0.000002 -0.005904 0.000001 -0.000003 5.829913 0.000002 -0.000000 12.605155 -7.156483 -3.987068 21.411730 -0.958874 -5.308025 -1.982002 -17.234859 -1.315919 15.202956 5.856857 10.618424 -8.908108 13.011148 11.286244 7.885365 -0.218578 -3.178406 0.575430 3.846055 -4.473955 -1.573455 -15.492460 -20.611185 -64.847015 2.024863 -14.712002 -1.653415 -1.969710 -19.323338 -3.983488 -8.063218 1.317591 34.057068 5.684964 9.613681 -14.866269 0.000010 0.000009 -0.000295 4.798481 14.345173 -8.702377 13.921881 -18.101139 63.480072 -4.443673 -8.706760 -10.654512 0.000003 0.000003 -0.000292
5.307035 8.998042 -2.115753 -5.642137 -31.141872 -12.567115 8.176380 4.071280 32.591640 -0.000003 0.000003 -12.161663 -0.000001 -0.000005 -0.005906 0.000003 -0.000000 5.829917 0.000001 -0.000002 12.605156 -6.562250 -4.564607 22.437384 -0.602216 -5.408006 -2.424872 -16.249075 -0.905516 13.923508 3.040975 10.349532 -7.669400 12.190567 11.893777 8.909783 -0.087539 -2.976287 0.802658 2.449275 -3.504145 -1.070398 -13.621045 -18.558798 -59.875282 4.083998 -14.576900 -3.257072 -1.019725 -21.395821 -4.045951 -7.698480 3.728734 34.311481 5.264904 7.113296 -15.911580 0.000003 0.000005 -0.000295 3.612168 14.952881 -10.791282 16.285023 -17.173561 63.274403 -4.232041 -9.318480 -10.577895 0.000001 -0.000000 -0.000287
5.166372 9.042861 -2.103926 -5.135561 -29.525948 -12.293925 7.914339 4.585103 32.188255 -0.000005 -0.000000 -12.161668 0.000002 -0.000002 -0.005905 0.000001 0.000002 5.829916 0.000002 -0.000003 12.605155 -5.896688 -5.221823 23.303938 -0.501788 -5.697984 -2.855067 -15.659901 -1.840453 12.586199 1.182381 10.699480 -6.756528 9.587506 12.553888 8.930920 -0.002498 -2.915209 1.029973 1.243593 -2.622202 -0.266982 -12.984915 -15.708030 -55.867458 4.524683 -14.187860 -4.341345 -1.046701 -20.807816 -3.538135 -7.503532 2.723460 34.010468 5.003184 5.735261 -16.326168 0.000002 0.000005 -0.000294 2.060676 15.363814 -12.553896 16.792917 -16.036989 62.692577 -4.229110 -9.871846 -10.880710 0.000000 0.000002 -0.000294
5.046039 9.105092 -2.082620 -4.238861 -28.332829 -12.572086 7.308634 5.531609 32.122570 -0.000003 0.000005 -12.161671 0.000006 -0.000007 -0.005906 0.000002 0.000002 5.829915 -0.000002 -0.000007 12.605162 -5.254276 -5.831457 23.640121 -0.555477 -6.064226 -3.083330 -15.356805 -3.525273 11.580130 0.521714 11.175369 -6.807847 5.982193 12.428144 7.886038 0.173911 -2.882008 1.284680 0.578891 -0.535187 0.697166 -13.208122 -13.938920 -52.595539 4.975876 -13.662371 -5.030590 -1.294760 -19.045942 -2.613140 -7.964470 0.109246 33.141602 4.779951 5.395889 -16.015886 -0.000000 -0.000002 -0.000294 0.559800 15.201237 -13.571374 15.289600 -14.292621 62.068874 -3.997186 -9.526135 -11.587157 0.000006 -0.000000 -0.000295
4.936128 9.174204 -2.059375 -3.367965 -27.469625 -12.794201 6.694098 6.650131 32.130253 -0.000004 -0.000000 -12.161670 0.000002 -0.000002 -0.005905 -0.000001 0.000005 5.829916 0.000003 -0.000003 12.605157 -4.786570 -6.390841 23.396461 -0.745885 -6.126823 -3.301504 -15.142426 -4.880349 11.076731 1.073192 11.025150 -7.888531 2.659806 11.079993 5.863240 0.384817 -2.698993 1.398926 0.468669 1.767201 1.740685 -13.743851 -12.847265 -50.010979 6.254333 -12.749570 -5.637841 -1.491830 -17.801685 -1.531119 -8.129459 -1.616143 31.743492 4.582574 4.864922 -15.184191 -0.000001 -0.000005 -0.000284 -0.507297 14.112677 -14.122971 12.720203 -11.467092 61.038826 -3.669419 -8.455264 -12.517678 0.000003 0.000002 -0.000301
4.831144 9.247426 -2.039547 -2.852897 -26.644274 -12.623506 6.350015 7.455910 32.046509 -0.000003 -0.000000 -12.161663 0.000004 -0.000003 -0.005903 0.000001 -0.000002 5.829916 0.000000 -0.000009 12.605160 -4.510752 -6.843309 22.867462 -1.017000 -5.742129 -3.522618 -15.262750 -5.391378 10.879552 2.852227 9.862020 -9.684407 1.013194 9.391273 3.269117 0.479782 -2.290574 1.341438 0.715158 3.489708 2.707419 -14.264072 -11.670946 -48.004761 7.538443 -11.480458 -6.013679 -1.454469 -17.799482 -0.511111 -8.016872 -1.930850 29.848139 4.629497 4.141087 -13.780604 0.000004 0.000002 -0.000295 -0.982509 12.486456 -14.358433 10.326709 -7.762035 58.832546 -3.453858 -7.387991 -13.413230 0.000001 0.000002 -0.000299
4.732984 9.320793 -2.024476 -2.588972 -25.943237 -12.037601 6.322948 8.223578 31.790007 -0.000001 -0.000000 -12.161668 0.000002 -0.000002 -0.005902 0.000003 -0.000003 5.829916 -0.000000 0.000003 12.605163 -4.384951 -7.316753 22.301680 -1.318576 -5.219938 -3.668045 -15.709764 -5.047772 10.625678 5.481497 7.892869 -11.694398 1.246476 8.004503 0.559222 0.407282 -1.871026 1.175099 1.184069 4.468488 3.520535 -14.678522 -10.102631 -46.390511 8.239290 -10.433606 -6.122819 -1.226956 -17.966665 0.146066 -7.816045 -2.118723 28.028322 4.803593 3.635938 -11.954812 -0.000001 0.000002 -0.000288 -1.307796 11.389824 -14.364998 8.667232 -3.869986 55.103035 -3.200335 -6.767843 -14.085391 0.000002 -0.000003 -0.000297
4.645609 9.390837 -2.009062 -2.425731 -25.310915 -11.256464 6.392607 8.952967 31.345207 -0.000002 -0.000000 -12.161670 0.000001 -0.000003 -0.005903 0.000002 0.000003 5.829916 0.000003 -0.000003 12.605156 -4.329422 -7.726221 21.893015 -1.562717 -4.730596 -3.696449 -16.117113 -4.140291 10.206577 8.076850 5.659451 -13.582913 2.703685 6.791510 -1.892779 0.298929 -1.515096 1.102482 1.743890 4.981369 4.078906 -14.835849 -8.371298 -44.929295 8.354696 -9.878757 -6.038873 -1.052104 -17.942940 0.504559 -7.575689 -2.801543 26.503752 4.946507 3.538930 -10.046372 -0.000002 0.000003 -0.000293 -1.871261 11.674150 -14.041703 7.423633 -0.768833 50.054733 -2.929033 -6.913765 -14.519461 0.000001 0.000003 -0.000293
4.568903 9.456338 -1.986774 -2.115193 -24.468422 -10.646322 6.185103 9.336938 30.829056 -0.000001 0.000001 -12.161667 0.000001 -0.000003 -0.005905 0.000002 -0.000000 5.829916 -0.000000 -0.000002 12.605158 -4.310680 -7.937437 21.740814 -1.705929 -4.292293 -3.615781 -16.123253 -3.232697 9.726170 9.971838 3.574449 -15.174575 4.725154 5.510220 -3.518651 0.277182 -1.234991 1.156496 2.316313 5.433429 4.412210 -14.579768 -6.902493 -43.377335 8.141356 -9.643465 -5.799520 -1.138393 -18.035582 0.737572 -7.406946 -3.661325 25.372421 5.129348 3.678920 -8.081355 -0.000001 0.000010 -0.000298 -2.931867 13.685038 -13.109928 6.080242 0.360687 44.041573 -3.016528 -7.565384 -14.796474 0.000001 0.000004 -0.000295
4.494752 9.513311 -1.956929 -1.694257 -23.421721 -10.304914 5.763555 9.340864 30.389181 -0.000003 0.000005 -12.161671 -0.000000 -0.000001 -0.005905 0.000004 -0.000001 5.829915 -0.000002 -0.000003 12.605160 -4.335848 -7.960112 21.889633 -1.817584 -3.928546 -3.523939 -16.188892 -2.935333 9.134382 11.562545 2.076884 -16.223484 6.444262 4.486311 -3.569141 0.315911 -1.044191 1.221298 2.872709 5.986245 4.631828 -13.926698 -5.877880 -41.585182 7.886884 -9.484709 -5.462557 -1.359227 -18.279222 1.103805 -7.311839 -4.308436 24.514481 5.368557 3.649209 -6.445055 0.000002 0.000007 -0.000292 -4.118894 17.023529 -11.475184 4.440981 -0.793599 37.556229 -3.387977 -8.188053 -14.920330 0.000002 0.000006 -0.000300
4.414755 9.554357 -1.924273 -1.537361 -22.474892 -9.914919 5.505688 9.286437 29.933653 -0.000005 0.000003 -12.161670 0.000005 -0.000006 -0.005903 -0.000002 0.000003 5.829914 0.000002 -0.000007 12.605157 -4.300352 -7.905054 22.334421 -1.847537 -3.706339 -3.459768 -16.397778 -3.293729 8.323477 12.720069 1.523044 -16.663288 7.318213 3.925556 -2.564937 0.406230 -0.952624 1.188666 3.401781 6.457983 4.808587 -13.083362 -5.067800 -39.513012 7.661229 -9.338893 -5.107733 -1.279084 -18.324171 1.492751 -7.279624 -4.817671 23.929756 5.661228 3.434640 -5.246552 0.000000 -0.000000 -0.000295 -5.093347 20.549427 -9.516808 3.126725 -3.472688 31.057198 -3.622563 -8.622010 -14.765428 0.000000 0.000002 -0.000291
4.329366 9.572432 -1.892460 -1.788000 -21.612421 -9.186032 5.446779 9.157679 29.124846 -0.000001 0.000003 -12.161667 0.000002 -0.000008 -0.005902 0.000002 0.000001 5.829916 0.000000 -0.000003 12.605159 -4.045354 -7.806461 23.006998 -1.748552 -3.628042 -3.358750 -16.478539 -3.691213 7.348267 13.042223 1.714386 -16.691935 7.718917 3.723297 -1.677342 0.543534 -0.878971 1.144867 3.925903 6.607979 4.926841 -12.260752 -4.152756 -37.196892 7.378657 -9.208214 -4.706431 -0.687751 -17.883751 1.493436 -7.344796 -5.665734 23.945324 5.965763 3.101242 -4.809720 0.000008 -0.000002 -0.000293 -5.711208 21.960491 -7.930829 2.587542 -5.518262 25.318701 -3.733975 -8.775575 -13.981827 0.000001 0.000005 -0.000297
4.241955 9.567408 -1.859959 -2.387514 -20.710045 -8.296817 5.447677 8.643642 28.059387 -0.000003 0.000003 -12.161670 0.000002 -0.000003 -0.005900 0.000001 -0.000000 5.829913 0.000002 -0.000003 12.605162 -3.592366 -7.500021 23.740055 -1.538995 -3.411016 -3.202662 -16.262732 -3.585009 6.282975 12.676395 1.823579 -16.551533 7.717749 3.933014 -1.238595 0.686616 -0.577781 1.081024 4.541790 6.420413 5.009203 -11.553276 -3.105669 -34.637482 6.904829 -9.025769 -4.197369 0.293343 -16.986603 1.025504 -7.592873 -7.142452 25.022560 6.264021 2.984034 -5.158465 -0.000002 0.000009 -0.000285 -6.247576 20.598591 -6.746055 2.972754 -5.551950 20.550648 -0.713855 -8.594960 -9.811448 0.000002 0.000003 -0.000288
4.146525 9.544710 -1.823379 -3.326639 -20.104483 -7.862384 5.639845 8.023009 27.415457 -0.000001 0.000008 -12.161668 0.000002 -0.000003 -0.005905 -0.000002 -0.000004 5.829916 0.000003 -0.000001 12.605155 -3.147315 -6.885471 24.458391 -1.225868 -2.971421 -3.098151 -16.056440 -2.910479 5.316625 12.136135 1.730279 -16.393572 7.342803 4.037658 -1.078635 0.870531 -0.163826 1.062414 5.258386 6.156836 4.966032 -10.932720 -2.090724 -31.825380 6.151721 -8.817097 -3.629838 1.531551 -15.657478 0.509033 -8.286675 -9.265586 27.499187 6.569436 3.473862 -6.255706 0.000000 0.000007 -0.000291 -5.073336 17.824518 -5.098448 2.100858 -4.687716 17.667732 6.834768 -6.175956 -3.773478 0.000001 0.000008 -0.000299
4.053520 9.514814 -1.778211 -4.430267 -19.509886 -8.934656 5.962276 7.082556 28.316038 -0.000001 -0.000000 -12.161671 -0.000000 -0.000001 -0.005903 0.000002 -0.000000 5.829915 0.000001 -0.000001 12.605160 -2.763226 -6.004780 25.304821 -0.828178 -2.625465 -3.140132 -15.979427 -2.018810 4.550508 11.784796 1.812528 -16.374859 6.864081 3.862504 -0.939913 1.073718 0.241620 1.033028 6.128759 5.906166 4.756576 -10.311565 -1.275740 -28.771379 5.134245 -8.748862 -3.091307 2.276535 -14.933129 0.906206 -9.419566 -11.313328 31.448137 6.992988 4.779530 -7.520903 0.000002 0.000007 -0.000295 -2.747782 14.292562 -2.463525 0.616375 -5.116943 16.327976 8.366899 -2.822200 -4.228185 0.000000 0.000003 -0.000298
3.990531 9.476158 -1.731181 -5.069274 -18.003702 -10.843904 5.870827 6.064045 29.724495 0.000001 0.000003 -12.161665 0.000001 -0.000003 -0.005904 0.000000 -0.000001 5.829914 0.000004 -0.000005 12.605157 -2.140675 -5.823143 26.517668 -0.296351 -3.745959 -3.040028 -15.673820 -1.356232 3.896705 11.463629 2.132892 -16.523922 6.725168 3.948840 -0.853719 1.357520 -0.067484 1.551518 7.100111 5.335866 3.846547 -9.569353 -0.650363 -25.258854 3.883208 -8.988426 -2.716385 2.030842 -15.737474 1.222224 -10.973874 -12.510618 36.171883 7.718925 6.253712 -7.084305 -0.000003 -0.000003 -0.000288 -2.534473 9.618655 -0.886071 1.029245 -5.780499 16.898428 8.134224 0.766425 -3.719077 -0.000000 0.000004 -0.000298
3.939090 9.441468 -1.698430 -3.834511 -16.551847 -12.631091 4.432158 5.742785 30.619831 -0.000001 0.000002 -12.161665 0.000002 -0.000007 -0.005905 0.000001 0.000003 5.829916 0.000000 -0.000003 12.605160 -1.949514 -6.081772 27.554924 -0.052138 -4.614304 -2.560392 -15.308481 -2.399077 3.450735 11.365660 2.470208 -16.704355 6.710196 4.245552 -1.013797 0.899945 -0.520042 2.079921 8.490490 3.904146 2.374458 -8.443072 0.015365 -20.761971 2.294683 -9.465967 -2.484902 0.617404 -15.529737 0.569752 -12.679300 -13.213558 40.810268 8.220673 6.898389 -5.158412 0.000003 0.000005 -0.000295 -2.836486 7.032097 -1.831949 0.001481 -4.400416 20.767824 7.842558 0.963177 -4.811678 -0.000000 0.000002 -0.000293
3.888529 9.430378 -1.680528 -1.961320 -15.337181 -13.565223 2.424178 6.019423 31.275560 0.000000 0.000001 -12.161670 -0.000001 -0.000003 -0.005902 0.000003 -0.000003 5.829914 -0.000000 0.000001 12.605159 -1.892898 -6.510166 27.576393 -0.211613 -4.875965 -2.752747 -14.725454 -4.227215 3.828372 11.903422 2.411603 -17.035538 6.575560 4.144072 -1.430021 0.647671 -0.904272 1.992442 9.531000 1.464972 0.218990 -6.398940 0.290350 -15.186460 0.209231 -10.059584 -1.946483 -1.549505 -14.880940 -1.760265 -13.566125 -12.718719 45.765057 8.658461 6.775752 -2.324485 0.000003 -0.000000 -0.000289 -3.789826 8.558148 -2.454985 -0.419629 -4.806813 23.533302 7.605457 -0.828239 -6.423399 -0.000003 0.000004 -0.000283
3.841114 9.423314 -1.674470 -1.581821 -13.422051 -13.025955 1.483847 5.437690 31.014690 -0.000004 0.000006 -12.161664 0.000002 -0.000003 -0.005901 -0.000000 -0.000000 5.829915 0.000005 -0.000003 12.605156 -1.790924 -6.983792 27.210871 -0.454259 -5.024492 -3.122348 -14.136735 -4.910845 4.523442 12.922843 1.205368 -17.473368 6.691177 3.684633 -1.809744 0.415170 -1.497747 1.672086 10.404711 -1.427039 -2.038592 -3.276009 -0.842631 -9.426242 -2.340196 -11.225305 -1.053471 -1.724777 -15.903262 -5.246866 -14.559988 -11.302028 50.031826 8.580575 6.795751 0.326331 0.000004 -0.000000 -0.000294 -3.831349 13.370378 -2.652691 -0.339076 -8.320238 24.391027 7.740381 -3.970883 -7.763649 -0.000002 0.000003 -0.000290
3.777526 9.421457 -1.668426 -2.203235 -12.087108 -12.923977 1.594002 4.950036 31.273493 -0.000002 0.000004 -12.161664 0.000001 -0.000005 -0.005905 0.000003 0.000003 5.829913 0.000001 -0.000005 12.605164 -1.686236 -7.227162 27.038343 -0.591630 -4.935561 -3.431127 -13.776469 -4.516042 5.257295 13.909418 -0.053185 -17.934769 7.350612 3.384797 -1.998124 0.302377 -1.827339 1.234166 10.750470 -4.689984 -3.673876 0.682474 -3.833366 -4.920795 -4.757250 -13.970638 -0.255419 -0.973044 -17.324839 -7.228683 -15.156898 -9.324341 52.997021 8.748129 7.180744 2.493034 0.000005 -0.000007 -0.000288 -3.296986 17.988846 -2.303056 0.298350 -11.783485 24.700241 7.887725 -6.636558 -8.662398 -0.000001 0.000001 -0.000285
3.706958 9.415013 -1.649573 -3.149166 -11.125593 -13.437308 2.305378 4.648284 32.041817 -0.000002 0.000002 -12.161665 0.000001 0.000002 -0.005905 0.000001 -0.000002 5.829919 0.000003 -0.000005 12.605156 -1.646741 -7.505429 27.222055 -0.652643 -5.109841 -3.607091 -13.906618 -3.820701 5.927411 14.545460 0.232285 -18.439762 8.110279 3.675907 -1.957736 0.449648 -2.191318 0.887007 10.345942 -7.944674 -4.615574 4.325936 -7.450953 -2.173235 -5.083858 -17.529530 -0.234193 0.161842 -18.384581 -7.733176 -15.861229 -7.607893 54.757645 9.367473 8.139899 3.182112 0.000003 0.000002 -0.000302 -2.182139 19.310965 -1.945990 0.592182 -13.181363 25.315855 7.801969 -7.827927 -9.031041 -0.000002 0.000008 -0.000292
3.636299 9.414524 -1.639533 -3.906364 -9.679755 -14.091569 2.986491 3.858989 32.697773 -0.000004 0.000001 -12.161665 0.000000 -0.000003 -0.005903 0.000003 -0.000003 5.829913 -0.000003 0.000000 12.605162 -1.759616 -7.881166 27.598339 -0.675622 -5.539534 -3.562837 -14.537530 -3.497620 6.399767 14.694461 2.285548 -18.823578 8.465674 4.613692 -1.811126 0.600005 -2.587405 0.707973 9.743443 -9.697149 -5.337367 6.338278 -10.469330 -0.328013 -2.912666 -19.179935 -0.938360 0.835231 -18.798376 -7.697834 -16.363968 -6.953785 55.781239 9.685946 9.583499 1.573918 0.000004 -0.000005 -0.000295 -1.109590 17.322094 -1.478830 0.172019 -13.201359 25.935246 7.550044 -7.441098 -9.045753 0.000000 0.000004 -0.000294
3.574831 9.414801 -1.627826 -4.136755 -8.259826 -14.530893 3.283495 3.109105 32.975414 -0.000001 0.000000 -12.161669 0.000002 -0.000003 -0.005900 -0.000001 0.000003 5.829913 0.000001 -0.000004 12.605159 -1.981265 -8.203238 27.904718 -0.687625 -5.898397 -3.379853 -15.372420 -3.764733 6.677350 14.349512 5.288743 -18.992876 8.331919 5.850860 -1.673268 0.683116 -2.856462 0.662484 9.180651 -9.572608 -6.015523 6.860481 -11.271187 0.315690 -0.673119 -18.454010 -1.455946 0.874506 -17.942610 -7.650932 -16.201200 -7.203183 56.148075 8.838782 10.538176 -0.840193 -0.000003 0.000005 -0.000295 -0.710986 14.817899 -1.079284 -0.119865 -12.677352 26.025480 7.237849 -6.985514 -8.883899 0.000003 0.000003 -0.000290
3.525439 9.412814 -1.615044 -3.941442 -7.222770 -14.673642 3.138216 2.686489 32.957642 -0.000002 -0.000003 -12.161666 0.000001 -0.000000 -0.005902 0.000002 0.000001 5.829916 0.000002 -0.000004 12.605157 -2.136604 -8.273864 28.070230 -0.642806 -5.973699 -3.225642 -16.037605 -4.198642 6.876201 13.676553 7.906938 -18.912291 7.913753 7.014987 -1.587132 0.835482 -2.796592 0.623140 8.739380 -8.433561 -6.514608 6.250427 -9.424741 -0.471313 0.176834 -16.443647 -1.791717 0.759641 -16.520960 -7.753235 -15.702484 -7.332576 55.519680 8.211073 10.180570 -2.643431 -0.000004 0.000002 -0.000299 -0.702444 13.207067 -0.708633 -0.019013 -11.911587 25.488949 6.900585 -7.301710 -8.656372 -0.000002 0.000006 -0.000297
3.489359 9.414733 -1.601892 -3.485894 -6.209870 -14.441414 2.573683 2.315795 32.511974 -0.000004 0.000001 -12.161672 0.000004 0.000002 -0.005903 -0.000001 -0.000001 5.829915 0.000002 -0.000000 12.605157 -2.100802 -8.170558 28.251352 -0.554356 -5.857304 -3.099500 -16.268806 -4.433458 7.066874 12.789268 9.235975 -18.522844 7.498948 7.758427 -1.438431 1.063524 -2.551105 0.622534 8.466992 -6.672532 -6.749184 4.421491 -5.678077 -2.616311 -0.173704 -14.468513 -1.748193 0.596743 -15.101661 -8.053446 -15.125393 -7.318769 53.961117 7.760585 9.201902 -4.136808 0.000003 -0.000003 -0.000295 -1.102258 12.262123 -0.384469 0.342598 -11.464598 24.459278 6.531860 -7.910241 -8.396733 -0.000001 0.000007 -0.000290
3.458161 9.417223 -1.590929 -2.893528 -5.134618 -13.975844 1.812654 1.908859 31.782606 -0.000000 0.000004 -12.161670 -0.000001 -0.000003 -0.005906 0.000001 -0.000001 5.829916 0.000001 -0.000000 12.605155 -1.917938 -8.053448 28.479919 -0.525742 -5.694234 -3.031638 -16.096130 -4.479486 7.278142 11.797050 9.268253 -17.787014 7.278318 7.898800 -1.163457 1.210367 -2.296093 0.675167 8.320155 -4.559073 -6.660821 1.657409 -2.008102 -5.834667 -1.285832 -12.743191 -1.330189 0.430603 -13.836475 -8.332949 -14.299623 -7.031006 51.496044 7.161036 7.741524 -5.428027 -0.000003 0.000005 -0.000292 -1.724443 11.843368 -0.147371 0.620727 -11.834671 23.230499 6.120941 -8.235229 -8.029608 -0.000001 0.000004 -0.000293
3.416688 9.421316 -1.582794 -2.600916 -4.410318 -13.337094 1.479388 1.793539 30.939190 -0.000000 -0.000001 -12.161670 -0.000001 0.000001 -0.005907 0.000001 0.000000 5.829916 0.000004 -0.000004 12.605156 -1.680991 -8.042612 28.655283 -0.579597 -5.579544 -3.055951 -15.745894 -4.629275 7.538311 10.859444 8.547776 -16.808065 7.199320 7.654200 -0.791541 1.234601 -2.147710 0.748097 8.430008 -2.537754 -6.447363 -1.744055 0.257783 -9.562508 -2.163644 -11.352351 -1.036178 0.799339 -12.961383 -8.456601 -13.287972 -5.961162 48.214863 6.543037 6.339643 -6.763707 0.000001 0.000002 -0.000291 -1.947705 12.021320 -0.031346 0.758252 -12.666973 21.972906 5.717074 -8.404924 -7.619515 0.000002 0.000008 -0.000298
3.361853 9.428386 -1.574307 -2.745214 -4.258459 -12.817265 1.759955 2.148257 30.307926 -0.000003 -0.000001 -12.161663 0.000006 0.000000 -0.005903 -0.000003 -0.000001 5.829915 0.000002 -0.000005 12.605159 -1.452201 -8.136850 28.720284 -0.684766 -5.484354 -3.129778 -15.402775 -5.031404 7.799378 10.085320 7.640450 -15.780133 7.160203 7.380497 -0.379889 1.184409 -2.079182 0.797989 8.858778 -1.347448 -6.283608 -5.307658 1.034178 -13.476475 -2.232374 -10.319262 -0.971706 1.551126 -12.333136 -8.015285 -12.268986 -4.473184 44.276356 6.045901 5.875838 -8.135695 0.000002 0.000003 -0.000300 -1.522962 12.624063 0.187498 0.837614 -13.324278 20.800224 5.370081 -8.690654 -7.272034 0.000004 0.000006 -0.000299
3.305852 9.436861 -1.561681 -2.988219 -4.169931 -12.633172 2.152485 2.495527 30.049387 -0.000003 0.000005 -12.161665 0.000004 -0.000007 -0.005906 -0.000001 0.000004 5.829914 0.000004 -0.000002 12.605162 -1.271722 -8.239733 28.710001 -0.786723 -5.340521 -3.208608 -15.130063 -5.551664 8.008208 9.461192 6.866259 -14.849410 7.159367 7.133693 0.020661 1.125004 -1.990061 0.784099 9.385424 -1.246766 -6.150808 -7.959387 0.701232 -17.001566 -2.165521 -9.618842 -1.305017 2.056149 -11.595555 -6.778449 -11.347756 -3.624630 39.885311 5.908787 6.066084 -8.928642 0.000003 -0.000000 -0.000288 -0.868152 13.129396 0.646988 0.867940 -13.722144 19.841990 5.073073 -9.068199 -7.037248 0.000000 0.000001 -0.000289
3.257717 9.441092 -1.545339 -2.952321 -3.702810 -12.555782 2.183429 2.518049 29.867348 0.000002 -0.000000 -12.161662 0.000001 -0.000001 -0.005904 -0.000001 0.000002 5.829910 0.000001 -0.000005 12.605160 -1.169598 -8.353623 28.722578 -0.846766 -5.171255 -3.257076 -14.913306 -5.938207 8.134363 8.964767 6.151028 -14.090424 7.389178 6.646816 0.412064 1.099955 -1.904007 0.687583 9.722387 -1.858860 -6.049639 -9.714789 -0.106881 -20.454189 -2.127186 -9.651430 -1.343967 2.014869 -10.627452 -5.231508 -10.276347 -3.452867 35.362473 6.055062 6.387553 -9.605361 0.000002 -0.000002 -0.000286 -0.628741 13.172683 1.090599 0.939571 -14.043368 19.091208 4.806726 -9.349094 -6.909536 -0.000002 0.000005 -0.000287
3.216519 9.440114 -1.527199 -2.501456 -2.991429 -12.442929 1.802934 2.430842 29.591402 -0.000004 0.000001 -12.161668 0.000003 0.000000 -0.005905 0.000003 -0.000001 5.829916 0.000001 -0.000003 12.605154 -1.174803 -8.516470 28.867481 -0.873919 -5.053312 -3.247853 -14.722072 -5.970543 8.198192 8.621132 5.163669 -13.611150 8.042994 5.741406 0.803389 1.074253 -1.896862 0.541215 9.769300 -2.627465 -6.044070 -10.549503 -1.245097 -23.342222 -2.210904 -10.029576 -1.313047 1.434901 -9.496009 -3.784904 -9.059529 -3.512553 31.008263 6.620472 6.434038 -10.052144 0.000002 -0.000002 -0.000299 -0.909643 12.837861 1.365835 0.995313 -14.379168 18.578695 4.539101 -9.376151 -6.890772 0.000001 0.000003 -0.000289
3.176549 9.435788 -1.508370 -1.811497 -2.309648 -12.343405 1.309027 2.501172 29.269625 -0.000001 0.000000 -12.161665 0.000002 -0.000001 -0.005906 -0.000002 0.000001 5.829919 0.000001 -0.000002 12.605156 -1.308941 -8.743222 29.160858 -0.905076 -5.053708 -3.186182 -14.595900 -5.771718 8.249105 8.578026 3.815387 -13.357804 8.827608 4.923586 1.067484 1.002378 -2.062968 0.388252 9.564013 -3.165799 -6.169718 -10.788931 -2.591872 -25.469877 -2.280287 -10.402457 -1.368496 0.822733 -8.743717 -2.424340 -8.126217 -3.368893 26.896091 7.581600 6.655550 -10.445930 -0.000002 0.000003 -0.000280 -1.479934 12.342156 1.503631 1.051330 -14.734829 18.358391 4.252855 -9.133652 -7.002921 -0.000002 0.000004 -0.000292
3.133494 9.429008 -1.490668 -1.099638 -1.779423 -12.224545 0.908656 2.733768 28.924984 -0.000005 0.000002 -12.161668 0.000002 -0.000005 -0.005903 0.000001 0.000006 5.829915 0.000004 -0.000004 12.605159 -1.560014 -8.939516 29.523739 -0.958738 -5.116248 -3.141879 -14.551758 -5.649688 8.265965 8.771839 2.620875 -13.245368 9.491286 4.400984 1.152455 0.914707 -2.307054 0.166984 9.199243 -3.514065 -6.322823 -10.855563 -3.839782 -26.999643 -2.168541 -10.732267 -1.491536 0.414312 -8.771908 -1.198317 -7.407134 -2.634287 23.131275 8.517525 7.232255 -10.746454 0.000001 0.000003 -0.000296 -2.156015 11.670280 1.392732 1.153682 -14.893694 18.575094 3.952634 -8.753456 -7.297209 0.000002 0.000006 -0.000292
3.084116 9.418686 -1.476469 -0.494157 -1.521479 -12.136729 0.685286 3.148078 28.665300 -0.000001 0.000003 -12.161669 -0.000001 -0.000004 -0.005903 0.000002 -0.000002 5.829913 -0.000000 0.000000 12.605161 -1.850929 -9.040122 29.827200 -1.033771 -5.175893 -3.174676 -14.536925 -5.735938 8.211782 9.011338 2.021646 -13.264517 10.030449 4.032401 1.203442 0.830576 -2.542897 -0.217491 8.786885 -3.891493 -6.427260 -10.887463 -4.556807 -27.890093 -2.066571 -11.059809 -1.774965 0.113651 -9.676534 -0.155935 -6.634075 -1.148093 19.926355 8.719813 7.710045 -10.267387 0.000002 -0.000000 -0.000295 -2.666407 10.966560 0.963229 1.195302 -14.686087 19.419001 3.666116 -8.466204 -7.837549 0.000001 0.000003 -0.000295
3.027381 9.403918 -1.467094 0.079628 -1.585594 -11.989414 0.511945 3.812794 28.381514 -0.000001 -0.000001 -12.161668 0.000001 -0.000003 -0.005905 -0.000000 0.000008 5.829914 0.000001 -0.000008 12.605162 -2.097265 -9.059191 30.019266 -1.087686 -5.193142 -3.263536 -14.480410 -5.932960 8.107091 9.237687 1.908925 -13.441408 10.387311 3.836522 1.272796 0.777285 -2.745348 -0.550298 8.399547 -4.300105 -6.614078 -10.901502 -4.937520 -28.628498 -2.093064 -11.224074 -1.864805 -0.024991 -10.769033 0.564501 -5.857623 0.296449 17.727081 4.210213 7.413660 -7.562264 0.000002 0.000003 -0.000303 -3.057444 10.459330 0.147584 1.212044 -14.181066 20.861837 3.361223 -8.393310 -8.640767 -0.000004 0.000001 -0.000299
2.974925 9.384197 -1.456131 0.705197 -1.893027 -11.939628 0.290115 4.617587 28.231115 -0.000003 0.000001 -12.161668 0.000003 -0.000003 -0.005904 0.000000 -0.000004 5.829916 0.000001 -0.000000 12.605162 -2.301948 -8.980875 30.204168 -1.101121 -5.087177 -3.333855 -14.385802 -6.076157 7.890339 9.485122 1.961281 -13.754211 10.566898 3.774781 1.289309 0.653666 -2.844299 -0.737140 8.087612 -4.540294 -6.848470 -10.876118 -5.174461 -29.350567 -2.242577 -11.387422 -1.848170 0.330197 -12.147237 0.919173 -5.885304 2.996720 16.897923 2.632382 5.991565 -9.414545 -0.000001 0.000000 -0.000294 -3.371012 10.469005 -0.807640 1.261848 -13.747183 22.865866 2.916440 -8.560847 -9.695709 0.000002 0.000003 -0.000294
2.898468 9.366369 -1.462929 1.135166 -2.360032 -11.901052 0.185969 5.409777 28.150343 -0.000000 0.000006 -12.161666 -0.000000 0.000000 -0.005906 0.000002 -0.000000 5.829911 0.000001 -0.000001 12.605162 -2.440439 -8.762802 30.344646 -0.886050 -4.837754 -3.240457 -14.377969 -6.057090 7.299976 9.741217 1.931235 -14.046300 10.602750 3.820313 1.278449 0.393729 -2.707548 -0.734016 7.953884 -4.595504 -7.231528 -10.781610 -5.291568 -29.881136 -2.491980 -11.632445 -1.907938 1.246842 -13.155965 0.735705 -6.824474 5.000317 16.265106 1.905803 5.333107 -8.639915 0.000004 0.000001 -0.000288 -3.568602 10.746902 -1.979007 1.588375 -13.267793 25.218624 2.335325 -9.023374 -10.747570 -0.000001 0.000005 -0.000296
2.841356 9.355349 -1.468724 0.910253 -2.868534 -11.776044 0.843686 5.921248 28.087181 0.000000 0.000002 -12.161672 0.000001 -0.000001 -0.005902 0.000001 -0.000003 5.829911 0.000002 0.000002 12.605157 -2.755600 -8.502578 30.380699 -0.744637 -4.402638 -3.108650 -14.442601 -5.902720 6.393057 9.904272 1.789419 -14.135309 10.576035 3.885056 1.331761 -0.038652 -2.567011 -0.607507 7.658370 -4.202120 -7.757092 -10.485259 -5.333150 -30.022015 -2.749263 -11.885312 -2.030107 1.947394 -11.995619 -0.104266 -6.562095 3.970093 17.374037 0.977252 5.500529 -8.888541 -0.000002 0.000003 -0.000296 -3.487555 10.591471 -3.271053 2.396621 -12.546101 27.413502 1.660612 -9.480016 -11.518881 0.000002 0.000001 -0.000302
2.793202 9.353376 -1.472600 0.510402 -3.278480 -11.743933 1.837492 6.349351 28.131401 -0.000002 0.000005 -12.161669 0.000004 -0.000003 -0.005904 0.000001 0.000001 5.829918 0.000001 -0.000007 12.605157 -3.068310 -8.500053 30.439808 -0.889220 -4.487560 -3.148628 -14.330456 -5.184674 5.407444 9.825295 1.743103 -14.132784 10.579686 3.999117 1.564403 -0.367477 -2.750495 -0.521311 6.725431 -3.353238 -8.040757 -9.831016 -5.315397 -29.845980 -2.796024 -12.064177 -2.107961 2.544229 -10.155199 -0.650753 -6.184282 2.968266 18.474590 0.845194 4.960036 -9.356614 -0.000002 -0.000001 -0.000293 -3.392847 10.115786 -4.191730 3.371314 -11.987950 29.012161 0.889020 -9.551106 -11.787224 0.000000 0.000001 -0.000289
2.746372 9.358367 -1.465430 0.343093 -3.737944 -11.920857 2.481250 6.756380 28.187414 -0.000001 -0.000000 -12.161670 0.000003 0.000002 -0.005900 -0.000001 -0.000002 5.829913 0.000000 -0.000003 12.605156 -3.151175 -8.493813 30.740002 -0.941971 -4.788755 -3.202887 -14.147332 -4.142518 4.454382 9.492834 1.922981 -14.220022 10.524927 4.268644 1.907575 -0.413912 -2.941177 -0.375785 5.235053 -2.261732 -7.984889 -8.991800 -5.079095 -29.361860 -2.427428 -12.094617 -2.218203 2.515178 -10.990544 -0.267085 -5.528742 4.101802 18.477819 0.696109 4.997945 -9.640259 0.000005 0.000002 -0.000300 -3.455776 10.237524 -4.491936 4.182131 -12.194543 29.922823 -0.144360 -8.869685 -11.583840 0.000001 0.000009 -0.000289
2.698986 9.368705 -1.453607 0.348132 -4.132401 -12.154881 2.779061 6.934398 28.205080 -0.000002 0.000001 -12.161668 0.000002 -0.000001 -0.005906 -0.000001 0.000005 5.829915 0.000002 -0.000005 12.605156 -3.110773 -8.414163 31.145704 -0.906302 -4.948166 -3.302026 -14.001391 -3.402374 3.620879 9.107820 2.515781 -14.453923 10.278491 4.642944 2.175213 -0.352894 -2.942265 -0.313442 3.675791 -1.347636 -7.721792 -8.340951 -4.382967 -28.463217 -1.794420 -11.825880 -2.446327 2.528553 -12.127091 0.422586 -5.334899 4.785919 17.832035 0.409898 5.690821 -9.568512 -0.000000 0.000002 -0.000288 -3.658398 10.648176 -4.537287 5.080588 -12.412365 30.479208 -1.365870 -7.895951 -11.219119 0.000003 0.000002 -0.000290
2.655990 9.382868 -1.441122 0.390322 -4.251110 -12.171132 2.871213 6.815721 27.993778 -0.000001 0.000001 -12.161669 0.000002 -0.000006 -0.005905 0.000001 0.000004 5.829916 -0.000001 0.000000 12.605159 -3.001448 -8.360373 31.430281 -0.879732 -4.999131 -3.383296 -13.883590 -3.359179 2.927580 8.896396 3.522589 -14.883522 9.859244 5.025440 2.249878 -0.285153 -2.892020 -0.357420 2.487787 -0.929224 -7.354056 -8.022770 -3.257025 -27.310606 -1.275990 -11.300321 -2.669733 2.649482 -12.546159 0.876262 -5.383267 4.434993 17.034008 0.243280 6.482428 -9.295334 0.000001 0.000003 -0.000301 -3.930013 10.746510 -4.760283 5.945072 -11.980073 30.802616 -2.092994 -7.077257 -10.691912 0.000003 0.000001 -0.000290
2.617912 9.396234 -1.433173 0.402758 -4.294630 -11.733917 2.821236 6.673446 27.345984 -0.000003 -0.000000 -12.161670 0.000001 0.000002 -0.005903 0.000001 -0.000000 5.829911 0.000002 -0.000004 12.605163 -2.847939 -8.278193 31.441090 -0.839863 -5.020021 -3.456142 -13.663980 -3.804732 2.444378 8.965744 4.459535 -15.513920 9.336559 5.307000 2.150674 -0.165146 -2.871225 -0.433261 1.818992 -0.698694 -6.951032 -8.003228 -2.364668 -26.066139 -1.053170 -10.923233 -2.811482 3.094280 -12.096731 0.786146 -5.477638 4.060093 16.318117 0.273798 6.363547 -8.986788 -0.000001 0.000003 -0.000298 -4.091311 10.416642 -5.432044 6.492372 -10.847468 31.143644 -2.307625 -6.138429 -10.264284 0.000003 0.000006 -0.000298
2.585576 9.408599 -1.428218 0.483770 -4.316972 -11.121233 2.651826 6.632147 26.554680 0.000001 0.000001 -12.161669 0.000000 -0.000004 -0.005902 0.000001 0.000002 5.829916 0.000001 0.000001 12.605157 -2.721591 -8.217440 31.160480 -0.792056 -5.120613 -3.575036 -13.333889 -4.322870 2.169696 9.372179 4.855150 -16.247938 8.895276 5.331067 1.965799 -0.025888 -2.974432 -0.488587 1.570677 -0.612846 -6.509183 -7.949040 -2.106189 -24.938053 -1.188077 -10.918157 -2.774354 3.495900 -11.381415 0.557926 -5.469808 4.111775 15.603798 0.381193 5.557943 -8.694000 0.000004 -0.000002 -0.000294 -4.191385 9.714532 -6.221800 6.713560 -9.069344 31.482059 -2.209128 -5.693024 -10.947526 0.000002 0.000005 -0.000294
2.558843 9.421306 -1.422872 0.626579 -4.321092 -10.650460 2.482882 6.688018 25.929819 -0.000004 -0.000001 -12.161666 0.000005 0.000005 -0.005903 -0.000001 -0.000003 5.829914 0.000000 -0.000006 12.605157 -2.644461 -8.271986 30.713455 -0.780783 -5.369496 -3.718230 -13.010131 -4.610969 2.034256 10.159330 4.631737 -16.987602 8.712561 5.080787 1.748157 0.081827 -3.206465 -0.476325 1.631120 -0.889974 -6.072687 -7.599376 -2.488066 -24.003080 -1.564704 -11.191398 -2.570848 3.554021 -10.848722 0.488994 -5.301698 4.079601 14.948721 0.485863 5.025551 -8.456861 -0.000001 0.000001 -0.000308 -4.351377 9.126328 -6.700210 6.585538 -7.496529 31.695473 -1.499831 -5.524017 -12.053304 0.000001 0.000002 -0.000295
2.535521 9.434946 -1.415543 0.792528 -4.342252 -10.467092 2.330369 6.746475 25.599171 -0.000004 0.000005 -12.161664 0.000004 -0.000006 -0.005905 -0.000001 -0.000003 5.829916 0.000005 -0.000000 12.605160 -2.640028 -8.313103 30.252073 -0.788749 -5.574145 -3.829702 -12.765967 -4.729362 1.993563 11.228855 4.118991 -17.701723 8.761994 4.747347 1.552764 0.164273 -3.388628 -0.446045 1.933930 -1.582949 -5.679782 -7.054098 -3.236415 -23.101334 -2.012651 -11.536633 -2.317692 3.407822 -10.676423 0.725933 -5.108973 3.885791 14.273034 0.549251 5.023432 -8.243929 0.000004 0.000005 -0.000296 -4.525531 9.213773 -6.714449 6.185246 -6.704616 31.562172 -1.312324 -5.492226 -12.642560 -0.000002 0.000002 -0.000301
2.514217 9.446819 -1.406362 0.944818 -4.441607 -10.423415 2.185574 6.783982 25.438307 -0.000004 0.000001 -12.161669 0.000003 0.000001 -0.005905 0.000000 -0.000003 5.829916 0.000004 -0.000004 12.605154 -2.778794 -8.243113 29.817202 -0.801831 -5.592083 -3.886381 -12.560935 -4.797114 2.002125 12.328465 3.768814 -18.393133 8.899727 4.450012 1.393875 0.235398 -3.415037 -0.453722 2.373800 -2.470496 -5.341565 -6.550706 -4.106466 -22.043304 -2.302783 -11.707045 -2.094336 3.247502 -10.727075 1.137405 -4.933053 3.859473 13.598083 0.527110 5.145378 -8.078511 -0.000002 -0.000001 -0.000293 -4.674253 10.135167 -6.421196 5.776950 -6.530592 31.033463 -1.559882 -5.847292 -13.009300 -0.000000 0.000003 -0.000295
2.495613 9.455071 -1.396666 1.057819 -4.563789 -10.333711 2.059772 6.757498 25.248886 -0.000002 0.000007 -12.161670 0.000002 -0.000005 -0.005903 0.000002 -0.000003 5.829914 0.000001 -0.000004 12.605159 -3.180780 -8.114542 29.473249 -0.818393 -5.468739 -3.863393 -12.367804 -4.750594 2.007665 13.228570 3.773960 -19.085903 9.039765 4.279344 1.289349 0.290933 -3.335842 -0.471902 2.859185 -3.348884 -5.044368 -6.247022 -4.898601 -20.797497 -2.403586 -11.627666 -1.911986 3.130467 -10.903537 1.402819 -4.738620 4.130468 13.100187 0.460061 5.132760 -7.961424 -0.000000 -0.000000 -0.000289 -4.652061 11.234714 -6.040761 5.296331 -6.432094 30.220572 -1.705720 -6.342741 -13.056462 0.000000 0.000004 -0.000289
2.480231 9.459175 -1.387889 1.108923 -4.690521 -10.072073 1.989276 6.665532 24.925861 -0.000001 0.000004 -12.161668 0.000000 -0.000010 -0.005904 0.000001 0.000009 5.829916 0.000001 -0.000005 12.605159 -3.844929 -7.987099 29.218323 -0.819854 -5.294637 -3.807272 -12.216050 -4.581166 1.977853 13.846934 4.144805 -19.738380 9.116105 4.294874 1.220616 0.292796 -3.240947 -0.526060 3.331121 -4.063146 -4.696929 -6.096471 -5.543082 -19.544466 -2.481150 -11.565701 -1.724524 3.139250 -10.954294 1.352253 -4.577010 4.324461 12.857399 0.386971 5.095634 -7.940953 0.000003 0.000001 -0.000296 -4.634378 12.062260 -5.618543 4.953736 -5.965972 28.889463 -1.794113 -6.721278 -12.499592 -0.000002 0.000003 -0.000297
2.465735 9.460705 -1.378968 1.043684 -4.839233 -9.710867 2.044825 6.532872 24.485592 -0.000006 0.000005 -12.161666 0.000003 0.000000 -0.005904 0.000001 -0.000006 5.829916 -0.000001 -0.000007 12.605157 -4.622251 -7.892188 29.019722 -0.809767 -5.114160 -3.755914 -12.093008 -4.323503 1.968077 14.201580 4.740541 -20.240974 9.094091 4.378334 1.143795 0.264270 -3.172980 -0.604876 3.705368 -4.559802 -4.187025 -5.946038 -6.133507 -18.420851 -2.605525 -11.631918 -1.534608 3.426184 -10.810472 1.125970 -4.539357 4.395640 12.757747 0.199593 4.996963 -7.942078 0.000003 0.000001 -0.000294 -4.555943 12.710805 -4.870832 4.744066 -5.148918 26.722960 -1.093365 -6.613691 -11.147402 0.000003 0.000004 -0.000293
2.450752 9.461780 -1.367627 0.866596 -4.952740 -9.472860 2.180007 6.280793 24.079308 -0.000004 -0.000000 -12.161670 0.000001 0.000002 -0.005901 0.000002 -0.000005 5.829916 0.000001 -0.000000 12.605161 -5.329772 -7.788266 28.932337 -0.773725 -4.910204 -3.702155 -11.948277 -3.966501 1.974249 14.340585 5.303451 -20.461430 9.045627 4.435217 1.059864 0.264982 -3.101958 -0.678096 3.908157 -4.942111 -3.513856 -5.689975 -6.595013 -17.378763 -2.456464 -11.588366 -1.557865 3.832032 -10.796040 1.077598 -4.538926 4.677117 12.624375 -0.053560 4.756124 -7.949125 -0.000002 0.000001 -0.000283 -4.103364 13.293896 -3.707966 4.061788 -4.538517 24.249388 2.016484 -6.507313 -10.810740 0.000001 0.000004 -0.000296
2.435778 9.468261 -1.353143 0.707733 -4.862813 -9.583948 2.208316 5.925634 23.936026 -0.000003 0.000005 -12.161666 0.000004 -0.000001 -0.005904 0.000000 -0.000002 5.829916 0.000001 -0.000005 12.605156 -5.783689 -7.765967 29.051138 -0.613086 -4.903921 -3.615544 -11.763839 -3.521695 1.875958 14.313900 5.662935 -20.289169 9.061676 4.540450 1.025750 0.342685 -3.111990 -0.673806 3.984307 -5.290514 -2.854961 -5.400482 -6.571635 -16.359392 -1.748748 -11.312099 -1.951261 4.058045 -10.943357 1.476367 -4.536282 4.920759 12.401262 -0.230085 4.501768 -7.943828 -0.000001 -0.000000 -0.000285 -3.406969 13.369517 -2.340708 3.555067 -5.000989 22.703043 1.882312 -6.031971 -10.855419 -0.000000 0.000007 -0.000288
2.423050 9.479836 -1.341368 0.854223 -4.480571 -9.646379 1.858575 5.536419 23.743618 -0.000006 0.000005 -12.161668 0.000002 -0.000006 -0.005903 0.000001 -0.000001 5.829914 0.000001 -0.000001 12.605160 -5.954339 -7.932636 29.134323 -0.392171 -5.225277 -3.548384 -11.447689 -3.112848 1.596184 14.020348 5.832715 -19.613459 9.126556 4.704360 1.055587 0.392339 -3.256794 -0.641773 4.031576 -5.471481 -2.338129 -5.002606 -6.172386 -15.342950 -1.061449 -11.086266 -2.011300 3.929779 -11.000022 1.852417 -4.529536 4.955163 12.117301 -0.383652 4.138937 -7.881676 0.000000 -0.000001 -0.000287 -3.308988 12.772776 -1.898222 3.366805 -5.333201 21.944637 1.452781 -5.547091 -10.115862 0.000000 0.000005 -0.000280
2.412179 9.493532 -1.334781 1.173604 -3.869332 -9.353617 1.260941 5.029386 23.285055 -0.000004 -0.000001 -12.161666 0.000005 0.000001 -0.005905 -0.000003 -0.000002 5.829915 0.000004 -0.000002 12.605154 -6.004797 -8.125408 28.919144 -0.304837 -5.505918 -3.573035 -10.754011 -3.120325 1.330594 13.260808 6.041022 -18.561352 9.074713 4.901594 1.149282 0.452384 -3.422644 -0.695747 4.019693 -5.336570 -1.943835 -4.492662 -5.649794 -14.221116 -1.090489 -10.553042 -1.823605 3.695319 -10.890258 1.772335 -4.537402 4.616358 11.899193 -0.591133 3.819901 -7.774375 0.000001 -0.000000 -0.000288 -3.896306 11.343650 -2.619267 3.294186 -4.749202 22.442694 1.323660 -5.284579 -9.821893 -0.000001 0.000004 -0.000299
2.400898 9.505518 -1.330657 1.404019 -3.108398 -8.828158 0.662579 4.580557 22.626017 0.000001 -0.000001 -12.161664 0.000002 0.000003 -0.005904 0.000000 -0.000005 5.829913 0.000003 0.000001 12.605158 -5.960162 -8.344424 28.408773 -0.218778 -5.711719 -3.647387 -9.744493 -3.553185 1.345357 12.121953 6.287447 -17.482195 8.654301 5.249070 1.191216 0.631335 -3.679090 -0.764940 4.015870 -5.120631 -1.625529 -4.090418 -4.757181 -13.129830 -1.478586 -10.531407 -1.499054 3.591287 -10.865107 1.429066 -4.567814 4.068032 11.696741 -0.850576 3.645850 -7.654942 0.000000 0.000003 -0.000298 -4.131943 9.476702 -3.572778 3.255604 -3.558146 22.957012 1.079480 -5.460617 -9.540257 -0.000002 0.000006 -0.000293
2.388377 9.514857 -1.323717 1.490444 -2.621897 -8.441850 0.330351 4.504678 22.111561 -0.000000 0.000004 -12.161666 0.000001 -0.000008 -0.005904 0.000001 0.000005 5.829916 -0.000000 -0.000001 12.605160 -5.934764 -8.577173 27.758217 -0.164014 -5.782167 -3.710995 -8.724937 -4.056395 1.653480 10.992251 6.302267 -16.582516 7.551372 5.832661 1.005403 0.754449 -3.950396 -0.843780 4.067161 -4.982478 -1.338218 -3.574021 -4.243379 -12.204815 -1.928494 -10.767146 -1.129670 3.586361 -10.697325 1.272371 -4.541591 3.598258 11.451992 -1.137972 3.490213 -7.510644 0.000002 0.000004 -0.000305 -4.334066 9.022476 -3.946908 3.324999 -3.059128 22.972382 1.167274 -5.981981 -9.435802 0.000004 0.000004 -0.000295
2.375616 9.512344 -1.304775 1.380496 -2.596370 -8.607094 0.347889 4.795310 22.090502 -0.000001 0.000008 -12.161669 0.000002 -0.000006 -0.005905 0.000001 -0.000001 5.829916 0.000000 -0.000005 12.605158 -5.905445 -8.702662 27.087414 -0.108768 -5.651953 -3.628338 -7.938103 -4.365479 2.019429 10.156896 6.042365 -15.803873 5.696831 6.527082 0.652728 0.785630 -4.013755 -0.869576 4.175209 -5.054352 -1.170461 -2.897650 -4.408373 -11.392435 -2.141083 -11.015892 -0.858479 3.660742 -10.352162 1.716434 -4.461829 3.297547 11.177556 -1.326739 3.378707 -7.416637 -0.000002 -0.000001 -0.000299 -4.002879 10.571836 -3.392260 3.212646 -3.535604 22.505726 1.536040 -6.986927 -9.419077 0.000003 0.000004 -0.000290
2.363931 9.517958 -1.286446 1.204413 -2.713633 -8.948537 0.508862 5.228559 22.207115 -0.000003 0.000004 -12.161671 0.000002 -0.000004 -0.005905 -0.000001 0.000000 5.829919 0.000002 -0.000000 12.605154 -5.811787 -8.800649 26.236000 -0.013017 -5.504096 -3.399508 -7.429081 -4.488667 2.251256 9.639737 5.837008 -15.051958 2.952380 7.291198 0.518737 0.763103 -3.987998 -0.894539 4.354023 -5.335322 -1.087880 -2.235395 -4.959218 -10.729122 -2.163587 -11.166661 -0.663598 3.754638 -10.158096 2.341930 -4.372226 3.102189 10.863605 -1.455204 3.427094 -7.335811 0.000000 0.000001 -0.000296 -3.396065 12.876163 -2.550962 2.956803 -4.681413 21.859531 1.890422 -7.955671 -9.423245 0.000002 0.000004 -0.000296
2.355573 9.520287 -1.268482 1.068852 -2.749960 -9.045543 0.612195 5.516280 22.004539 0.000002 -0.000002 -12.161670 0.000001 0.000003 -0.005903 -0.000002 -0.000001 5.829916 0.000003 -0.000006 12.605162 -5.705199 -8.783889 25.160101 0.095151 -5.286850 -3.096885 -7.101948 -4.470329 2.388555 9.189913 6.183583 -14.301870 -0.547110 7.974171 0.472696 0.726611 -3.852449 -0.900764 4.566024 -5.530036 -1.019612 -1.800675 -5.541859 -10.254645 -2.078235 -11.440488 -0.499063 3.797244 -10.181774 2.742266 -4.253143 2.978528 10.520260 -1.564448 3.559003 -7.276752 0.000006 0.000002 -0.000298 -3.019476 14.722473 -2.016982 2.662455 -6.301249 21.302864 2.054730 -8.112390 -9.430607 -0.000002 0.000004 -0.000282
2.352075 9.522049 -1.251937 1.083811 -2.486360 -8.833138 0.494719 5.470829 21.444868 -0.000001 -0.000000 -12.161667 0.000002 -0.000004 -0.005906 0.000000 0.000001 5.829917 0.000000 -0.000002 12.605155 -5.589711 -8.666029 23.893719 0.191071 -5.111418 -2.839981 -6.833713 -4.205725 2.473820 8.612873 7.011810 -13.443051 -4.211292 8.557171 0.117507 0.706991 -3.694585 -0.886514 4.708582 -5.323413 -0.909264 -1.579465 -6.037200 -9.984204 -2.039227 -11.740367 -0.314106 3.668903 -10.569212 2.827650 -4.132596 2.923286 10.197587 -1.641094 3.738984 -7.244985 0.000000 0.000003 -0.000301 -2.930407 15.238944 -1.936187 2.328960 -7.255800 20.902035 2.106434 -7.907872 -9.344788 0.000001 0.000004 -0.000300
2.351754 9.526215 -1.236465 1.216030 -1.951356 -8.489408 0.186233 5.182911 20.766808 -0.000002 0.000007 -12.161665 -0.000001 -0.000006 -0.005903 0.000003 0.000006 5.829914 0.000002 -0.000004 12.605160 -5.432893 -8.485238 22.485350 0.288161 -5.033522 -2.725859 -6.529380 -3.787572 2.583835 7.905575 8.019548 -12.505459 -7.436066 8.918221 -0.330591 0.743167 -3.640817 -0.889294 4.759510 -4.693860 -0.717440 -1.548532 -6.301480 -9.877298 -2.051999 -11.836473 -0.124922 3.438490 -11.237897 2.725617 -4.064068 2.796455 9.959704 -1.697560 4.033420 -7.240532 0.000002 -0.000000 -0.000293 -3.139778 14.302189 -2.082114 2.177979 -7.019591 20.541019 2.123323 -7.724013 -9.176112 0.000004 0.000004 -0.000293
2.350119 9.533819 -1.221377 1.318446 -1.481879 -8.319475 -0.093927 5.003314 20.327265 -0.000001 -0.000002 -12.161667 0.000002 -0.000001 -0.005905 0.000001 0.000003 5.829916 -0.000001 -0.000003 12.605156 -5.139209 -8.306130 20.885094 0.349424 -5.071427 -2.727037 -6.152015 -3.407339 2.799101 7.198341 8.523567 -11.718554 -9.714688 8.004713 -0.365411 0.848681 -3.716219 -0.944871 4.767785 -3.923097 -0.428537 -1.710653 -6.200117 -9.912878 -2.062855 -11.684546 0.033937 3.241786 -11.805561 2.671259 -4.035558 2.599730 9.912722 -1.774983 4.353884 -7.270562 -0.000002 0.000002 -0.000296 -3.297455 12.853253 -2.045774 2.131418 -6.130280 20.058723 2.115838 -7.609622 -8.885477 0.000001 0.000000 -0.000289
2.347921 9.541940 -1.205485 1.359415 -1.184877 -8.374500 -0.297817 5.027771 20.161720 0.000000 -0.000000 -12.161667 0.000003 -0.000004 -0.005903 -0.000000 0.000003 5.829912 0.000001 -0.000004 12.605162 -4.691607 -8.164698 19.120781 0.367268 -5.120500 -2.756206 -5.727640 -3.354543 3.167131 6.855275 7.543370 -11.199841 -11.451275 6.826069 -0.204359 0.984525 -3.851739 -1.036900 4.794241 -3.386333 -0.067797 -1.981429 -5.739326 -10.092746 -2.097013 -11.411020 0.171013 3.019297 -12.121452 2.829782 -3.952078 2.408189 9.980360 -1.860107 4.573228 -7.353487 0.000001 0.000004 -0.000291 -3.435107 11.669818 -1.624613 2.197829 -5.513327 19.239979 1.989735 -7.285686 -8.550926 0.000002 0.000001 -0.000289
2.346767 9.547256 -1.188580 1.389640 -0.913469 -8.475883 -0.507604 5.080548 20.026539 -0.000005 0.000005 -12.161664 0.000003 0.000001 -0.005905 0.000001 -0.000002 5.829915 0.000000 -0.000002 12.605161 -4.163634 -8.044668 17.334820 0.364496 -5.163696 -2.737296 -5.385320 -3.854528 3.631211 6.934642 6.009144 -11.004106 -13.053390 6.635652 -0.114262 1.114781 -3.967838 -1.106049 4.828955 -3.228020 0.273969 -2.234656 -5.144735 -10.364400 -2.202569 -11.096093 0.347608 2.975893 -12.138260 2.998929 -4.040106 2.068954 10.137925 -1.934128 4.659356 -7.477838 0.000001 0.000001 -0.000295 -3.661142 11.181634 -0.903780 2.307173 -5.870210 18.059656 1.838993 -6.615330 -8.288625 -0.000001 0.000003 -0.000286
2.346769 9.549290 -1.172247 1.436648 -0.606520 -8.463307 -0.731077 5.112717 19.746510 0.000000 0.000003 -12.161667 0.000002 -0.000000 -0.005904 -0.000001 -0.000003 5.829913 0.000004 -0.000002 12.605163 -3.664636 -7.944032 15.619012 0.345329 -5.255345 -2.668928 -5.261714 -4.857467 4.025599 7.125307 5.363570 -10.919891 -14.084792 6.816095 -0.188876 1.194052 -4.079205 -1.143722 4.889080 -3.359101 0.540487 -2.428737 -4.702818 -10.676135 -2.355979 -10.850227 0.565712 3.062558 -11.785361 2.939515 -4.243077 1.489882 10.472902 -1.979042 4.591116 -7.657468 0.000002 -0.000000 -0.000298 -3.961067 11.077990 -0.221831 2.406573 -6.702730 16.774326 1.702825 -5.847955 -8.169683 -0.000002 0.000005 -0.000291
2.346902 9.550940 -1.158656 1.507608 -0.237985 -8.383635 -0.981934 5.076765 19.304842 -0.000003 0.000000 -12.161665 0.000002 -0.000005 -0.005905 0.000002 0.000009 5.829916 0.000003 -0.000003 12.605159 -3.220775 -7.807780 14.034142 0.332625 -5.397770 -2.567527 -5.336477 -5.849810 4.350179 7.265140 5.756391 -10.828355 -14.554782 6.959056 -0.291698 1.236121 -4.195027 -1.098415 5.009784 -3.549257 0.736130 -2.602551 -4.593190 -10.996713 -2.511100 -10.754824 0.815996 3.097093 -11.407863 2.737251 -4.407338 1.044562 10.944683 -2.014773 4.321151 -7.843841 0.000001 -0.000000 -0.000294 -4.141144 10.023504 0.007619 2.409192 -6.103817 15.995424 1.492879 -5.508632 -8.266728 0.000004 0.000002 -0.000291
2.346625 9.553718 -1.147916 1.593789 0.193218 -8.237116 -1.262718 5.010279 18.801300 -0.000001 -0.000000 -12.161667 0.000002 -0.000001 -0.005904 -0.000002 -0.000000 5.829914 0.000004 -0.000003 12.605161 -2.739858 -7.690084 12.442782 0.364317 -5.618519 -2.542461 -5.522537 -6.360562 4.652120 7.358313 6.627661 -10.789858 -14.690470 7.162545 -0.329295 1.276443 -4.383491 -1.090641 5.177034 -3.588704 0.913300 -2.775858 -4.784768 -11.304080 -2.666055 -10.805432 1.104950 3.069532 -11.206817 2.384840 -4.523410 0.794072 11.530569 -2.019726 3.976858 -8.041929 0.000001 0.000000 -0.000295 -4.255370 8.674026 0.131816 2.455113 -4.719333 15.419612 1.184439 -5.672830 -8.808312 0.000001 0.000004 -0.000287
2.345165 9.556498 -1.139563 1.703135 0.699938 -8.037433 -1.622869 4.696443 18.316618 -0.000000 0.000006 -12.161667 -0.000001 -0.000006 -0.005904 0.000003 0.000002 5.829916 0.000000 0.000001 12.605154 -2.288773 -7.419910 10.745602 0.408268 -5.733548 -2.577855 -5.711056 -6.333187 4.916590 7.429522 7.493220 -10.831486 -14.558456 7.411930 -0.290178 1.325620 -4.447682 -1.139933 5.315626 -3.390838 1.094683 -2.931215 -5.085224 -11.593926 -2.810378 -10.901701 1.421142 2.994672 -11.113026 1.845537 -4.625008 0.640502 12.329619 -1.968216 3.586148 -8.273768 0.000006 0.000002 -0.000290 -4.248025 7.983204 0.196070 2.268564 -4.265222 14.979023 1.007025 -5.708758 -9.486727 0.000002 0.000007 -0.000292
2.342882 9.557103 -1.133487 1.759050 1.203683 -7.798968 -1.952659 4.214033 17.855951 -0.000001 0.000009 -12.161662 -0.000001 -0.000010 -0.005905 0.000001 -0.000000 5.829915 0.000004 -0.000003 12.605160 -1.909289 -7.009754 8.992931 0.425374 -5.697272 -2.608702 -5.821669 -6.143203 5.155379 7.461599 8.206753 -10.944976 -14.013899 7.468991 -0.148282 1.394895 -4.426825 -1.182038 5.364663 -2.933838 1.294207 -3.083013 -5.309909 -11.865959 -2.875187 -10.960628 1.698395 2.970570 -11.012211 1.106534 -4.724380 0.641168 13.359751 -1.815294 3.077702 -8.440652 0.000002 0.000006 -0.000300 -4.202791 7.648908 0.214318 2.005377 -4.533062 14.540582 0.870475 -5.429358 -9.963918 -0.000001 0.000001 -0.000297
2.339610 9.555640 -1.128023 1.659068 1.481959 -7.638756 -2.041810 3.776715 17.519293 -0.000003 0.000004 -12.161669 0.000003 -0.000002 -0.005903 -0.000002 -0.000000 5.829916 0.000006 -0.000000 12.605154 -1.625764 -6.476284 7.259644 0.388825 -5.495666 -2.638503 -5.872261 -6.018473 5.381759 7.495879 8.615011 -11.058264 -13.163348 7.364557 0.073796 1.412123 -4.302534 -1.216370 5.333558 -2.408800 1.537819 -3.241518 -5.307474 -12.102582 -2.848414 -10.879532 1.869017 3.133855 -10.821621 0.299936 -4.870472 0.966317 14.651422 -1.562971 2.474906 -8.686970 0.000003 0.000006 -0.000300 -4.050391 7.407155 0.215436 1.831313 -4.800049 14.199973 0.776341 -5.195259 -10.040133 0.000001 0.000002 -0.000296
2.337186 9.552952 -1.122893 1.503729 1.677681 -7.568143 -1.987397 3.350785 17.411863 -0.000001 0.000004 -12.161668 0.000001 -0.000008 -0.005904 0.000001 -0.000002 5.829911 0.000002 -0.000002 12.605162 -1.423895 -5.917044 5.469615 0.326349 -5.257897 -2.766778 -5.876943 -5.958000 5.552562 7.555431 8.695747 -11.103653 -12.188377 7.196985 0.407272 1.366627 -4.170383 -1.382281 5.258866 -2.015092 1.830098 -3.390751 -5.002811 -12.261829 -2.751208 -10.667512 1.938618 3.579510 -10.385893 -0.564835 -5.297647 1.016537 16.127123 -1.409538 2.525010 -8.828956 -0.000001 0.000001 -0.000295 -3.915024 6.941779 0.239228 1.736564 -4.865417 13.876060 0.789689 -4.945383 -9.519986 -0.000001 0.000006 -0.000303
2.333762 9.547983 -1.118163 1.451125 1.804718 -7.457509 -1.934065 3.052262 17.305752 -0.000003 0.000009 -12.161667 0.000001 -0.000007 -0.005905 0.000000 0.000003 5.829913 0.000003 -0.000004 12.605163 -1.352903 -5.442442 3.730277 0.238151 -5.110495 -2.877327 -5.864301 -5.945928 5.609724 7.610564 8.628356 -11.036869 -11.140936 7.056424 0.827140 1.259294 -4.142980 -1.530412 5.157128 -1.859815 2.072397 -3.486976 -4.458586 -12.328028 -2.655537 -10.374959 1.977638 4.096789 -9.629894 -1.482630 -5.883715 0.095400 17.484772 -1.310696 2.914672 -8.735935 0.000001 -0.000000 -0.000296 -3.909974 6.424789 0.190000 1.701125 -4.692266 13.659069 0.835229 -4.805226 -9.056669 0.000001 0.000003 -0.000298
2.328289 9.542835 -1.112236 1.510298 1.812142 -7.344701 -1.902264 2.997355 17.231186 -0.000002 -0.000002 -12.161666 0.000001 0.000004 -0.005903 0.000001 -0.000005 5.829912 0.000001 -0.000000 12.605165 -1.393187 -5.088343 2.068500 0.192557 -5.069643 -2.996897 -5.868021 -5.950627 5.585011 7.573511 8.596551 -10.895004 -10.117288 7.106410 1.300076 1.130414 -4.240851 -1.644982 5.045151 -1.911022 2.214687 -3.497960 -3.901334 -12.300939 -2.599824 -10.065106 2.053290 4.161211 -9.408952 -2.144429 -6.130267 -0.675934 18.423391 -1.308303 3.595848 -8.672430 0.000002 -0.000003 -0.000284 -3.988049 6.450506 0.115777 1.717179 -4.591915 13.503797 0.898013 -5.012201 -8.486017 0.000001 0.000005 -0.000286
2.325128 9.539123 -1.102569 1.682881 1.934140 -7.252396 -1.937747 3.003924 17.224297 -0.000002 0.000001 -12.161668 0.000003 -0.000003 -0.005906 0.000001 0.000004 5.829916 -0.000000 -0.000007 12.605162 -1.493243 -4.898890 0.471627 0.170519 -5.129206 -3.130124 -5.827281 -5.938097 5.516347 7.436681 8.597130 -10.745110 -9.289841 7.190612 1.790872 1.039400 -4.477695 -1.821360 4.868247 -2.070144 2.313085 -3.381836 -3.533879 -12.191745 -2.591278 -9.851737 2.193268 3.706627 -10.335241 -2.320401 -5.899999 -0.187769 18.617815 -1.343768 3.960119 -8.782803 -0.000000 0.000001 -0.000291 -4.145779 6.982771 0.184050 1.735174 -4.650208 13.224633 1.150513 -5.650457 -7.661294 0.000002 0.000000 -0.000292
2.320894 9.537605 -1.088079 1.919296 2.215570 -7.313549 -2.042380 2.969697 17.353582 -0.000003 0.000006 -12.161668 0.000003 -0.000003 -0.005904 -0.000001 -0.000004 5.829915 0.000002 0.000000 12.605159 -1.561945 -4.824464 -0.981762 0.162168 -5.183702 -3.238966 -5.719914 -5.864367 5.456673 7.276629 8.567592 -10.614810 -8.864552 7.186959 2.184407 1.036488 -4.768572 -2.067826 4.535954 -2.282813 2.433524 -3.103688 -3.370258 -12.034316 -2.612927 -9.827068 2.385483 3.450712 -11.424933 -1.979722 -5.869628 0.683686 18.173252 -1.437800 3.887832 -9.023392 0.000001 0.000001 -0.000282 -4.286577 7.507567 0.434875 1.661541 -4.781086 13.026508 1.594812 -6.324226 -7.058536 0.000004 0.000001 -0.000302
2.310723 9.535295 -1.069752 2.066969 2.288501 -7.392665 -2.024044 3.135764 17.397438 -0.000002 0.000000 -12.161666 0.000003 -0.000003 -0.005905 -0.000000 0.000004 5.829914 0.000004 -0.000009 12.605159 -1.609718 -4.788998 -2.143970 0.153688 -5.132633 -3.359127 -5.610251 -5.687655 5.497985 7.136977 8.479692 -10.492676 -8.703631 7.060292 2.397289 1.035610 -5.014652 -2.356613 4.146944 -2.604286 2.584825 -2.767147 -3.236477 -11.834719 -2.703128 -9.929517 2.607735 3.365047 -11.735995 -1.331211 -5.888381 1.282030 17.324821 -1.514483 3.524934 -9.405289 0.000001 -0.000000 -0.000289 -4.337132 7.995113 0.752966 1.602943 -4.887729 12.813655 1.888865 -6.771925 -6.735692 0.000002 0.000005 -0.000304
2.299575 9.531611 -1.049863 2.187963 2.169584 -7.335366 -1.908043 3.476124 17.181343 -0.000005 0.000006 -12.161669 0.000003 -0.000003 -0.005902 0.000001 0.000003 5.829913 -0.000000 -0.000006 12.605159 -1.700474 -4.798115 -2.961958 0.126583 -5.016963 -3.422957 -5.535167 -5.459208 5.544106 7.016689 8.345972 -10.327775 -8.597019 6.915667 2.457269 0.916131 -5.231013 -2.642482 3.882988 -2.989116 2.751067 -2.538560 -3.017948 -11.626807 -2.918708 -10.032138 2.823064 3.186454 -11.506869 -0.620734 -5.722335 1.663298 16.212063 -1.583290 3.021964 -9.708449 -0.000000 0.000003 -0.000294 -4.377666 8.296502 0.968084 1.539083 -4.837872 12.573637 2.061822 -7.013789 -6.548070 -0.000001 0.000000 -0.000294
2.290648 9.529176 -1.029857 2.312027 1.913963 -7.180800 -1.749112 3.957060 16.666584 -0.000004 0.000002 -12.161665 0.000003 -0.000007 -0.005904 -0.000001 -0.000001 5.829916 0.000003 0.000000 12.605161 -1.807097 -4.854445 -3.363755 0.100650 -4.885427 -3.330481 -5.516626 -5.309106 5.567226 6.902906 8.285128 -10.076712 -8.497916 6.791203 2.407363 0.757239 -5.385939 -2.741598 3.774981 -3.283346 2.946282 -2.589601 -2.791477 -11.513760 -3.086326 -10.094174 2.895218 3.003448 -10.800558 -0.043113 -5.520422 1.527852 15.093016 -1.709797 2.661918 -9.674493 0.000002 0.000003 -0.000294 -4.425502 8.592793 1.112226 1.499432 -4.733674 12.293934 2.139911 -7.171408 -6.362940 0.000003 0.000005 -0.000297
2.294175 9.529433 -1.021857 2.443871 1.576429 -6.969742 -1.636906 4.463383 15.973890 0.000000 0.000003 -12.161665 0.000000 -0.000001 -0.005905 0.000002 -0.000000 5.829914 0.000001 -0.000001 12.605163 -1.910460 -4.890616 -3.541871 0.134547 -4.752816 -3.136638 -5.542808 -5.154216 5.526202 6.780059 8.297904 -9.714307 -8.305260 6.620747 2.277865 0.611461 -5.404877 -2.700115 3.632496 -3.341725 3.136884 -2.691180 -2.637035 -11.396780 -3.177344 -10.081717 2.716050 2.787639 -9.647783 0.241048 -5.303775 0.550642 14.377736 -1.870533 2.811115 -9.634092 -0.000002 0.000003 -0.000302 -4.464740 9.068732 1.135931 1.497440 -4.706359 12.131874 2.109396 -7.344387 -6.247525 0.000001 0.000007 -0.000293
2.294054 9.533805 -1.008145 2.627388 1.300039 -6.689384 -1.599779 4.874669 15.246156 -0.000004 0.000003 -12.161664 0.000003 -0.000006 -0.005905 -0.000002 -0.000000 5.829916 0.000005 -0.000005 12.605158 -2.039524 -4.962440 -3.744570 0.163969 -4.621914 -2.950395 -5.541997 -4.979432 5.411519 6.613243 8.277197 -9.280719 -7.924697 6.353578 2.181965 0.490806 -5.384676 -2.663939 3.437002 -3.131006 3.340665 -2.742031 -2.542065 -11.249746 -3.263643 -10.068998 2.453332 2.538166 -8.892044 0.196370 -5.118099 -0.155530 13.923264 -1.986638 3.063345 -9.527298 -0.000001 -0.000004 -0.000304 -4.564869 9.705960 0.898423 1.520125 -4.804907 12.273752 2.091390 -7.616020 -6.219451 -0.000001 0.000002 -0.000291
2.296387 9.539757 -0.997123 2.853783 1.175734 -6.404575 -1.603441 5.101409 14.584447 -0.000002 -0.000003 -12.161666 0.000005 0.000003 -0.005903 0.000001 -0.000000 5.829916 -0.000002 -0.000009 12.605154 -2.180385 -5.069765 -4.002633 0.116352 -4.468810 -2.791542 -5.497248 -4.803044 5.259080 6.401015 8.188279 -8.840858 -7.328510 6.019455 2.141995 0.426682 -5.339943 -2.626373 3.165599 -2.791172 3.530493 -2.703873 -2.479937 -11.060514 -3.322776 -10.123047 2.202384 2.263993 -8.726792 0.153343 -4.922925 -0.243488 13.440474 -2.071960 3.128854 -9.403996 0.000001 0.000002 -0.000285 -4.793945 10.322787 0.417130 1.635902 -4.906571 12.785668 2.057000 -8.010083 -6.321864 -0.000002 0.000004 -0.000288
2.297819 9.544600 -0.989558 3.018836 1.094895 -6.100817 -1.529978 5.355752 13.982141 -0.000001 -0.000001 -12.161666 0.000001 -0.000003 -0.005903 0.000001 0.000003 5.829916 0.000001 -0.000003 12.605155 -2.297554 -5.300089 -4.295157 0.045501 -4.415685 -2.676846 -5.453719 -4.652725 5.137537 6.148384 8.075316 -8.488119 -6.660512 5.699564 2.100489 0.400738 -5.385656 -2.565257 2.807061 -2.410354 3.673143 -2.539893 -2.396762 -10.812909 -3.282859 -10.141274 2.050820 1.999651 -8.956674 0.152845 -4.691035 -0.125853 12.884113 -2.142591 3.330009 -9.287908 0.000004 0.000002 -0.000288 -5.092623 10.623358 -0.305819 1.852611 -4.774272 13.555960 1.984915 -8.349187 -6.422012 0.000004 0.000004 -0.000297
2.295937 9.548246 -0.984153 3.111651 1.010247 -5.887728 -1.387281 5.665584 13.529757 -0.000000 0.000005 -12.161664 -0.000001 -0.000004 -0.005905 0.000000 -0.000004 5.829915 0.000005 0.000001 12.605162 -2.350319 -5.602803 -4.595122 0.006248 -4.429746 -2.562203 -5.450406 -4.565804 5.030127 5.905430 7.981170 -8.256960 -6.088002 5.308630 1.970486 0.389617 -5.488716 -2.498835 2.419264 -2.163723 3.797413 -2.318228 -2.051863 -10.513808 -3.128557 -9.831065 1.993830 1.919132 -9.519554 0.245041 -4.587991 0.221232 12.289829 -2.221021 3.620901 -9.161645 0.000002 -0.000000 -0.000302 -5.282827 10.781970 -0.993213 1.985107 -4.482725 14.390208 1.940031 -8.619619 -6.494159 0.000002 0.000003 -0.000290
2.289960 9.552515 -0.978034 3.127029 0.982296 -5.922043 -1.206872 5.881825 13.387930 -0.000003 -0.000002 -12.161666 0.000002 -0.000002 -0.005903 0.000000 0.000000 5.829915 -0.000001 0.000002 12.605157 -2.310343 -5.882578 -4.920400 0.034564 -4.425308 -2.455678 -5.533047 -4.487863 4.909185 5.804286 7.676702 -8.101964 -5.585856 4.905640 1.696064 0.395559 -5.546684 -2.457429 2.074081 -2.140493 3.889181 -2.102504 -1.397662 -10.191172 -2.885488 -9.411954 1.932023 2.073608 -10.425538 0.696138 -4.691185 0.873495 11.505534 -2.268547 3.861515 -8.977518 0.000001 0.000004 -0.000300 -5.260767 11.028781 -1.311363 2.016771 -4.107697 14.983880 1.948475 -8.992599 -6.451783 0.000001 0.000007 -0.000299
2.282911 9.557112 -0.970110 3.069796 0.979520 -6.101044 -1.001158 6.011307 13.358460 -0.000003 0.000002 -12.161668 0.000003 0.000001 -0.005906 0.000001 -0.000007 5.829915 -0.000002 0.000003 12.605160 -2.190682 -6.139070 -5.168821 0.097799 -4.404053 -2.332299 -5.672265 -4.349169 4.819853 5.812447 7.229085 -8.022467 -4.682766 4.832149 1.431078 0.355313 -5.563873 -2.388461 1.864112 -2.185934 3.963192 -1.841197 -0.975332 -9.913439 -2.739988 -9.132344 1.912865 2.094833 -10.978008 1.291645 -4.615070 1.196518 10.774016 -2.311537 4.044812 -8.740648 0.000003 0.000001 -0.000293 -5.178153 11.528147 -1.150034 2.102759 -3.906150 15.031833 1.991661 -9.373114 -6.360641 -0.000001 0.000005 -0.000296
2.276996 9.559997 -0.962407 2.993343 0.975137 -6.134967 -0.810083 6.110750 13.206801 -0.000001 0.000001 -12.161665 0.000002 0.000003 -0.005906 0.000000 -0.000001 5.829918 0.000001 -0.000003 12.605161 -2.012638 -6.428193 -5.339518 0.129892 -4.429440 -2.286154 -5.799199 -4.156432 4.744307 5.815631 6.963718 -7.910347 -3.479444 4.756428 1.279836 0.348924 -5.648818 -2.321526 1.775777 -1.956716 3.993609 -1.500322 -1.479496 -9.793928 -2.678135 -9.318410 2.002085 2.118691 -10.837095 1.705436 -4.471611 0.852555 10.133636 -2.368993 4.212065 -8.463444 -0.000002 0.000002 -0.000290 -5.025843 12.351459 -0.825141 2.114831 -4.257254 14.631561 2.079833 -9.742636 -6.367559 0.000001 0.000006 -0.000287
